,date,time,ans,InputID,lv,asg,stp,ope1,slot,card,slot1,slot2,slot3,session,check,jdg,C.S,ST.S,N.S,SS.S,O.S,validity,trial,amount,sentence,type0,type2,formula_order,story,type,story_st,relation_st,formula_st,q,counts,strategy
4,2017/10/30,14:32:56,321,31710071,1,1,3,CHECK,0,0,1,2,3,1509341558,1,s,1,1,1,1,1,5,1,,,,,,,,,,F*,1_1,15,F*
10,2017/10/30,14:33:11,321,31710071,1,2,3,CHECK,0,0,1,2,3,1509341576,1,s,1,1,1,1,1,5,1,,,,,,,,,,F*,1_2,15,F*
16,2017/10/30,14:33:26,321,31710071,1,3,3,CHECK,0,0,1,2,3,1509341592,1,s,1,1,1,1,1,5,1,,,,,,,,,,F*,1_3,15,F*
22,2017/10/30,14:33:40,321,31710071,1,4,3,CHECK,0,0,1,2,3,1509341606,1,s,1,1,1,1,1,5,1,,,,,,,,,,F*,1_4,15,F*
28,2017/10/30,14:33:51,321,31710071,1,5,3,CHECK,0,0,1,2,3,1509341620,1,s,1,1,1,1,1,5,1,,,,,,,,,,F*,1_5,15,F*
34,2017/10/30,14:34:27,321,31710071,2,1,3,CHECK,0,0,1,2,3,1509341636,1,s,1,1,1,1,1,5,1,,,,,,,,,,F*,2_1,15,F*
40,2017/10/30,14:34:42,321,31710071,2,2,3,CHECK,0,0,1,2,3,1509341667,1,s,1,1,1,1,1,5,1,,,,,,,,,,F*,2_2,15,F*
46,2017/10/30,14:34:55,321,31710071,2,3,3,CHECK,0,0,1,2,3,1509341683,1,s,1,1,1,1,1,5,1,,,,,,,,,,F*,2_3,15,F*
52,2017/10/30,14:35:07,321,31710071,2,4,3,CHECK,0,0,1,2,3,1509341695,1,s,1,1,1,1,1,5,1,,,,,,,,,,F*,2_4,15,F*
58,2017/10/30,14:35:23,321,31710071,2,5,3,CHECK,0,0,1,2,3,1509341707,1,s,1,1,1,1,1,5,1,,,,,,,,,,,2_5,15,n
79,2017/10/30,14:38:40,321,31710071,3,1,15,CHECK,0,0,1,2,3,1509341777,4,s,1,1,1,1,1,5,1,,,,,,,,,r,,3_1,15,r
85,2017/10/30,14:38:54,321,31710071,3,2,3,CHECK,0,0,1,2,3,1509341923,1,s,1,1,1,1,1,5,1,,,,,,,,s,,,3_2,15,s
91,2017/10/30,14:39:10,321,31710071,3,3,3,CHECK,0,0,1,2,3,1509341934,1,s,1,1,1,1,1,5,1,,,,,,,,s,,,3_3,15,s
97,2017/10/30,14:39:44,321,31710071,3,4,3,CHECK,0,0,1,2,3,1509341951,1,s,1,1,1,1,1,5,1,,,,,,,,s,,,3_4,15,s
103,2017/10/30,14:39:54,321,31710071,3,5,3,CHECK,0,0,1,2,3,1509341984,1,s,1,1,1,1,1,5,1,,,,,,,,s,,,3_5,15,s
111,2017/10/30,14:45:39,321,31510207,1,1,5,CHECK,0,0,1,2,3,1509342323,1,s,1,1,1,1,1,5,1,,,,,,,,,,,1_1,15,n
117,2017/10/30,14:46:01,321,31510207,1,2,3,CHECK,0,0,1,2,3,1509342340,1,s,1,1,1,1,1,5,1,,,,,,,,,,F*,1_2,15,F*
123,2017/10/30,14:46:13,321,31510207,1,3,3,CHECK,0,0,1,2,3,1509342361,1,s,1,1,1,1,1,5,1,,,,,,,,,,F*,1_3,15,F*
129,2017/10/30,14:46:54,321,31510207,1,4,3,CHECK,0,0,1,2,3,1509342374,1,s,1,1,1,1,1,5,1,,,,,,,,,,F*,1_4,15,F*
135,2017/10/30,14:47:02,321,31510207,1,5,3,CHECK,0,0,1,2,3,1509342415,1,s,1,1,1,1,1,5,1,,,,,,,,,,F*,1_5,15,F*
158,2017/10/30,14:48:04,321,31510207,2,1,17,CHECK,0,0,1,2,3,1509342425,4,s,1,1,1,1,1,5,1,,,,,,,,,,F*,2_1,15,F*
164,2017/10/30,14:48:16,321,31510207,2,2,3,CHECK,0,0,1,2,3,1509342485,1,s,1,1,1,1,1,5,1,,,,,,,,,,F*,2_2,15,F*
170,2017/10/30,14:48:27,321,31510207,2,3,3,CHECK,0,0,1,2,3,1509342497,1,s,1,1,1,1,1,5,1,,,,,,,,,,F*,2_3,15,F*
176,2017/10/30,14:48:46,321,31510207,2,4,3,CHECK,0,0,1,2,3,1509342507,1,s,1,1,1,1,1,5,1,,,,,,,,,,F*,2_4,15,F*
182,2017/10/30,14:49:06,321,31510207,2,5,3,CHECK,0,0,1,2,3,1509342527,1,s,1,1,1,1,1,5,1,,,,,,,,,,F*,2_5,15,F*
247,2017/10/30,14:55:49,321,31510207,3,1,51,CHECK,0,0,1,2,3,1509342549,12,s,1,1,1,1,1,5,1,,,,,,,,,,,3_1,15,n
253,2017/10/30,15:04:13,321,31510207,3,2,3,CHECK,0,0,1,2,3,1509343440,1,s,1,1,1,1,1,5,1,,,,,,,,,,,3_2,15,n
264,2017/10/30,15:04:33,321,31510207,3,3,7,CHECK,0,0,1,2,3,1509343454,2,s,1,1,1,1,1,5,1,,,,,,,,,r,,3_3,15,r
270,2017/10/30,15:04:47,321,31510207,3,4,3,CHECK,0,0,1,2,3,1509343473,1,s,1,1,1,1,1,5,1,,,,,,,,s,,,3_4,15,s
276,2017/10/30,15:05:00,321,31510207,3,5,3,CHECK,0,0,1,2,3,1509343488,1,s,1,1,1,1,1,5,1,,,,,,,,,,,3_5,15,n
282,2017/10/30,14:49:48,321,31710039,1,1,3,CHECK,0,0,1,2,3,1509342452,1,s,1,1,1,1,1,5,1,,,,,,,,,,,1_1,15,n
288,2017/10/30,14:50:08,321,31710039,1,2,3,CHECK,0,0,1,2,3,1509342589,1,s,1,1,1,1,1,5,1,,,,,,,,,,F*,1_2,15,F*
294,2017/10/30,14:50:36,321,31710039,1,3,3,CHECK,0,0,1,2,3,1509342609,1,s,1,1,1,1,1,5,1,,,,,,,,,,,1_3,15,n
300,2017/10/30,14:51:49,321,31710039,1,4,3,CHECK,0,0,1,2,3,1509342637,1,s,1,1,1,1,1,5,1,,,,,,,,,,,1_4,15,n
306,2017/10/30,14:52:06,321,31710039,1,5,3,CHECK,0,0,1,2,3,1509342711,1,s,1,1,1,1,1,5,1,,,,,,,,,,,1_5,15,n
312,2017/10/30,14:52:24,321,31710039,2,1,3,CHECK,0,0,1,2,3,1509342729,1,s,1,1,1,1,1,5,1,,,,,,,,,,,2_1,15,n
318,2017/10/30,14:52:39,321,31710039,2,2,3,CHECK,0,0,1,2,3,1509342745,1,s,1,1,1,1,1,5,1,,,,,,,,,,,2_2,15,n
324,2017/10/30,14:52:58,321,31710039,2,3,3,CHECK,0,0,1,2,3,1509342760,1,s,1,1,1,1,1,5,1,,,,,,,,,,,2_3,15,n
330,2017/10/30,14:53:27,321,31710039,2,4,3,CHECK,0,0,1,2,3,1509342779,1,s,1,1,1,1,1,5,1,,,,,,,,,,,2_4,15,n
336,2017/10/30,14:53:43,321,31710039,2,5,3,CHECK,0,0,1,2,3,1509342808,1,s,1,1,1,1,1,5,1,,,,,,,,,,,2_5,15,n
379,2017/10/30,14:58:16,321,31710039,3,1,35,CHECK,0,0,1,2,3,1509342828,6,s,1,1,1,1,1,5,1,,,,,,,,,,,3_1,15,n
389,2017/10/30,14:58:52,321,31710039,3,2,7,CHECK,0,0,1,2,3,1509343098,1,s,1,1,1,1,1,5,1,,,,,,,,,,,3_2,15,n
395,2017/10/30,14:59:13,321,31710039,3,3,3,CHECK,0,0,1,2,3,1509343134,1,s,1,1,1,1,1,5,1,,,,,,,,,,,3_3,15,n
401,2017/10/30,14:59:26,321,31710039,3,4,3,CHECK,0,0,1,2,3,1509343154,1,s,1,1,1,1,1,5,1,,,,,,,,,,,3_4,15,n
407,2017/10/30,14:59:41,321,31710039,3,5,3,CHECK,0,0,1,2,3,1509343168,1,s,1,1,1,1,1,5,1,,,,,,,,,,,3_5,15,n
413,2017/10/30,14:39:50,321,31610043,1,1,3,CHECK,0,0,1,2,3,1509341959,1,s,1,1,1,1,1,5,1,,,,,,,,,,F*,1_1,10,F*
421,2017/10/30,14:40:05,321,31610043,1,2,5,CHECK,0,0,1,2,3,1509341991,1,s,1,1,1,1,1,5,1,,,,,,,,,,,1_2,10,n
427,2017/10/30,14:40:52,321,31610043,1,3,3,CHECK,0,0,1,2,3,1509342007,1,s,1,1,1,1,1,5,1,,,,,,,,,,F*,1_3,10,F*
433,2017/10/30,14:42:00,321,31610043,1,4,3,CHECK,0,0,1,2,3,1509342053,1,s,1,1,1,1,1,5,1,,,,,,,,,r,,1_4,10,r
439,2017/10/30,14:42:19,321,31610043,1,5,3,CHECK,0,0,1,2,3,1509342122,1,s,1,1,1,1,1,5,1,,,,,,,,,,F*,1_5,10,F*
455,2017/10/30,14:43:10,321,31610043,2,1,13,CHECK,0,0,1,2,3,1509342146,1,s,1,1,1,1,1,5,1,,,,,,,,,r,,2_1,10,r
461,2017/10/30,14:45:07,321,31610043,2,2,3,CHECK,0,0,1,2,3,1509342191,1,s,1,1,1,1,1,5,1,,,,,,,,,,F*,2_2,10,F*
470,2017/10/30,14:45:35,321,31610043,2,3,5,CHECK,0,0,1,2,3,1509342309,2,s,1,1,1,1,1,5,1,,,,,,,,,,F*,2_3,10,F*
476,2017/10/30,14:46:25,321,31610043,2,4,3,CHECK,0,0,1,2,3,1509342337,1,s,1,1,1,1,1,5,1,,,,,,,,,,F*,2_4,10,F*
482,2017/10/30,14:46:39,321,31610043,2,5,3,CHECK,0,0,1,2,3,1509342386,1,s,1,1,1,1,1,5,1,,,,,,,,,,F*,2_5,10,F*
490,2017/10/30,17:11:34,321,s31610012,1,1,5,CHECK,0,0,1,2,3,1509351074,1,s,1,1,1,1,1,5,1,,,,,,,,,,,1_1,15,n
501,2017/10/30,17:11:53,321,s31610012,1,2,7,CHECK,0,0,1,2,3,1509351096,2,s,1,1,1,1,1,5,1,,,,,,,,,,F*,1_2,15,F*
507,2017/10/30,17:12:07,321,s31610012,1,3,3,CHECK,0,0,1,2,3,1509351114,1,s,1,1,1,1,1,5,1,,,,,,,,,,F*,1_3,15,F*
513,2017/10/30,17:12:21,321,s31610012,1,4,3,CHECK,0,0,1,2,3,1509351128,1,s,1,1,1,1,1,5,1,,,,,,,,,r,,1_4,15,r
519,2017/10/30,17:12:30,321,s31610012,1,5,3,CHECK,0,0,1,2,3,1509351142,1,s,1,1,1,1,1,5,1,,,,,,,,,,,1_5,15,n
528,2017/10/30,17:12:53,321,s31610012,2,1,5,CHECK,0,0,1,2,3,1509351154,2,s,1,1,1,1,1,5,1,,,,,,,,,,,2_1,15,n
534,2017/10/30,17:13:08,321,s31610012,2,2,3,CHECK,0,0,1,2,3,1509351174,1,s,1,1,1,1,1,5,1,,,,,,,,,,F*,2_2,15,F*
542,2017/10/30,17:13:29,321,s31610012,2,3,5,CHECK,0,0,1,2,3,1509351189,1,s,1,1,1,1,1,5,1,,,,,,,,,,,2_3,15,n
548,2017/10/30,17:13:48,321,s31610012,2,4,3,CHECK,0,0,1,2,3,1509351210,1,s,1,1,1,1,1,5,1,,,,,,,,,,,2_4,15,n
561,2017/10/30,17:14:16,321,s31610012,2,5,9,CHECK,0,0,1,2,3,1509351229,2,s,1,1,1,1,1,5,1,,,,,,,,,,,2_5,15,n
612,2017/10/30,17:16:16,321,s31610012,3,1,41,CHECK,0,0,1,2,3,1509351259,8,s,1,1,1,1,1,5,1,,,,,,,,,,F*,3_1,15,F*
620,2017/10/30,17:16:29,321,s31610012,3,2,5,CHECK,0,0,1,2,3,1509351377,1,s,1,1,1,1,1,5,1,,,,,,,,,,,3_2,15,n
626,2017/10/30,17:16:40,321,s31610012,3,3,3,CHECK,0,0,1,2,3,1509351390,1,s,1,1,1,1,1,5,1,,,,,,,,,,,3_3,15,n
640,2017/10/30,17:17:17,321,s31610012,3,4,9,CHECK,0,0,1,2,3,1509351400,3,s,1,1,1,1,1,5,1,,,,,,,,,,,3_4,15,n
649,2017/10/30,17:17:33,321,s31610012,3,5,5,CHECK,0,0,1,2,3,1509351438,2,s,1,1,1,1,1,5,1,,,,,,,,,,,3_5,15,n
753,2017/10/30,14:52:24,321,31610124,3,1,79,CHECK,0,0,1,2,3,1509342582,23,s,1,1,1,1,1,5,1,,,,,,,,,,,3_1,5,n
770,2017/10/30,14:52:51,321,31610124,3,2,11,CHECK,0,0,1,2,3,1509342744,4,s,1,1,1,1,1,5,1,,,,,,,,,r,,3_2,5,r
1143,2017/10/30,15:05:06,321,31610124,3,3,251,CHECK,0,0,1,2,3,1509342787,120,s,1,1,1,1,1,5,1,,,,,,,,,,,3_3,5,n
1166,2017/10/30,15:06:49,321,31610124,3,4,15,CHECK,0,0,1,2,3,1509343507,6,s,1,1,1,1,1,5,1,,,,,,,,,,,3_4,5,n
1174,2017/10/30,15:07:18,321,31610124,3,5,5,CHECK,0,0,1,2,3,1509343623,1,s,1,1,1,1,1,5,1,,,,,,,,,,,3_5,5,n
1180,2017/10/30,14:15:43,321,31610158,1,1,3,CHECK,0,0,1,2,3,1509340528,1,s,1,1,1,1,1,5,1,,,,,,,,,,F*,1_1,15,F*
1186,2017/10/30,14:16:01,321,31610158,1,2,3,CHECK,0,0,1,2,3,1509340543,1,s,1,1,1,1,1,5,1,,,,,,,,,,F*,1_2,15,F*
1194,2017/10/30,14:16:16,321,31610158,1,3,5,CHECK,0,0,1,2,3,1509340561,1,s,1,1,1,1,1,5,1,,,,,,,,,,,1_3,15,n
1200,2017/10/30,14:16:33,321,31610158,1,4,3,CHECK,0,0,1,2,3,1509340576,1,s,1,1,1,1,1,5,1,,,,,,,,,r,,1_4,15,r
1208,2017/10/30,14:16:49,321,31610158,1,5,5,CHECK,0,0,1,2,3,1509340593,1,s,1,1,1,1,1,5,1,,,,,,,,,,,1_5,15,n
1214,2017/10/30,14:17:12,321,31610158,2,1,3,CHECK,0,0,1,2,3,1509340612,1,s,1,1,1,1,1,5,1,,,,,,,,,,F*,2_1,15,F*
1220,2017/10/30,14:17:26,321,31610158,2,2,3,CHECK,0,0,1,2,3,1509340633,1,s,1,1,1,1,1,5,1,,,,,,,,,,F*,2_2,15,F*
1230,2017/10/30,14:17:50,321,31610158,2,3,7,CHECK,0,0,1,2,3,1509340646,1,s,1,1,1,1,1,5,1,,,,,,,,,,,2_3,15,n
1236,2017/10/30,14:18:04,321,31610158,2,4,3,CHECK,0,0,1,2,3,1509340671,1,s,1,1,1,1,1,5,1,,,,,,,,,,F*,2_4,15,F*
1242,2017/10/30,14:18:20,321,31610158,2,5,3,CHECK,0,0,1,2,3,1509340684,1,s,1,1,1,1,1,5,1,,,,,,,,,,F*,2_5,15,F*
1264,2017/10/30,14:51:38,321,31610158,3,1,15,CHECK,0,0,1,2,3,1509342383,5,s,1,1,1,1,1,5,1,,,,,,,,,,,3_1,15,n
1275,2017/10/30,14:52:48,321,31610158,3,2,7,CHECK,0,0,1,2,3,1509342742,2,s,1,1,1,1,1,5,1,,,,,,,,,,,3_2,15,n
1295,2017/10/30,14:53:38,321,31610158,3,3,13,CHECK,0,0,1,2,3,1509342771,5,s,1,1,1,1,1,5,1,,,,,,,,,,,3_3,15,n
1304,2017/10/30,14:54:02,321,31610158,3,4,5,CHECK,0,0,1,2,3,1509342819,2,s,1,1,1,1,1,5,1,,,,,,,,,,,3_4,15,n
1315,2017/10/30,14:54:26,321,31610158,3,5,7,CHECK,0,0,1,2,3,1509342843,2,s,1,1,1,1,1,5,1,,,,,,,,,,,3_5,15,n
1323,2017/10/30,14:45:23,321,31710023,1,1,5,CHECK,0,0,1,2,3,1509342209,1,s,1,1,1,1,1,5,1,,,,,,,,,r,,1_1,15,r
1329,2017/10/30,14:45:46,321,31710023,1,2,3,CHECK,0,0,1,2,3,1509342324,1,s,1,1,1,1,1,5,1,,,,,,,,,,F*,1_2,15,F*
1337,2017/10/30,14:46:04,321,31710023,1,3,5,CHECK,0,0,1,2,3,1509342347,1,s,1,1,1,1,1,5,1,,,,,,,,,,F*,1_3,15,F*
1343,2017/10/30,14:46:18,321,31710023,1,4,3,CHECK,0,0,1,2,3,1509342365,1,s,1,1,1,1,1,5,1,,,,,,,,,,F*,1_4,15,F*
1349,2017/10/30,14:46:27,321,31710023,1,5,3,CHECK,0,0,1,2,3,1509342379,1,s,1,1,1,1,1,5,1,,,,,,,,,,F*,1_5,15,F*
1355,2017/10/30,14:46:42,321,31710023,2,1,3,CHECK,0,0,1,2,3,1509342392,1,s,1,1,1,1,1,5,1,,,,,,,,,,F*,2_1,15,F*
1364,2017/10/30,14:47:02,321,31710023,2,2,5,CHECK,0,0,1,2,3,1509342404,2,s,1,1,1,1,1,5,1,,,,,,,,,,F*,2_2,15,F*
1370,2017/10/30,14:47:16,321,31710023,2,3,3,CHECK,0,0,1,2,3,1509342423,1,s,1,1,1,1,1,5,1,,,,,,,,,,F*,2_3,15,F*
1376,2017/10/30,14:47:30,321,31710023,2,4,3,CHECK,0,0,1,2,3,1509342437,1,s,1,1,1,1,1,5,1,,,,,,,,,,F*,2_4,15,F*
1385,2017/10/30,14:48:05,321,31710023,2,5,5,CHECK,0,0,1,2,3,1509342451,2,s,1,1,1,1,1,5,1,,,,,,,,,,F*,2_5,15,F*
1578,2017/10/30,16:57:11,321,31710023,3,1,167,CHECK,0,0,1,2,3,1509342489,24,s,1,1,1,1,1,5,1,,,,,,,,,,,3_1,15,n
1584,2017/10/30,16:57:54,321,31710023,3,2,3,CHECK,0,0,1,2,3,1509350258,1,s,1,1,1,1,1,5,1,,,,,,,,s,,,3_2,15,s
1590,2017/10/30,16:58:09,321,31710023,3,3,3,CHECK,0,0,1,2,3,1509350275,1,s,1,1,1,1,1,5,1,,,,,,,,s,,,3_3,15,s
1596,2017/10/30,16:58:21,321,31710023,3,4,3,CHECK,0,0,1,2,3,1509350290,1,s,1,1,1,1,1,5,1,,,,,,,,s,,,3_4,15,s
1602,2017/10/30,16:58:35,321,31710023,3,5,3,CHECK,0,0,1,2,3,1509350302,1,s,1,1,1,1,1,5,1,,,,,,,,s,,,3_5,15,s
1627,2017/10/30,14:39:54,321,31610016,1,1,19,CHECK,0,0,1,2,3,1509341931,4,s,1,1,1,1,1,5,1,,,,,,,,,,,1_1,15,n
1638,2017/10/30,14:40:19,321,31610016,1,2,7,CHECK,0,0,1,2,3,1509341998,2,s,1,1,1,1,1,5,1,,,,,,,,,r,,1_2,15,r
1644,2017/10/30,14:40:39,321,31610016,1,3,3,CHECK,0,0,1,2,3,1509342020,1,s,1,1,1,1,1,5,1,,,,,,,,,,F*,1_3,15,F*
1652,2017/10/30,14:40:55,321,31610016,1,4,5,CHECK,0,0,1,2,3,1509342039,1,s,1,1,1,1,1,5,1,,,,,,,,,r,,1_4,15,r
1658,2017/10/30,14:41:23,321,31610016,1,5,3,CHECK,0,0,1,2,3,1509342056,1,s,1,1,1,1,1,5,1,,,,,,,,,r,,1_5,15,r
1682,2017/10/30,14:42:16,321,31610016,2,1,19,CHECK,0,0,1,2,3,1509342085,3,s,1,1,1,1,1,5,1,,,,,,,,,,,2_1,15,n
1688,2017/10/30,14:42:49,321,31610016,2,2,3,CHECK,0,0,1,2,3,1509342137,1,s,1,1,1,1,1,5,1,,,,,,,,,r,,2_2,15,r
1694,2017/10/30,14:43:02,321,31610016,2,3,3,CHECK,0,0,1,2,3,1509342169,1,s,1,1,1,1,1,5,1,,,,,,,,,,F*,2_3,15,F*
1706,2017/10/30,14:43:30,321,31610016,2,4,9,CHECK,0,0,1,2,3,1509342183,1,s,1,1,1,1,1,5,1,,,,,,,,,,,2_4,15,n
1712,2017/10/30,14:43:39,321,31610016,2,5,3,CHECK,0,0,1,2,3,1509342210,1,s,1,1,1,1,1,5,1,,,,,,,,,,F*,2_5,15,F*
1939,2017/10/30,14:52:45,321,31610016,3,1,179,CHECK,0,0,1,2,3,1509342221,45,s,1,1,1,1,1,5,1,,,,,,,,,,F*,3_1,15,F*
1990,2017/10/30,14:54:33,321,31610016,3,2,39,CHECK,0,0,1,2,3,1509342765,10,s,1,1,1,1,1,5,1,,,,,,,,,r,,3_2,15,r
1996,2017/10/30,14:54:58,321,31610016,3,3,3,CHECK,0,0,1,2,3,1509342881,1,s,1,1,1,1,1,5,1,,,,,,,,,r,,3_3,15,r
2002,2017/10/30,14:55:21,321,31610016,3,4,3,CHECK,0,0,1,2,3,1509342909,1,s,1,1,1,1,1,5,1,,,,,,,,,r,,3_4,15,r
2008,2017/10/30,14:55:37,321,31610016,3,5,3,CHECK,0,0,1,2,3,1509342922,1,s,1,1,1,1,1,5,1,,,,,,,,,r,,3_5,15,r
2014,2017/10/30,14:26:39,321,31410196,1,1,3,CHECK,0,0,1,2,3,1509341191,1,s,1,1,1,1,1,5,1,,,,,,,,,r,,1_1,15,r
2020,2017/10/30,14:26:46,321,31410196,1,2,3,CHECK,0,0,1,2,3,1509341200,1,s,1,1,1,1,1,5,1,,,,,,,,,,F*,1_2,15,F*
2026,2017/10/30,14:27:00,321,31410196,1,3,3,CHECK,0,0,1,2,3,1509341207,1,s,1,1,1,1,1,5,1,,,,,,,,,,,1_3,15,n
2032,2017/10/30,14:27:09,321,31410196,1,4,3,CHECK,0,0,1,2,3,1509341220,1,s,1,1,1,1,1,5,1,,,,,,,,,,,1_4,15,n
2038,2017/10/30,14:27:16,321,31410196,1,5,3,CHECK,0,0,1,2,3,1509341230,1,s,1,1,1,1,1,5,1,,,,,,,,,,,1_5,15,n
2044,2017/10/30,14:27:29,321,31410196,2,1,3,CHECK,0,0,1,2,3,1509341239,1,s,1,1,1,1,1,5,1,,,,,,,,,r,,2_1,15,r
2050,2017/10/30,14:27:38,321,31410196,2,2,3,CHECK,0,0,1,2,3,1509341249,1,s,1,1,1,1,1,5,1,,,,,,,,,,,2_2,15,n
2058,2017/10/30,14:27:49,321,31410196,2,3,5,CHECK,0,0,1,2,3,1509341258,1,s,1,1,1,1,1,5,1,,,,,,,,,,,2_3,15,n
2064,2017/10/30,14:27:55,321,31410196,2,4,3,CHECK,0,0,1,2,3,1509341270,1,s,1,1,1,1,1,5,1,,,,,,,,,,F*,2_4,15,F*
2070,2017/10/30,14:28:03,321,31410196,2,5,3,CHECK,0,0,1,2,3,1509341276,1,s,1,1,1,1,1,5,1,,,,,,,,,r,,2_5,15,r
2076,2017/10/30,14:35:23,321,31410196,3,1,3,CHECK,0,0,1,2,3,1509341698,1,s,1,1,1,1,1,5,1,,,,,,,,s,,,3_1,15,s
2097,2017/10/30,14:36:07,321,31410196,3,2,17,CHECK,0,0,1,2,3,1509341724,2,s,1,1,1,1,1,5,1,,,,,,,,,,,3_2,15,n
2189,2017/10/30,14:39:58,321,31410196,3,3,79,CHECK,0,0,1,2,3,1509341767,11,s,1,1,1,1,1,5,1,,,,,,,,,r,,3_3,15,r
2195,2017/10/30,14:40:11,321,31410196,3,4,3,CHECK,0,0,1,2,3,1509341998,1,s,1,1,1,1,1,5,1,,,,,,,,,,,3_4,15,n
2203,2017/10/30,14:40:22,321,31410196,3,5,5,CHECK,0,0,1,2,3,1509342012,1,s,1,1,1,1,1,5,1,,,,,,,,,,,3_5,15,n
2214,2017/10/30,14:44:36,321,31610021,1,1,7,CHECK,0,0,1,2,3,1509342233,2,s,1,1,1,1,1,5,1,,,,,,,,,r,,1_1,10,r
2220,2017/10/30,14:44:47,321,31610021,1,2,3,CHECK,0,0,1,2,3,1509342277,1,s,1,1,1,1,1,5,1,,,,,,,,,,F*,1_2,10,F*
2228,2017/10/30,14:45:04,321,31610021,1,3,5,CHECK,0,0,1,2,3,1509342288,1,s,1,1,1,1,1,5,1,,,,,,,,,r,,1_3,10,r
2234,2017/10/30,14:45:29,321,31610021,1,4,3,CHECK,0,0,1,2,3,1509342305,1,s,1,1,1,1,1,5,1,,,,,,,,,,F*,1_4,10,F*
2240,2017/10/30,14:45:54,321,31610021,1,5,3,CHECK,0,0,1,2,3,1509342329,1,s,1,1,1,1,1,5,1,,,,,,,,,,F*,1_5,10,F*
2246,2017/10/30,14:46:14,321,31610021,2,1,3,CHECK,0,0,1,2,3,1509342361,1,s,1,1,1,1,1,5,1,,,,,,,,,,F*,2_1,10,F*
2252,2017/10/30,14:46:22,321,31610021,2,2,3,CHECK,0,0,1,2,3,1509342375,1,s,1,1,1,1,1,5,1,,,,,,,,,,F*,2_2,10,F*
2260,2017/10/30,14:46:43,321,31610021,2,3,5,CHECK,0,0,1,2,3,1509342383,1,s,1,1,1,1,1,5,1,,,,,,,,,,,2_3,10,n
2266,2017/10/30,14:46:56,321,31610021,2,4,3,CHECK,0,0,1,2,3,1509342404,1,s,1,1,1,1,1,5,1,,,,,,,,,,F*,2_4,10,F*
2272,2017/10/30,14:47:06,321,31610021,2,5,3,CHECK,0,0,1,2,3,1509342417,1,s,1,1,1,1,1,5,1,,,,,,,,,,F*,2_5,10,F*
2278,2017/10/30,14:46:36,321,31710135,1,1,3,CHECK,0,0,1,2,3,1509342226,1,s,1,1,1,1,1,5,1,,,,,,,,,,F*,1_1,15,F*
2284,2017/10/30,14:46:46,321,31710135,1,2,3,CHECK,0,0,1,2,3,1509342398,1,s,1,1,1,1,1,5,1,,,,,,,,,,F*,1_2,15,F*
2290,2017/10/30,14:47:00,321,31710135,1,3,3,CHECK,0,0,1,2,3,1509342407,1,s,1,1,1,1,1,5,1,,,,,,,,,,F*,1_3,15,F*
2296,2017/10/30,14:47:18,321,31710135,1,4,3,CHECK,0,0,1,2,3,1509342421,1,s,1,1,1,1,1,5,1,,,,,,,,,,F*,1_4,15,F*
2302,2017/10/30,14:47:30,321,31710135,1,5,3,CHECK,0,0,1,2,3,1509342439,1,s,1,1,1,1,1,5,1,,,,,,,,,,F*,1_5,15,F*
2308,2017/10/30,14:47:48,321,31710135,2,1,3,CHECK,0,0,1,2,3,1509342456,1,s,1,1,1,1,1,5,1,,,,,,,,,,F*,2_1,15,F*
2314,2017/10/30,14:48:30,321,31710135,2,2,3,CHECK,0,0,1,2,3,1509342470,1,s,1,1,1,1,1,5,1,,,,,,,,,,F*,2_2,15,F*
2320,2017/10/30,14:48:45,321,31710135,2,3,3,CHECK,0,0,1,2,3,1509342512,1,s,1,1,1,1,1,5,1,,,,,,,,,,F*,2_3,15,F*
2326,2017/10/30,14:48:57,321,31710135,2,4,3,CHECK,0,0,1,2,3,1509342526,1,s,1,1,1,1,1,5,1,,,,,,,,,,F*,2_4,15,F*
2332,2017/10/30,14:49:08,321,31710135,2,5,3,CHECK,0,0,1,2,3,1509342538,1,s,1,1,1,1,1,5,1,,,,,,,,,,F*,2_5,15,F*
2340,2017/10/30,14:49:50,321,31710135,3,1,5,CHECK,0,0,1,2,3,1509342553,1,s,1,1,1,1,1,5,1,,,,,,,,,,,3_1,15,n
2351,2017/10/30,14:50:13,321,31710135,3,2,7,CHECK,0,0,1,2,3,1509342592,2,s,1,1,1,1,1,5,1,,,,,,,,,,,3_2,15,n
2360,2017/10/30,14:50:41,321,31710135,3,3,5,CHECK,0,0,1,2,3,1509342614,2,s,1,1,1,1,1,5,1,,,,,,,,,,,3_3,15,n
2366,2017/10/30,14:50:57,321,31710135,3,4,3,CHECK,0,0,1,2,3,1509342642,1,s,1,1,1,1,1,5,1,,,,,,,,,,,3_4,15,n
2372,2017/10/30,14:51:09,321,31710135,3,5,3,CHECK,0,0,1,2,3,1509342658,1,s,1,1,1,1,1,5,1,,,,,,,,,,,3_5,15,n
2378,2017/10/30,14:40:15,321,31410011,1,1,3,CHECK,0,0,1,2,3,1509342003,1,s,1,1,1,1,1,5,1,,,,,,,,,,F*,1_1,15,F*
2384,2017/10/30,14:40:25,321,31410011,1,2,3,CHECK,0,0,1,2,3,1509342016,1,s,1,1,1,1,1,5,1,,,,,,,,,,F*,1_2,15,F*
2390,2017/10/30,14:40:38,321,31410011,1,3,3,CHECK,0,0,1,2,3,1509342026,1,s,1,1,1,1,1,5,1,,,,,,,,,,,1_3,15,n
2396,2017/10/30,14:40:52,321,31410011,1,4,3,CHECK,0,0,1,2,3,1509342038,1,s,1,1,1,1,1,5,1,,,,,,,,,,,1_4,15,n
2402,2017/10/30,14:41:04,321,31410011,1,5,3,CHECK,0,0,1,2,3,1509342053,1,s,1,1,1,1,1,5,1,,,,,,,,,,,1_5,15,n
2408,2017/10/30,14:41:19,321,31410011,2,1,3,CHECK,0,0,1,2,3,1509342067,1,s,1,1,1,1,1,5,1,,,,,,,,,,F*,2_1,15,F*
2414,2017/10/30,14:41:27,321,31410011,2,2,3,CHECK,0,0,1,2,3,1509342080,1,s,1,1,1,1,1,5,1,,,,,,,,,,F*,2_2,15,F*
2427,2017/10/30,14:41:59,321,31410011,2,3,9,CHECK,0,0,1,2,3,1509342088,2,s,1,1,1,1,1,5,1,,,,,,,,,r,,2_3,15,r
2443,2017/10/30,14:42:25,321,31410011,2,4,13,CHECK,0,0,1,2,3,1509342119,1,s,1,1,1,1,1,5,1,,,,,,,,,,,2_4,15,n
2449,2017/10/30,14:42:44,321,31410011,2,5,3,CHECK,0,0,1,2,3,1509342146,1,s,1,1,1,1,1,5,1,,,,,,,,,,,2_5,15,n
2455,2017/10/30,14:43:19,321,31410011,3,1,3,CHECK,0,0,1,2,3,1509342166,1,s,1,1,1,1,1,5,1,,,,,,,,,r,,3_1,15,r
2465,2017/10/30,14:43:38,321,31410011,3,2,7,CHECK,0,0,1,2,3,1509342199,1,s,1,1,1,1,1,5,1,,,,,,,,,,,3_2,15,n
2471,2017/10/30,14:43:51,321,31410011,3,3,3,CHECK,0,0,1,2,3,1509342219,1,s,1,1,1,1,1,5,1,,,,,,,,,r,,3_3,15,r
2477,2017/10/30,14:43:59,321,31410011,3,4,3,CHECK,0,0,1,2,3,1509342232,1,s,1,1,1,1,1,5,1,,,,,,,,,,,3_4,15,n
2483,2017/10/30,14:44:08,321,31410011,3,5,3,CHECK,0,0,1,2,3,1509342240,1,s,1,1,1,1,1,5,1,,,,,,,,,,,3_5,15,n
2489,2017/10/30,14:41:37,321,31610007,1,1,3,CHECK,0,0,1,2,3,1509342072,1,s,1,1,1,1,1,5,1,,,,,,,,,,F*,1_1,15,F*
2495,2017/10/30,14:41:48,321,31610007,1,2,3,CHECK,0,0,1,2,3,1509342098,1,s,1,1,1,1,1,5,1,,,,,,,,,,F*,1_2,15,F*
2501,2017/10/30,14:41:54,321,31610007,1,3,3,CHECK,0,0,1,2,3,1509342109,1,s,1,1,1,1,1,5,1,,,,,,,,,,F*,1_3,15,F*
2507,2017/10/30,14:42:03,321,31610007,1,4,3,CHECK,0,0,1,2,3,1509342115,1,s,1,1,1,1,1,5,1,,,,,,,,,,F*,1_4,15,F*
2513,2017/10/30,14:42:12,321,31610007,1,5,3,CHECK,0,0,1,2,3,1509342124,1,s,1,1,1,1,1,5,1,,,,,,,,,,F*,1_5,15,F*
2519,2017/10/30,14:42:30,321,31610007,2,1,3,CHECK,0,0,1,2,3,1509342134,1,s,1,1,1,1,1,5,1,,,,,,,,,,F*,2_1,15,F*
2525,2017/10/30,14:42:42,321,31610007,2,2,3,CHECK,0,0,1,2,3,1509342151,1,s,1,1,1,1,1,5,1,,,,,,,,,,F*,2_2,15,F*
2531,2017/10/30,14:42:53,321,31610007,2,3,3,CHECK,0,0,1,2,3,1509342162,1,s,1,1,1,1,1,5,1,,,,,,,,,,F*,2_3,15,F*
2537,2017/10/30,14:43:05,321,31610007,2,4,3,CHECK,0,0,1,2,3,1509342174,1,s,1,1,1,1,1,5,1,,,,,,,,,,F*,2_4,15,F*
2543,2017/10/30,14:46:17,321,31610007,2,5,3,CHECK,0,0,1,2,3,1509342368,1,s,1,1,1,1,1,5,1,,,,,,,,,,F*,2_5,15,F*
2650,2017/10/30,14:48:52,321,31610007,3,1,85,CHECK,0,0,1,2,3,1509342380,20,s,1,1,1,1,1,5,1,,,,,,,,,,,3_1,15,n
2684,2017/10/30,14:49:35,321,31610007,3,2,25,CHECK,0,0,1,2,3,1509342533,7,s,1,1,1,1,1,5,1,,,,,,,,,,,3_2,15,n
2705,2017/10/30,14:50:23,321,31610007,3,3,15,CHECK,0,0,1,2,3,1509342576,4,s,1,1,1,1,1,5,1,,,,,,,,,,,3_3,15,n
2717,2017/10/30,14:50:40,321,31610007,3,4,7,CHECK,0,0,1,2,3,1509342623,3,s,1,1,1,1,1,5,1,,,,,,,,,,,3_4,15,n
2732,2017/10/30,14:51:06,321,31610007,3,5,9,CHECK,0,0,1,2,3,1509342641,4,s,1,1,1,1,1,5,1,,,,,,,,,,,3_5,15,n
2738,2017/10/30,14:38:25,321,31610079,1,1,3,CHECK,0,0,1,2,3,1509341896,1,s,1,1,1,1,1,5,1,,,,,,,,,r,,1_1,10,r
2744,2017/10/30,14:38:37,321,31610079,1,2,3,CHECK,0,0,1,2,3,1509341906,1,s,1,1,1,1,1,5,1,,,,,,,,,r,,1_2,10,r
2750,2017/10/30,14:38:46,321,31610079,1,3,3,CHECK,0,0,1,2,3,1509341917,1,s,1,1,1,1,1,5,1,,,,,,,,,r,,1_3,10,r
2756,2017/10/30,14:38:55,321,31610079,1,4,3,CHECK,0,0,1,2,3,1509341926,1,s,1,1,1,1,1,5,1,,,,,,,,,r,,1_4,10,r
2764,2017/10/30,14:39:04,321,31610079,1,5,5,CHECK,0,0,1,2,3,1509341935,1,s,1,1,1,1,1,5,1,,,,,,,,,,,1_5,10,n
2770,2017/10/30,14:39:14,321,31610079,2,1,3,CHECK,0,0,1,2,3,1509341946,1,s,1,1,1,1,1,5,1,,,,,,,,,,,2_1,10,n
2776,2017/10/30,14:39:20,321,31610079,2,2,3,CHECK,0,0,1,2,3,1509341954,1,s,1,1,1,1,1,5,1,,,,,,,,,,F*,2_2,10,F*
2782,2017/10/30,14:39:29,321,31610079,2,3,3,CHECK,0,0,1,2,3,1509341961,1,s,1,1,1,1,1,5,1,,,,,,,,,,F*,2_3,10,F*
2788,2017/10/30,14:39:39,321,31610079,2,4,3,CHECK,0,0,1,2,3,1509341969,1,s,1,1,1,1,1,5,1,,,,,,,,,r,,2_4,10,r
2801,2017/10/30,14:40:05,321,31610079,2,5,9,CHECK,0,0,1,2,3,1509341980,2,s,1,1,1,1,1,5,1,,,,,,,,,,F*,2_5,10,F*
2807,2017/10/30,14:34:51,321,31210101,1,1,3,CHECK,0,0,1,2,3,1509341669,1,s,1,1,1,1,1,5,1,,,,,,,,,,F*,1_1,15,F*
2813,2017/10/30,14:35:01,321,31210101,1,2,3,CHECK,0,0,1,2,3,1509341692,1,s,1,1,1,1,1,5,1,,,,,,,,,,F*,1_2,15,F*
2821,2017/10/30,14:35:15,321,31210101,1,3,5,CHECK,0,0,1,2,3,1509341701,1,s,1,1,1,1,1,5,1,,,,,,,,,,,1_3,15,n
2827,2017/10/30,14:35:29,321,31210101,1,4,3,CHECK,0,0,1,2,3,1509341716,1,s,1,1,1,1,1,5,1,,,,,,,,,r,,1_4,15,r
2833,2017/10/30,14:35:39,321,31210101,1,5,3,CHECK,0,0,1,2,3,1509341730,1,s,1,1,1,1,1,5,1,,,,,,,,,r,,1_5,15,r
2839,2017/10/30,14:36:05,321,31210101,2,1,3,CHECK,0,0,1,2,3,1509341743,1,s,1,1,1,1,1,5,1,,,,,,,,,,,2_1,15,n
2847,2017/10/30,14:36:17,321,31210101,2,2,5,CHECK,0,0,1,2,3,1509341766,1,s,1,1,1,1,1,5,1,,,,,,,,,,,2_2,15,n
2853,2017/10/30,14:36:25,321,31210101,2,3,3,CHECK,0,0,1,2,3,1509341778,1,s,1,1,1,1,1,5,1,,,,,,,,,,,2_3,15,n
2861,2017/10/30,14:36:39,321,31210101,2,4,5,CHECK,0,0,1,2,3,1509341786,1,s,1,1,1,1,1,5,1,,,,,,,,,,,2_4,15,n
2869,2017/10/30,14:36:48,321,31210101,2,5,5,CHECK,0,0,1,2,3,1509341800,1,s,1,1,1,1,1,5,1,,,,,,,,,r,,2_5,15,r
2918,2017/10/30,14:38:09,321,31210101,3,1,39,CHECK,0,0,1,2,3,1509341811,8,s,1,1,1,1,1,5,1,,,,,,,,,r,,3_1,15,r
2935,2017/10/30,14:38:34,321,31210101,3,2,13,CHECK,0,0,1,2,3,1509341890,2,s,1,1,1,1,1,5,1,,,,,,,,,,,3_2,15,n
2943,2017/10/30,14:38:47,321,31210101,3,3,5,CHECK,0,0,1,2,3,1509341916,1,s,1,1,1,1,1,5,1,,,,,,,,,,,3_3,15,n
2951,2017/10/30,14:38:59,321,31210101,3,4,5,CHECK,0,0,1,2,3,1509341928,1,s,1,1,1,1,1,5,1,,,,,,,,,,,3_4,15,n
2957,2017/10/30,14:39:10,321,31210101,3,5,3,CHECK,0,0,1,2,3,1509341940,1,s,1,1,1,1,1,5,1,,,,,,,,,,,3_5,15,n
2963,2017/10/30,14:43:46,321,31410170,1,1,3,CHECK,0,0,1,2,3,1509342212,1,s,1,1,1,1,1,5,1,,,,,,,,,,F*,1_1,15,F*
2973,2017/10/30,14:44:31,321,31410170,1,2,5,CHECK,0,0,1,2,3,1509342236,3,s,1,1,1,1,1,5,1,,,,,,,,,,F*,1_2,15,F*
2979,2017/10/30,14:44:43,321,31410170,1,3,3,CHECK,0,0,1,2,3,1509342273,1,s,1,1,1,1,1,5,1,,,,,,,,,,F*,1_3,15,F*
2985,2017/10/30,14:44:58,321,31410170,1,4,3,CHECK,0,0,1,2,3,1509342284,1,s,1,1,1,1,1,5,1,,,,,,,,,,F*,1_4,15,F*
2991,2017/10/30,14:45:08,321,31410170,1,5,3,CHECK,0,0,1,2,3,1509342299,1,s,1,1,1,1,1,5,1,,,,,,,,,,F*,1_5,15,F*
2997,2017/10/30,14:45:22,321,31410170,2,1,3,CHECK,0,0,1,2,3,1509342311,1,s,1,1,1,1,1,5,1,,,,,,,,,,F*,2_1,15,F*
3003,2017/10/30,14:45:34,321,31410170,2,2,3,CHECK,0,0,1,2,3,1509342323,1,s,1,1,1,1,1,5,1,,,,,,,,,,F*,2_2,15,F*
3009,2017/10/30,14:45:44,321,31410170,2,3,3,CHECK,0,0,1,2,3,1509342334,1,s,1,1,1,1,1,5,1,,,,,,,,,,F*,2_3,15,F*
3015,2017/10/30,14:45:56,321,31410170,2,4,3,CHECK,0,0,1,2,3,1509342344,1,s,1,1,1,1,1,5,1,,,,,,,,,,F*,2_4,15,F*
3021,2017/10/30,14:46:05,321,31410170,2,5,3,CHECK,0,0,1,2,3,1509342357,1,s,1,1,1,1,1,5,1,,,,,,,,,,F*,2_5,15,F*
3043,2017/10/30,14:47:50,321,31410170,3,1,17,CHECK,0,0,1,2,3,1509342374,3,s,1,1,1,1,1,5,1,,,,,,,,,,F*,3_1,15,F*
3049,2017/10/30,14:48:03,321,31410170,3,2,3,CHECK,0,0,1,2,3,1509342471,1,s,1,1,1,1,1,5,1,,,,,,,,,r,,3_2,15,r
3055,2017/10/30,14:48:12,321,31410170,3,3,3,CHECK,0,0,1,2,3,1509342484,1,s,1,1,1,1,1,5,1,,,,,,,,,r,,3_3,15,r
3064,2017/10/30,14:48:32,321,31410170,3,4,5,CHECK,0,0,1,2,3,1509342493,2,s,1,1,1,1,1,5,1,,,,,,,,,r,,3_4,15,r
3070,2017/10/30,14:48:47,321,31410170,3,5,3,CHECK,0,0,1,2,3,1509342513,1,s,1,1,1,1,1,5,1,,,,,,,,,r,,3_5,15,r
3076,2017/10/30,14:42:34,321,31610164,1,1,3,CHECK,0,0,1,2,3,1509342132,1,s,1,1,1,1,1,5,1,,,,,,,,,,F*,1_1,15,F*
3084,2017/10/30,14:42:52,321,31610164,1,2,5,CHECK,0,0,1,2,3,1509342155,1,s,1,1,1,1,1,5,1,,,,,,,,,,,1_2,15,n
3090,2017/10/30,14:43:06,321,31610164,1,3,3,CHECK,0,0,1,2,3,1509342173,1,s,1,1,1,1,1,5,1,,,,,,,,,,F*,1_3,15,F*
3096,2017/10/30,14:43:53,321,31610164,1,4,3,CHECK,0,0,1,2,3,1509342187,1,s,1,1,1,1,1,5,1,,,,,,,,,,F*,1_4,15,F*
3102,2017/10/30,14:44:05,321,31610164,1,5,3,CHECK,0,0,1,2,3,1509342234,1,s,1,1,1,1,1,5,1,,,,,,,,,,F*,1_5,15,F*
3109,2017/10/30,14:44:20,321,31610164,2,1,3,CHECK,0,0,1,2,3,1509342247,1,s,1,1,1,1,1,5,1,,,,,,,,,,F*,2_1,15,F*
3115,2017/10/30,14:44:33,321,31610164,2,2,3,CHECK,0,0,1,2,3,1509342261,1,s,1,1,1,1,1,5,1,,,,,,,,,,F*,2_2,15,F*
3121,2017/10/30,14:44:45,321,31610164,2,3,3,CHECK,0,0,1,2,3,1509342274,1,s,1,1,1,1,1,5,1,,,,,,,,,,F*,2_3,15,F*
3127,2017/10/30,14:44:57,321,31610164,2,4,3,CHECK,0,0,1,2,3,1509342286,1,s,1,1,1,1,1,5,1,,,,,,,,,,,2_4,15,n
3133,2017/10/30,14:45:07,321,31610164,2,5,3,CHECK,0,0,1,2,3,1509342298,1,s,1,1,1,1,1,5,1,,,,,,,,,,F*,2_5,15,F*
3139,2017/10/30,14:45:40,321,31610164,3,1,3,CHECK,0,0,1,2,3,1509342310,1,s,1,1,1,1,1,5,1,,,,,,,,s,,,3_1,15,s
3145,2017/10/30,14:45:51,321,31610164,3,2,3,CHECK,0,0,1,2,3,1509342341,1,s,1,1,1,1,1,5,1,,,,,,,,s,,,3_2,15,s
3151,2017/10/30,14:46:02,321,31610164,3,3,3,CHECK,0,0,1,2,3,1509342351,1,s,1,1,1,1,1,5,1,,,,,,,,s,,,3_3,15,s
3157,2017/10/30,14:46:14,321,31610164,3,4,3,CHECK,0,0,1,2,3,1509342363,1,s,1,1,1,1,1,5,1,,,,,,,,,r,,3_4,15,r
3167,2017/10/30,14:46:25,321,31610164,3,5,7,CHECK,0,0,1,2,3,1509342375,1,s,1,1,1,1,1,5,1,,,,,,,,,,,3_5,15,n
3173,2017/10/30,14:45:21,321,31710167,1,1,3,CHECK,0,0,1,2,3,1509342302,1,s,1,1,1,1,1,5,1,,,,,,,,,,,1_1,15,n
3179,2017/10/30,14:45:33,321,31710167,1,2,3,CHECK,0,0,1,2,3,1509342322,1,s,1,1,1,1,1,5,1,,,,,,,,,,F*,1_2,15,F*
3188,2017/10/30,14:45:46,321,31710167,1,3,5,CHECK,0,0,1,2,3,1509342334,2,s,1,1,1,1,1,5,1,,,,,,,,,,F*,1_3,15,F*
3197,2017/10/30,14:46:04,321,31710167,1,4,5,CHECK,0,0,1,2,3,1509342346,2,s,1,1,1,1,1,5,1,,,,,,,,s,,,1_4,15,s
3203,2017/10/30,14:46:14,321,31710167,1,5,3,CHECK,0,0,1,2,3,1509342364,1,s,1,1,1,1,1,5,1,,,,,,,,,,F*,1_5,15,F*
3209,2017/10/30,14:46:28,321,31710167,2,1,3,CHECK,0,0,1,2,3,1509342377,1,s,1,1,1,1,1,5,1,,,,,,,,,,,2_1,15,n
3220,2017/10/30,14:46:41,321,31710167,2,2,7,CHECK,0,0,1,2,3,1509342389,2,s,1,1,1,1,1,5,1,,,,,,,,,,F*,2_2,15,F*
3228,2017/10/30,14:46:53,321,31710167,2,3,5,CHECK,0,0,1,2,3,1509342402,1,s,1,1,1,1,1,5,1,,,,,,,,,,,2_3,15,n
3234,2017/10/30,14:47:04,321,31710167,2,4,3,CHECK,0,0,1,2,3,1509342414,1,s,1,1,1,1,1,5,1,,,,,,,,,,F*,2_4,15,F*
3240,2017/10/30,14:47:14,321,31710167,2,5,3,CHECK,0,0,1,2,3,1509342425,1,s,1,1,1,1,1,5,1,,,,,,,,,,F*,2_5,15,F*
3521,2017/10/30,14:52:41,321,31710167,3,1,229,CHECK,0,0,1,2,3,1509342436,50,s,1,1,1,1,1,5,1,,,,,,,,,,,3_1,15,n
3531,2017/10/30,14:52:54,321,31710167,3,2,7,CHECK,0,0,1,2,3,1509342762,1,s,1,1,1,1,1,5,1,,,,,,,,,,,3_2,15,n
3537,2017/10/30,14:53:04,321,31710167,3,3,3,CHECK,0,0,1,2,3,1509342776,1,s,1,1,1,1,1,5,1,,,,,,,,,r,,3_3,15,r
3545,2017/10/30,14:53:14,321,31710167,3,4,5,CHECK,0,0,1,2,3,1509342784,1,s,1,1,1,1,1,5,1,,,,,,,,,,,3_4,15,n
3555,2017/10/30,14:53:26,321,31710167,3,5,7,CHECK,0,0,1,2,3,1509342794,1,s,1,1,1,1,1,5,1,,,,,,,,,,,3_5,15,n
3561,2017/10/30,14:25:02,321,31510074,1,1,3,CHECK,0,0,1,2,3,1509341087,1,s,1,1,1,1,1,5,1,,,,,,,,,,F*,1_1,15,F*
3567,2017/10/30,14:25:12,321,31510074,1,2,3,CHECK,0,0,1,2,3,1509341104,1,s,1,1,1,1,1,5,1,,,,,,,,,,F*,1_2,15,F*
3573,2017/10/30,14:25:22,321,31510074,1,3,3,CHECK,0,0,1,2,3,1509341113,1,s,1,1,1,1,1,5,1,,,,,,,,,r,,1_3,15,r
3579,2017/10/30,14:25:34,321,31510074,1,4,3,CHECK,0,0,1,2,3,1509341123,1,s,1,1,1,1,1,5,1,,,,,,,,,,,1_4,15,n
3585,2017/10/30,14:25:45,321,31510074,1,5,3,CHECK,0,0,1,2,3,1509341134,1,s,1,1,1,1,1,5,1,,,,,,,,,,F*,1_5,15,F*
3591,2017/10/30,14:26:07,321,31510074,2,1,3,CHECK,0,0,1,2,3,1509341150,1,s,1,1,1,1,1,5,1,,,,,,,,,r,,2_1,15,r
3597,2017/10/30,14:26:16,321,31510074,2,2,3,CHECK,0,0,1,2,3,1509341168,1,s,1,1,1,1,1,5,1,,,,,,,,,r,,2_2,15,r
3609,2017/10/30,14:28:15,321,31510074,2,3,9,CHECK,0,0,1,2,3,1509341176,1,s,1,1,1,1,1,5,1,,,,,,,,,,,2_3,15,n
3615,2017/10/30,14:28:28,321,31510074,2,4,3,CHECK,0,0,1,2,3,1509341296,1,s,1,1,1,1,1,5,1,,,,,,,,,,F*,2_4,15,F*
3621,2017/10/30,14:28:42,321,31510074,2,5,3,CHECK,0,0,1,2,3,1509341309,1,s,1,1,1,1,1,5,1,,,,,,,,,r,,2_5,15,r
3838,2017/10/30,14:48:24,321,31510074,3,1,173,CHECK,0,0,1,2,3,1509341324,42,s,1,1,1,1,1,5,1,,,,,,,,,,,3_1,15,n
3859,2017/10/30,14:50:17,321,31510074,3,2,15,CHECK,0,0,1,2,3,1509342563,4,s,1,1,1,1,1,5,1,,,,,,,,,,,3_2,15,n
3865,2017/10/30,14:50:41,321,31510074,3,3,3,CHECK,0,0,1,2,3,1509342618,1,s,1,1,1,1,1,5,1,,,,,,,,,r,,3_3,15,r
3873,2017/10/30,14:50:54,321,31510074,3,4,5,CHECK,0,0,1,2,3,1509342641,1,s,1,1,1,1,1,5,1,,,,,,,,,,,3_4,15,n
3879,2017/10/30,14:51:13,321,31510074,3,5,3,CHECK,0,0,1,2,3,1509342655,1,s,1,1,1,1,1,5,1,,,,,,,,,r,,3_5,15,r
3885,2017/10/30,14:56:38,321,31610044,1,1,3,CHECK,0,0,1,2,3,1509342990,1,s,1,1,1,1,1,5,1,,,,,,,,,,F*,1_1,15,F*
3891,2017/10/30,14:56:56,321,31610044,1,2,3,CHECK,0,0,1,2,3,1509342999,1,s,1,1,1,1,1,5,1,,,,,,,,,,F*,1_2,15,F*
3897,2017/10/30,14:57:07,321,31610044,1,3,3,CHECK,0,0,1,2,3,1509343018,1,s,1,1,1,1,1,5,1,,,,,,,,,,F*,1_3,15,F*
3903,2017/10/30,14:57:21,321,31610044,1,4,3,CHECK,0,0,1,2,3,1509343028,1,s,1,1,1,1,1,5,1,,,,,,,,,,F*,1_4,15,F*
3909,2017/10/30,14:57:32,321,31610044,1,5,3,CHECK,0,0,1,2,3,1509343042,1,s,1,1,1,1,1,5,1,,,,,,,,,,F*,1_5,15,F*
3915,2017/10/30,14:58:03,321,31610044,2,1,3,CHECK,0,0,1,2,3,1509343069,1,s,1,1,1,1,1,5,1,,,,,,,,,,F*,2_1,15,F*
3921,2017/10/30,14:59:13,321,31610044,2,2,3,CHECK,0,0,1,2,3,1509343084,1,s,1,1,1,1,1,5,1,,,,,,,,,,F*,2_2,15,F*
3927,2017/10/30,14:59:25,321,31610044,2,3,3,CHECK,0,0,1,2,3,1509343154,1,s,1,1,1,1,1,5,1,,,,,,,,,,F*,2_3,15,F*
3933,2017/10/30,14:59:38,321,31610044,2,4,3,CHECK,0,0,1,2,3,1509343166,1,s,1,1,1,1,1,5,1,,,,,,,,,,F*,2_4,15,F*
3939,2017/10/30,14:59:55,321,31610044,2,5,3,CHECK,0,0,1,2,3,1509343178,1,s,1,1,1,1,1,5,1,,,,,,,,,,F*,2_5,15,F*
4034,2017/10/30,15:21:59,321,31610044,3,1,75,CHECK,0,0,1,2,3,1509344235,18,s,1,1,1,1,1,5,1,,,,,,,,,,,3_1,15,n
4045,2017/10/30,15:22:29,321,31610044,3,2,7,CHECK,0,0,1,2,3,1509344521,2,s,1,1,1,1,1,5,1,,,,,,,,,,,3_2,15,n
4051,2017/10/30,15:22:54,321,31610044,3,3,3,CHECK,0,0,1,2,3,1509344561,1,s,1,1,1,1,1,5,1,,,,,,,,,,,3_3,15,n
4057,2017/10/30,15:23:22,321,31610044,3,4,3,CHECK,0,0,1,2,3,1509344583,1,s,1,1,1,1,1,5,1,,,,,,,,,r,,3_4,15,r
4063,2017/10/30,15:23:37,321,31610044,3,5,3,CHECK,0,0,1,2,3,1509344607,1,s,1,1,1,1,1,5,1,,,,,,,,,,,3_5,15,n
4069,2017/10/30,14:39:47,321,72,1,1,3,CHECK,0,0,1,2,3,1509341937,1,s,1,1,1,1,1,5,1,,,,,,,,,,F*,1_1,15,F*
4082,2017/10/30,14:40:46,321,72,1,2,9,CHECK,0,0,1,2,3,1509341988,2,s,1,1,1,1,1,5,1,,,,,,,,s,,,1_2,15,s
4088,2017/10/30,14:41:26,321,72,1,3,3,CHECK,0,0,1,2,3,1509342046,1,s,1,1,1,1,1,5,1,,,,,,,,,,F*,1_3,15,F*
4094,2017/10/30,14:42:04,321,72,1,4,3,CHECK,0,0,1,2,3,1509342087,1,s,1,1,1,1,1,5,1,,,,,,,,,,F*,1_4,15,F*
4100,2017/10/30,14:42:15,321,72,1,5,3,CHECK,0,0,1,2,3,1509342125,1,s,1,1,1,1,1,5,1,,,,,,,,,,F*,1_5,15,F*
4108,2017/10/30,14:43:11,321,72,2,1,5,CHECK,0,0,1,2,3,1509342139,1,s,1,1,1,1,1,5,1,,,,,,,,,,,2_1,15,n
4114,2017/10/30,14:43:36,321,72,2,2,3,CHECK,0,0,1,2,3,1509342192,1,s,1,1,1,1,1,5,1,,,,,,,,,,F*,2_2,15,F*
4123,2017/10/30,14:45:03,321,72,2,3,5,CHECK,0,0,1,2,3,1509342270,2,s,1,1,1,1,1,5,1,,,,,,,,,,F*,2_3,15,F*
4132,2017/10/30,14:45:51,321,72,2,4,5,CHECK,0,0,1,2,3,1509342303,2,s,1,1,1,1,1,5,1,,,,,,,,,,F*,2_4,15,F*
4140,2017/10/30,14:46:05,321,72,2,5,5,CHECK,0,0,1,2,3,1509342352,1,s,1,1,1,1,1,5,1,,,,,,,,,,F*,2_5,15,F*
4254,2017/10/30,14:53:07,321,72,3,1,91,CHECK,0,0,1,2,3,1509342372,21,s,1,1,1,1,1,5,1,,,,,,,,,,F*,3_1,15,F*
4260,2017/10/30,14:53:59,321,72,3,2,3,CHECK,0,0,1,2,3,1509342806,1,s,1,1,1,1,1,5,1,,,,,,,,,r,,3_2,15,r
4271,2017/10/30,14:54:51,321,72,3,3,7,CHECK,0,0,1,2,3,1509342842,2,s,1,1,1,1,1,5,1,,,,,,,,,r,,3_3,15,r
4277,2017/10/30,14:55:26,321,72,3,4,3,CHECK,0,0,1,2,3,1509342892,1,s,1,1,1,1,1,5,1,,,,,,,,,r,,3_4,15,r
4283,2017/10/30,14:55:50,321,72,3,5,3,CHECK,0,0,1,2,3,1509342926,1,s,1,1,1,1,1,5,1,,,,,,,,,r,,3_5,15,r
4289,2017/10/30,14:57:56,321,31710065,1,1,3,CHECK,0,0,1,2,3,1509343063,1,s,1,1,1,1,1,5,1,,,,,,,,,,F*,1_1,15,F*
4299,2017/10/30,14:58:25,321,31710065,1,2,7,CHECK,0,0,1,2,3,1509343078,1,s,1,1,1,1,1,5,1,,,,,,,,,,,1_2,15,n
4305,2017/10/30,14:58:46,321,31710065,1,3,3,CHECK,0,0,1,2,3,1509343106,1,s,1,1,1,1,1,5,1,,,,,,,,,,F*,1_3,15,F*
4311,2017/10/30,14:59:03,321,31710065,1,4,3,CHECK,0,0,1,2,3,1509343127,1,s,1,1,1,1,1,5,1,,,,,,,,,,F*,1_4,15,F*
4317,2017/10/30,14:59:16,321,31710065,1,5,3,CHECK,0,0,1,2,3,1509343144,1,s,1,1,1,1,1,5,1,,,,,,,,,,F*,1_5,15,F*
4325,2017/10/30,14:59:41,321,31710065,2,1,5,CHECK,0,0,1,2,3,1509343160,1,s,1,1,1,1,1,5,1,,,,,,,,,,,2_1,15,n
4331,2017/10/30,14:59:54,321,31710065,2,2,3,CHECK,0,0,1,2,3,1509343182,1,s,1,1,1,1,1,5,1,,,,,,,,,,,2_2,15,n
4337,2017/10/30,15:00:12,321,31710065,2,3,3,CHECK,0,0,1,2,3,1509343195,1,s,1,1,1,1,1,5,1,,,,,,,,,,F*,2_3,15,F*
4343,2017/10/30,15:00:39,321,31710065,2,4,3,CHECK,0,0,1,2,3,1509343214,1,s,1,1,1,1,1,5,1,,,,,,,,,,F*,2_4,15,F*
4349,2017/10/30,15:00:54,321,31710065,2,5,3,CHECK,0,0,1,2,3,1509343240,1,s,1,1,1,1,1,5,1,,,,,,,,,,F*,2_5,15,F*
4355,2017/10/30,15:01:34,321,31710065,3,1,3,CHECK,0,0,1,2,3,1509343260,1,s,1,1,1,1,1,5,1,,,,,,,,,r,,3_1,15,r
4361,2017/10/30,15:01:52,321,31710065,3,2,3,CHECK,0,0,1,2,3,1509343295,1,s,1,1,1,1,1,5,1,,,,,,,,,,,3_2,15,n
4370,2017/10/30,15:02:25,321,31710065,3,3,5,CHECK,0,0,1,2,3,1509343313,2,s,1,1,1,1,1,5,1,,,,,,,,,,,3_3,15,n
4376,2017/10/30,15:03:07,321,31710065,3,4,3,CHECK,0,0,1,2,3,1509343347,1,s,1,1,1,1,1,5,1,,,,,,,,s,,,3_4,15,s
4382,2017/10/30,15:03:25,321,31710065,3,5,3,CHECK,0,0,1,2,3,1509343389,1,s,1,1,1,1,1,5,1,,,,,,,,s,,,3_5,15,s
4388,2017/10/30,14:43:20,321,31710092,1,1,3,CHECK,0,0,1,2,3,1509342191,1,s,1,1,1,1,1,5,1,,,,,,,,,,F*,1_1,10,F*
4394,2017/10/30,14:43:30,321,31710092,1,2,3,CHECK,0,0,1,2,3,1509342200,1,s,1,1,1,1,1,5,1,,,,,,,,,,F*,1_2,10,F*
4400,2017/10/30,14:43:38,321,31710092,1,3,3,CHECK,0,0,1,2,3,1509342210,1,s,1,1,1,1,1,5,1,,,,,,,,,,F*,1_3,10,F*
4406,2017/10/30,14:43:47,321,31710092,1,4,3,CHECK,0,0,1,2,3,1509342219,1,s,1,1,1,1,1,5,1,,,,,,,,,,F*,1_4,10,F*
4412,2017/10/30,14:43:55,321,31710092,1,5,3,CHECK,0,0,1,2,3,1509342227,1,s,1,1,1,1,1,5,1,,,,,,,,,,F*,1_5,10,F*
4418,2017/10/30,14:44:08,321,31710092,2,1,3,CHECK,0,0,1,2,3,1509342238,1,s,1,1,1,1,1,5,1,,,,,,,,,,,2_1,10,n
4424,2017/10/30,14:44:18,321,31710092,2,2,3,CHECK,0,0,1,2,3,1509342249,1,s,1,1,1,1,1,5,1,,,,,,,,,,,2_2,10,n
4430,2017/10/30,14:44:27,321,31710092,2,3,3,CHECK,0,0,1,2,3,1509342259,1,s,1,1,1,1,1,5,1,,,,,,,,,,,2_3,10,n
4436,2017/10/30,14:44:40,321,31710092,2,4,3,CHECK,0,0,1,2,3,1509342268,1,s,1,1,1,1,1,5,1,,,,,,,,,,,2_4,10,n
4442,2017/10/30,14:44:48,321,31710092,2,5,3,CHECK,0,0,1,2,3,1509342280,1,s,1,1,1,1,1,5,1,,,,,,,,,,,2_5,10,n
4455,2017/10/30,14:49:04,321,31710150,1,1,9,CHECK,0,0,1,2,3,1509342510,2,s,1,1,1,1,1,5,1,,,,,,,,,,,1_1,15,n
4472,2017/10/30,14:50:05,321,31710150,1,2,11,CHECK,0,0,1,2,3,1509342545,4,s,1,1,1,1,1,5,1,,,,,,,,,,,1_2,15,n
4478,2017/10/30,14:50:23,321,31710150,1,3,3,CHECK,0,0,1,2,3,1509342606,1,s,1,1,1,1,1,5,1,,,,,,,,,,,1_3,15,n
4484,2017/10/30,14:50:47,321,31710150,1,4,3,CHECK,0,0,1,2,3,1509342624,1,s,1,1,1,1,1,5,1,,,,,,,,,,,1_4,15,n
4490,2017/10/30,14:51:01,321,31710150,1,5,3,CHECK,0,0,1,2,3,1509342648,1,s,1,1,1,1,1,5,1,,,,,,,,,,,1_5,15,n
4498,2017/10/30,14:51:34,321,31710150,2,1,5,CHECK,0,0,1,2,3,1509342664,1,s,1,1,1,1,1,5,1,,,,,,,,,r,,2_1,15,r
4504,2017/10/30,14:51:47,321,31710150,2,2,3,CHECK,0,0,1,2,3,1509342695,1,s,1,1,1,1,1,5,1,,,,,,,,,,,2_2,15,n
4510,2017/10/30,14:52:11,321,31710150,2,3,3,CHECK,0,0,1,2,3,1509342708,1,s,1,1,1,1,1,5,1,,,,,,,,,r,,2_3,15,r
4516,2017/10/30,14:52:29,321,31710150,2,4,3,CHECK,0,0,1,2,3,1509342732,1,s,1,1,1,1,1,5,1,,,,,,,,,r,,2_4,15,r
4522,2017/10/30,14:52:42,321,31710150,2,5,3,CHECK,0,0,1,2,3,1509342750,1,s,1,1,1,1,1,5,1,,,,,,,,,,,2_5,15,n
4577,2017/10/30,14:55:37,321,31710150,3,1,43,CHECK,0,0,1,2,3,1509342765,10,s,1,1,1,1,1,5,1,,,,,,,,,,,3_1,15,n
4623,2017/10/30,14:57:37,321,31710150,3,2,33,CHECK,0,0,1,2,3,1509342939,11,s,1,1,1,1,1,5,1,,,,,,,,,,,3_2,15,n
4639,2017/10/30,14:58:16,321,31710150,3,3,11,CHECK,0,0,1,2,3,1509343058,3,s,1,1,1,1,1,5,1,,,,,,,,,r,,3_3,15,r
4651,2017/10/30,14:58:56,321,31710150,3,4,7,CHECK,0,0,1,2,3,1509343097,3,s,1,1,1,1,1,5,1,,,,,,,,,,,3_4,15,n
4657,2017/10/30,14:59:22,321,31710150,3,5,3,CHECK,0,0,1,2,3,1509343137,1,s,1,1,1,1,1,5,1,,,,,,,,,r,,3_5,15,r
4665,2017/10/30,14:45:13,321,31710148,1,1,5,CHECK,0,0,1,2,3,1509342296,1,s,1,1,1,1,1,5,1,,,,,,,,,,,1_1,15,n
4671,2017/10/30,14:45:34,321,31710148,1,2,3,CHECK,0,0,1,2,3,1509342314,1,s,1,1,1,1,1,5,1,,,,,,,,,,F*,1_2,15,F*
4677,2017/10/30,14:45:52,321,31710148,1,3,3,CHECK,0,0,1,2,3,1509342335,1,s,1,1,1,1,1,5,1,,,,,,,,,,F*,1_3,15,F*
4683,2017/10/30,14:46:06,321,31710148,1,4,3,CHECK,0,0,1,2,3,1509342353,1,s,1,1,1,1,1,5,1,,,,,,,,,,F*,1_4,15,F*
4689,2017/10/30,14:46:21,321,31710148,1,5,3,CHECK,0,0,1,2,3,1509342370,1,s,1,1,1,1,1,5,1,,,,,,,,,,F*,1_5,15,F*
4697,2017/10/30,14:46:47,321,31710148,2,1,5,CHECK,0,0,1,2,3,1509342385,1,s,1,1,1,1,1,5,1,,,,,,,,,,,2_1,15,n
4703,2017/10/30,14:47:24,321,31710148,2,2,3,CHECK,0,0,1,2,3,1509342409,1,s,1,1,1,1,1,5,1,,,,,,,,,,,2_2,15,n
4709,2017/10/30,14:47:35,321,31710148,2,3,3,CHECK,0,0,1,2,3,1509342444,1,s,1,1,1,1,1,5,1,,,,,,,,,,F*,2_3,15,F*
4715,2017/10/30,14:47:49,321,31710148,2,4,3,CHECK,0,0,1,2,3,1509342455,1,s,1,1,1,1,1,5,1,,,,,,,,,,F*,2_4,15,F*
4724,2017/10/30,14:48:12,321,31710148,2,5,5,CHECK,0,0,1,2,3,1509342470,2,s,1,1,1,1,1,5,1,,,,,,,,,,,2_5,15,n
4924,2017/10/30,14:57:35,321,31710148,3,1,173,CHECK,0,0,1,2,3,1509342495,25,s,1,1,1,1,1,5,1,,,,,,,,,,F*,3_1,15,F*
4932,2017/10/30,14:57:54,321,31710148,3,2,5,CHECK,0,0,1,2,3,1509343057,1,s,1,1,1,1,1,5,1,,,,,,,,,,,3_2,15,n
4938,2017/10/30,14:58:08,321,31710148,3,3,3,CHECK,0,0,1,2,3,1509343075,1,s,1,1,1,1,1,5,1,,,,,,,,,,,3_3,15,n
4944,2017/10/30,14:58:21,321,31710148,3,4,3,CHECK,0,0,1,2,3,1509343088,1,s,1,1,1,1,1,5,1,,,,,,,,,r,,3_4,15,r
4950,2017/10/30,14:58:33,321,31710148,3,5,3,CHECK,0,0,1,2,3,1509343102,1,s,1,1,1,1,1,5,1,,,,,,,,,,,3_5,15,n
4956,2017/10/30,14:18:03,321,31510058,1,1,3,CHECK,0,0,1,2,3,1509340556,1,s,1,1,1,1,1,5,1,,,,,,,,,,F*,1_1,15,F*
4962,2017/10/30,14:18:50,321,31510058,1,2,3,CHECK,0,0,1,2,3,1509340683,1,s,1,1,1,1,1,5,1,,,,,,,,,,F*,1_2,15,F*
4968,2017/10/30,14:18:58,321,31510058,1,3,3,CHECK,0,0,1,2,3,1509340731,1,s,1,1,1,1,1,5,1,,,,,,,,,,F*,1_3,15,F*
4974,2017/10/30,14:19:54,321,31510058,1,4,3,CHECK,0,0,1,2,3,1509340739,1,s,1,1,1,1,1,5,1,,,,,,,,,,F*,1_4,15,F*
4980,2017/10/30,14:20:00,321,31510058,1,5,3,CHECK,0,0,1,2,3,1509340794,1,s,1,1,1,1,1,5,1,,,,,,,,,,F*,1_5,15,F*
4986,2017/10/30,14:20:11,321,31510058,2,1,3,CHECK,0,0,1,2,3,1509340803,1,s,1,1,1,1,1,5,1,,,,,,,,,,F*,2_1,15,F*
4995,2017/10/30,14:21:23,321,31510058,2,2,5,CHECK,0,0,1,2,3,1509340812,2,s,1,1,1,1,1,5,1,,,,,,,,,,F*,2_2,15,F*
5001,2017/10/30,14:21:48,321,31510058,2,3,3,CHECK,0,0,1,2,3,1509340883,1,s,1,1,1,1,1,5,1,,,,,,,,,,F*,2_3,15,F*
5007,2017/10/30,14:22:32,321,31510058,2,4,3,CHECK,0,0,1,2,3,1509340908,1,s,1,1,1,1,1,5,1,,,,,,,,,,F*,2_4,15,F*
5013,2017/10/30,14:22:44,321,31510058,2,5,3,CHECK,0,0,1,2,3,1509340953,1,s,1,1,1,1,1,5,1,,,,,,,,,,F*,2_5,15,F*
5112,2017/10/30,14:27:37,321,31510058,3,1,83,CHECK,0,0,1,2,3,1509341032,14,s,1,1,1,1,1,5,1,,,,,,,,,,,3_1,15,n
5136,2017/10/30,14:28:51,321,31510058,3,2,17,CHECK,0,0,1,2,3,1509341257,5,s,1,1,1,1,1,5,1,,,,,,,,,,,3_2,15,n
5149,2017/10/30,14:31:20,321,31510058,3,3,9,CHECK,0,0,1,2,3,1509341332,2,s,1,1,1,1,1,5,1,,,,,,,,s,,,3_3,15,s
5155,2017/10/30,14:31:34,321,31510058,3,4,3,CHECK,0,0,1,2,3,1509341481,1,s,1,1,1,1,1,5,1,,,,,,,,,r,,3_4,15,r
5166,2017/10/30,14:32:00,321,31510058,3,5,7,CHECK,0,0,1,2,3,1509341494,2,s,1,1,1,1,1,5,1,,,,,,,,,r,,3_5,15,r
5174,2017/10/30,14:38:38,321,31710046,1,1,5,CHECK,0,0,1,2,3,1509341889,1,s,1,1,1,1,1,5,1,,,,,,,,,,,1_1,15,n
5180,2017/10/30,14:38:48,321,31710046,1,2,3,CHECK,0,0,1,2,3,1509341919,1,s,1,1,1,1,1,5,1,,,,,,,,,,F*,1_2,15,F*
5186,2017/10/30,14:38:58,321,31710046,1,3,3,CHECK,0,0,1,2,3,1509341928,1,s,1,1,1,1,1,5,1,,,,,,,,,,F*,1_3,15,F*
5192,2017/10/30,14:39:08,321,31710046,1,4,3,CHECK,0,0,1,2,3,1509341939,1,s,1,1,1,1,1,5,1,,,,,,,,,,F*,1_4,15,F*
5198,2017/10/30,14:39:15,321,31710046,1,5,3,CHECK,0,0,1,2,3,1509341949,1,s,1,1,1,1,1,5,1,,,,,,,,,,F*,1_5,15,F*
5213,2017/10/30,14:39:52,321,31710046,2,1,11,CHECK,0,0,1,2,3,1509341957,2,s,1,1,1,1,1,5,1,,,,,,,,,,,2_1,15,n
5219,2017/10/30,14:40:00,321,31710046,2,2,3,CHECK,0,0,1,2,3,1509341993,1,s,1,1,1,1,1,5,1,,,,,,,,,,F*,2_2,15,F*
5225,2017/10/30,14:40:07,321,31710046,2,3,3,CHECK,0,0,1,2,3,1509342000,1,s,1,1,1,1,1,5,1,,,,,,,,,,F*,2_3,15,F*
5234,2017/10/30,14:40:30,321,31710046,2,4,5,CHECK,0,0,1,2,3,1509342008,2,s,1,1,1,1,1,5,1,,,,,,,,s,,,2_4,15,s
5240,2017/10/30,14:40:40,321,31710046,2,5,3,CHECK,0,0,1,2,3,1509342031,1,s,1,1,1,1,1,5,1,,,,,,,,,,F*,2_5,15,F*
5328,2017/10/30,14:45:48,321,31710046,3,1,77,CHECK,0,0,1,2,3,1509342042,9,s,1,1,1,1,1,5,1,,,,,,,,,,,3_1,15,n
5334,2017/10/30,14:46:01,321,31710046,3,2,3,CHECK,0,0,1,2,3,1509342348,1,s,1,1,1,1,1,5,1,,,,,,,,,,,3_2,15,n
5340,2017/10/30,14:46:13,321,31710046,3,3,3,CHECK,0,0,1,2,3,1509342361,1,s,1,1,1,1,1,5,1,,,,,,,,,,,3_3,15,n
5346,2017/10/30,14:46:24,321,31710046,3,4,3,CHECK,0,0,1,2,3,1509342373,1,s,1,1,1,1,1,5,1,,,,,,,,,,,3_4,15,n
5354,2017/10/30,14:46:34,321,31710046,3,5,5,CHECK,0,0,1,2,3,1509342385,1,s,1,1,1,1,1,5,1,,,,,,,,,,,3_5,15,n
5360,2017/10/30,14:46:02,321,31710096,1,1,3,CHECK,0,0,1,2,3,1509342347,1,s,1,1,1,1,1,5,1,,,,,,,,,,F*,1_1,15,F*
5366,2017/10/30,14:46:18,321,31710096,1,2,3,CHECK,0,0,1,2,3,1509342363,1,s,1,1,1,1,1,5,1,,,,,,,,,,F*,1_2,15,F*
5372,2017/10/30,14:46:27,321,31710096,1,3,3,CHECK,0,0,1,2,3,1509342379,1,s,1,1,1,1,1,5,1,,,,,,,,,,F*,1_3,15,F*
5378,2017/10/30,14:46:39,321,31710096,1,4,3,CHECK,0,0,1,2,3,1509342388,1,s,1,1,1,1,1,5,1,,,,,,,,,,F*,1_4,15,F*
5384,2017/10/30,14:46:49,321,31710096,1,5,3,CHECK,0,0,1,2,3,1509342400,1,s,1,1,1,1,1,5,1,,,,,,,,,,F*,1_5,15,F*
5390,2017/10/30,14:47:05,321,31710096,2,1,3,CHECK,0,0,1,2,3,1509342412,1,s,1,1,1,1,1,5,1,,,,,,,,,,F*,2_1,15,F*
5396,2017/10/30,14:47:15,321,31710096,2,2,3,CHECK,0,0,1,2,3,1509342426,1,s,1,1,1,1,1,5,1,,,,,,,,,,F*,2_2,15,F*
5402,2017/10/30,14:47:27,321,31710096,2,3,3,CHECK,0,0,1,2,3,1509342436,1,s,1,1,1,1,1,5,1,,,,,,,,,,F*,2_3,15,F*
5408,2017/10/30,14:47:38,321,31710096,2,4,3,CHECK,0,0,1,2,3,1509342447,1,s,1,1,1,1,1,5,1,,,,,,,,,,F*,2_4,15,F*
5414,2017/10/30,14:47:45,321,31710096,2,5,3,CHECK,0,0,1,2,3,1509342458,1,s,1,1,1,1,1,5,1,,,,,,,,,,F*,2_5,15,F*
5504,2017/10/30,14:52:38,321,31710096,3,1,75,CHECK,0,0,1,2,3,1509342467,13,s,1,1,1,1,1,5,1,,,,,,,,,,F*,3_1,15,F*
5510,2017/10/30,14:53:04,321,31710096,3,2,3,CHECK,0,0,1,2,3,1509342767,1,s,1,1,1,1,1,5,1,,,,,,,,s,,,3_2,15,s
5518,2017/10/30,14:53:24,321,31710096,3,3,5,CHECK,0,0,1,2,3,1509342785,1,s,1,1,1,1,1,5,1,,,,,,,,s,,,3_3,15,s
5524,2017/10/30,14:53:42,321,31710096,3,4,3,CHECK,0,0,1,2,3,1509342805,1,s,1,1,1,1,1,5,1,,,,,,,,s,,,3_4,15,s
5532,2017/10/30,14:53:59,321,31710096,3,5,5,CHECK,0,0,1,2,3,1509342822,1,s,1,1,1,1,1,5,1,,,,,,,,s,,,3_5,15,s
5543,2017/10/30,14:49:39,321,3161075,1,1,7,CHECK,0,0,1,2,3,1509342502,2,s,1,1,1,1,1,5,1,,,,,,,,,,,1_1,15,n
5549,2017/10/30,14:49:52,321,3161075,1,2,3,CHECK,0,0,1,2,3,1509342581,1,s,1,1,1,1,1,5,1,,,,,,,,,,F*,1_2,15,F*
5555,2017/10/30,14:50:05,321,3161075,1,3,3,CHECK,0,0,1,2,3,1509342593,1,s,1,1,1,1,1,5,1,,,,,,,,,,F*,1_3,15,F*
5561,2017/10/30,14:50:22,321,3161075,1,4,3,CHECK,0,0,1,2,3,1509342606,1,s,1,1,1,1,1,5,1,,,,,,,,,r,,1_4,15,r
5567,2017/10/30,14:50:32,321,3161075,1,5,3,CHECK,0,0,1,2,3,1509342623,1,s,1,1,1,1,1,5,1,,,,,,,,,r,,1_5,15,r
5573,2017/10/30,14:50:44,321,3161075,2,1,3,CHECK,0,0,1,2,3,1509342634,1,s,1,1,1,1,1,5,1,,,,,,,,,r,,2_1,15,r
5579,2017/10/30,14:50:55,321,3161075,2,2,3,CHECK,0,0,1,2,3,1509342644,1,s,1,1,1,1,1,5,1,,,,,,,,,r,,2_2,15,r
5585,2017/10/30,14:51:07,321,3161075,2,3,3,CHECK,0,0,1,2,3,1509342656,1,s,1,1,1,1,1,5,1,,,,,,,,,r,,2_3,15,r
5591,2017/10/30,14:51:17,321,3161075,2,4,3,CHECK,0,0,1,2,3,1509342667,1,s,1,1,1,1,1,5,1,,,,,,,,,r,,2_4,15,r
5597,2017/10/30,14:51:26,321,3161075,2,5,3,CHECK,0,0,1,2,3,1509342677,1,s,1,1,1,1,1,5,1,,,,,,,,,r,,2_5,15,r
5603,2017/10/30,14:54:51,321,3161075,3,1,3,CHECK,0,0,1,2,3,1509342858,1,s,1,1,1,1,1,5,1,,,,,,,,,r,,3_1,15,r
5611,2017/10/30,14:55:03,321,3161075,3,2,5,CHECK,0,0,1,2,3,1509342891,1,s,1,1,1,1,1,5,1,,,,,,,,,,,3_2,15,n
5617,2017/10/30,14:55:13,321,3161075,3,3,3,CHECK,0,0,1,2,3,1509342903,1,s,1,1,1,1,1,5,1,,,,,,,,,r,,3_3,15,r
5623,2017/10/30,14:55:24,321,3161075,3,4,3,CHECK,0,0,1,2,3,1509342915,1,s,1,1,1,1,1,5,1,,,,,,,,,,,3_4,15,n
5629,2017/10/30,14:55:32,321,3161075,3,5,3,CHECK,0,0,1,2,3,1509342925,1,s,1,1,1,1,1,5,1,,,,,,,,,,,3_5,15,n
5635,2017/10/30,14:47:55,321,31610135,1,1,3,CHECK,0,0,1,2,3,1509342465,1,s,1,1,1,1,1,5,1,,,,,,,,,,F*,1_1,15,F*
5641,2017/10/30,14:48:02,321,31610135,1,2,3,CHECK,0,0,1,2,3,1509342476,1,s,1,1,1,1,1,5,1,,,,,,,,,,F*,1_2,15,F*
5647,2017/10/30,14:48:12,321,31610135,1,3,3,CHECK,0,0,1,2,3,1509342483,1,s,1,1,1,1,1,5,1,,,,,,,,,,F*,1_3,15,F*
5653,2017/10/30,14:48:19,321,31610135,1,4,3,CHECK,0,0,1,2,3,1509342493,1,s,1,1,1,1,1,5,1,,,,,,,,,,F*,1_4,15,F*
5661,2017/10/30,14:48:30,321,31610135,1,5,5,CHECK,0,0,1,2,3,1509342499,1,s,1,1,1,1,1,5,1,,,,,,,,,,F*,1_5,15,F*
5670,2017/10/30,14:48:43,321,31610135,2,1,5,CHECK,0,0,1,2,3,1509342513,2,s,1,1,1,1,1,5,1,,,,,,,,,,F*,2_1,15,F*
5676,2017/10/30,14:49:14,321,31610135,2,2,3,CHECK,0,0,1,2,3,1509342524,1,s,1,1,1,1,1,5,1,,,,,,,,,,F*,2_2,15,F*
5685,2017/10/30,14:49:27,321,31610135,2,3,5,CHECK,0,0,1,2,3,1509342555,2,s,1,1,1,1,1,5,1,,,,,,,,,,F*,2_3,15,F*
5691,2017/10/30,14:49:53,321,31610135,2,4,3,CHECK,0,0,1,2,3,1509342568,1,s,1,1,1,1,1,5,1,,,,,,,,,,F*,2_4,15,F*
5697,2017/10/30,14:50:02,321,31610135,2,5,3,CHECK,0,0,1,2,3,1509342594,1,s,1,1,1,1,1,5,1,,,,,,,,,,F*,2_5,15,F*
5721,2017/10/30,14:50:52,321,31610135,3,1,19,CHECK,0,0,1,2,3,1509342604,3,s,1,1,1,1,1,5,1,,,,,,,,,r,,3_1,15,r
5730,2017/10/30,14:51:30,321,31610135,3,2,5,CHECK,0,0,1,2,3,1509342653,2,s,1,1,1,1,1,5,1,,,,,,,,s,,,3_2,15,s
5738,2017/10/30,14:51:41,321,31610135,3,3,5,CHECK,0,0,1,2,3,1509342691,1,s,1,1,1,1,1,5,1,,,,,,,,,,,3_3,15,n
5744,2017/10/30,14:51:50,321,31610135,3,4,3,CHECK,0,0,1,2,3,1509342702,1,s,1,1,1,1,1,5,1,,,,,,,,s,,,3_4,15,s
5750,2017/10/30,14:52:01,321,31610135,3,5,3,CHECK,0,0,1,2,3,1509342711,1,s,1,1,1,1,1,5,1,,,,,,,,s,,,3_5,15,s
5756,2017/10/30,14:42:29,321,31710002,1,1,3,CHECK,0,0,1,2,3,1509342136,1,s,1,1,1,1,1,5,1,,,,,,,,,,F*,1_1,15,F*
5762,2017/10/30,14:42:38,321,31710002,1,2,3,CHECK,0,0,1,2,3,1509342150,1,s,1,1,1,1,1,5,1,,,,,,,,,,F*,1_2,15,F*
5771,2017/10/30,14:42:54,321,31710002,1,3,5,CHECK,0,0,1,2,3,1509342159,2,s,1,1,1,1,1,5,1,,,,,,,,,,F*,1_3,15,F*
5779,2017/10/30,14:43:23,321,31710002,1,4,5,CHECK,0,0,1,2,3,1509342176,1,s,1,1,1,1,1,5,1,,,,,,,,,r,,1_4,15,r
5785,2017/10/30,14:43:44,321,31710002,1,5,3,CHECK,0,0,1,2,3,1509342204,1,s,1,1,1,1,1,5,1,,,,,,,,,,F*,1_5,15,F*
5791,2017/10/30,14:44:36,321,31710002,2,1,3,CHECK,0,0,1,2,3,1509342227,1,s,1,1,1,1,1,5,1,,,,,,,,,,F*,2_1,15,F*
5799,2017/10/30,14:44:50,321,31710002,2,2,5,CHECK,0,0,1,2,3,1509342276,1,s,1,1,1,1,1,5,1,,,,,,,,,,F*,2_2,15,F*
5805,2017/10/30,14:45:01,321,31710002,2,3,3,CHECK,0,0,1,2,3,1509342291,1,s,1,1,1,1,1,5,1,,,,,,,,,,F*,2_3,15,F*
5811,2017/10/30,14:45:15,321,31710002,2,4,3,CHECK,0,0,1,2,3,1509342302,1,s,1,1,1,1,1,5,1,,,,,,,,,,F*,2_4,15,F*
5817,2017/10/30,14:45:28,321,31710002,2,5,3,CHECK,0,0,1,2,3,1509342316,1,s,1,1,1,1,1,5,1,,,,,,,,,,F*,2_5,15,F*
5860,2017/10/30,14:55:04,321,31710002,3,1,35,CHECK,0,0,1,2,3,1509342770,6,s,1,1,1,1,1,5,1,,,,,,,,,,,3_1,15,n
5869,2017/10/30,14:55:36,321,31710002,3,2,5,CHECK,0,0,1,2,3,1509342917,2,s,1,1,1,1,1,5,1,,,,,,,,,,,3_2,15,n
5879,2017/10/30,14:55:59,321,31710002,3,3,7,CHECK,0,0,1,2,3,1509342940,1,s,1,1,1,1,1,5,1,,,,,,,,,,,3_3,15,n
5885,2017/10/30,14:56:15,321,31710002,3,4,3,CHECK,0,0,1,2,3,1509342960,1,s,1,1,1,1,1,5,1,,,,,,,,s,,,3_4,15,s
5891,2017/10/30,14:56:33,321,31710002,3,5,3,CHECK,0,0,1,2,3,1509342976,1,s,1,1,1,1,1,5,1,,,,,,,,s,,,3_5,15,s
5897,2017/10/30,14:41:30,321,31610052,1,1,3,CHECK,0,0,1,2,3,1509342080,1,s,1,1,1,1,1,5,1,,,,,,,,,,F*,1_1,15,F*
5903,2017/10/30,14:41:41,321,31610052,1,2,3,CHECK,0,0,1,2,3,1509342091,1,s,1,1,1,1,1,5,1,,,,,,,,,,F*,1_2,15,F*
5909,2017/10/30,14:41:51,321,31610052,1,3,3,CHECK,0,0,1,2,3,1509342102,1,s,1,1,1,1,1,5,1,,,,,,,,,,F*,1_3,15,F*
5915,2017/10/30,14:42:09,321,31610052,1,4,3,CHECK,0,0,1,2,3,1509342112,1,s,1,1,1,1,1,5,1,,,,,,,,,,F*,1_4,15,F*
5921,2017/10/30,14:42:19,321,31610052,1,5,3,CHECK,0,0,1,2,3,1509342130,1,s,1,1,1,1,1,5,1,,,,,,,,,,F*,1_5,15,F*
5931,2017/10/30,14:42:42,321,31610052,2,1,5,CHECK,0,0,1,2,3,1509342141,3,s,1,1,1,1,1,5,1,,,,,,,,,,F*,2_1,15,F*
5937,2017/10/30,14:42:50,321,31610052,2,2,3,CHECK,0,0,1,2,3,1509342163,1,s,1,1,1,1,1,5,1,,,,,,,,,,F*,2_2,15,F*
5943,2017/10/30,14:43:01,321,31610052,2,3,3,CHECK,0,0,1,2,3,1509342171,1,s,1,1,1,1,1,5,1,,,,,,,,,,F*,2_3,15,F*
5949,2017/10/30,14:44:04,321,31610052,2,4,3,CHECK,0,0,1,2,3,1509342182,1,s,1,1,1,1,1,5,1,,,,,,,,,,F*,2_4,15,F*
5955,2017/10/30,14:44:11,321,31610052,2,5,3,CHECK,0,0,1,2,3,1509342245,1,s,1,1,1,1,1,5,1,,,,,,,,,,F*,2_5,15,F*
5966,2017/10/30,14:45:00,321,31610052,3,1,7,CHECK,0,0,1,2,3,1509342255,2,s,1,1,1,1,1,5,1,,,,,,,,,,,3_1,15,n
5972,2017/10/30,14:45:16,321,31610052,3,2,3,CHECK,0,0,1,2,3,1509342300,1,s,1,1,1,1,1,5,1,,,,,,,,s,,,3_2,15,s
5980,2017/10/30,14:45:30,321,31610052,3,3,5,CHECK,0,0,1,2,3,1509342316,1,s,1,1,1,1,1,5,1,,,,,,,,s,,,3_3,15,s
5994,2017/10/30,14:45:55,321,31610052,3,4,9,CHECK,0,0,1,2,3,1509342331,3,s,1,1,1,1,1,5,1,,,,,,,,,,,3_4,15,n
6000,2017/10/30,14:46:06,321,31610052,3,5,3,CHECK,0,0,1,2,3,1509342356,1,s,1,1,1,1,1,5,1,,,,,,,,s,,,3_5,15,s
6008,2017/10/30,14:47:20,321,31710016,1,1,5,CHECK,0,0,1,2,3,1509342424,1,s,1,1,1,1,1,5,1,,,,,,,,,r,,1_1,15,r
6014,2017/10/30,14:47:34,321,31710016,1,2,3,CHECK,0,0,1,2,3,1509342441,1,s,1,1,1,1,1,5,1,,,,,,,,,,F*,1_2,15,F*
6024,2017/10/30,14:48:04,321,31710016,1,3,5,CHECK,0,0,1,2,3,1509342457,3,s,1,1,1,1,1,5,1,,,,,,,,,,,1_3,15,n
6030,2017/10/30,14:49:03,321,31710016,1,4,3,CHECK,0,0,1,2,3,1509342485,1,s,1,1,1,1,1,5,1,,,,,,,,,,F*,1_4,15,F*
6036,2017/10/30,14:49:19,321,31710016,1,5,3,CHECK,0,0,1,2,3,1509342544,1,s,1,1,1,1,1,5,1,,,,,,,,,,F*,1_5,15,F*
6048,2017/10/30,14:49:54,321,31710016,2,1,7,CHECK,0,0,1,2,3,1509342563,3,s,1,1,1,1,1,5,1,,,,,,,,,,F*,2_1,15,F*
6054,2017/10/30,14:50:18,321,31710016,2,2,3,CHECK,0,0,1,2,3,1509342595,1,s,1,1,1,1,1,5,1,,,,,,,,,,F*,2_2,15,F*
6062,2017/10/30,14:50:44,321,31710016,2,3,5,CHECK,0,0,1,2,3,1509342619,1,s,1,1,1,1,1,5,1,,,,,,,,,,,2_3,15,n
6078,2017/10/30,14:51:48,321,31710016,2,4,11,CHECK,0,0,1,2,3,1509342645,3,s,1,1,1,1,1,5,1,,,,,,,,,,,2_4,15,n
6084,2017/10/30,14:52:07,321,31710016,2,5,3,CHECK,0,0,1,2,3,1509342709,1,s,1,1,1,1,1,5,1,,,,,,,,,,F*,2_5,15,F*
6277,2017/10/30,15:37:53,321,31710016,3,1,153,CHECK,0,0,1,2,3,1509342730,38,s,1,1,1,1,1,5,1,,,,,,,,,,F*,3_1,15,F*
6283,2017/10/30,15:38:20,321,31710016,3,2,3,CHECK,0,0,1,2,3,1509345474,1,s,1,1,1,1,1,5,1,,,,,,,,,,,3_2,15,n
6291,2017/10/30,15:38:37,321,31710016,3,3,5,CHECK,0,0,1,2,3,1509345501,1,s,1,1,1,1,1,5,1,,,,,,,,,,,3_3,15,n
6297,2017/10/30,15:38:56,321,31710016,3,4,3,CHECK,0,0,1,2,3,1509345518,1,s,1,1,1,1,1,5,1,,,,,,,,,,,3_4,15,n
6303,2017/10/30,15:39:12,321,31710016,3,5,3,CHECK,0,0,1,2,3,1509345537,1,s,1,1,1,1,1,5,1,,,,,,,,,,,3_5,15,n
6313,2017/10/30,14:37:49,321,31510156,1,1,7,CHECK,0,0,1,2,3,1509341847,1,s,1,1,1,1,1,5,1,,,,,,,,,,,1_1,15,n
6319,2017/10/30,14:38:01,321,31510156,1,2,3,CHECK,0,0,1,2,3,1509341870,1,s,1,1,1,1,1,5,1,,,,,,,,,,F*,1_2,15,F*
6325,2017/10/30,14:38:15,321,31510156,1,3,3,CHECK,0,0,1,2,3,1509341882,1,s,1,1,1,1,1,5,1,,,,,,,,,,F*,1_3,15,F*
6331,2017/10/30,14:38:34,321,31510156,1,4,3,CHECK,0,0,1,2,3,1509341896,1,s,1,1,1,1,1,5,1,,,,,,,,,,F*,1_4,15,F*
6337,2017/10/30,14:38:43,321,31510156,1,5,3,CHECK,0,0,1,2,3,1509341915,1,s,1,1,1,1,1,5,1,,,,,,,,,,F*,1_5,15,F*
6344,2017/10/30,14:39:04,321,31510156,2,1,3,CHECK,0,0,1,2,3,1509341926,1,s,1,1,1,1,1,5,1,,,,,,,,,,F*,2_1,15,F*
6350,2017/10/30,14:39:18,321,31510156,2,2,3,CHECK,0,0,1,2,3,1509341946,1,s,1,1,1,1,1,5,1,,,,,,,,,,F*,2_2,15,F*
6356,2017/10/30,14:39:46,321,31510156,2,3,3,CHECK,0,0,1,2,3,1509341960,1,s,1,1,1,1,1,5,1,,,,,,,,,,F*,2_3,15,F*
6362,2017/10/30,14:40:03,321,31510156,2,4,3,CHECK,0,0,1,2,3,1509341987,1,s,1,1,1,1,1,5,1,,,,,,,,,,F*,2_4,15,F*
6368,2017/10/30,14:40:14,321,31510156,2,5,3,CHECK,0,0,1,2,3,1509342004,1,s,1,1,1,1,1,5,1,,,,,,,,,,F*,2_5,15,F*
6374,2017/10/30,14:42:00,321,31510156,3,1,3,CHECK,0,0,1,2,3,1509342027,1,s,1,1,1,1,1,5,1,,,,,,,,s,,,3_1,15,s
6380,2017/10/30,14:42:17,321,31510156,3,2,3,CHECK,0,0,1,2,3,1509342121,1,s,1,1,1,1,1,5,1,,,,,,,,,,,3_2,15,n
6390,2017/10/30,14:43:25,321,31510156,3,3,5,CHECK,0,0,1,2,3,1509342138,3,s,1,1,1,1,1,5,1,,,,,,,,,,,3_3,15,n
6396,2017/10/30,14:43:41,321,31510156,3,4,3,CHECK,0,0,1,2,3,1509342206,1,s,1,1,1,1,1,5,1,,,,,,,,s,,,3_4,15,s
6402,2017/10/30,14:43:57,321,31510156,3,5,3,CHECK,0,0,1,2,3,1509342221,1,s,1,1,1,1,1,5,1,,,,,,,,s,,,3_5,15,s
6408,2017/10/30,14:38:51,321,31610025,1,1,3,CHECK,0,0,1,2,3,1509341884,1,s,1,1,1,1,1,5,1,,,,,,,,,,,1_1,15,n
6414,2017/10/30,14:39:22,321,31610025,1,2,3,CHECK,0,0,1,2,3,1509341932,1,s,1,1,1,1,1,5,1,,,,,,,,,r,,1_2,15,r
6420,2017/10/30,14:39:33,321,31610025,1,3,3,CHECK,0,0,1,2,3,1509341963,1,s,1,1,1,1,1,5,1,,,,,,,,,r,,1_3,15,r
6426,2017/10/30,14:39:42,321,31610025,1,4,3,CHECK,0,0,1,2,3,1509341974,1,s,1,1,1,1,1,5,1,,,,,,,,,,F*,1_4,15,F*
6432,2017/10/30,14:39:56,321,31610025,1,5,3,CHECK,0,0,1,2,3,1509341983,1,s,1,1,1,1,1,5,1,,,,,,,,,,F*,1_5,15,F*
6438,2017/10/30,14:40:11,321,31610025,2,1,3,CHECK,0,0,1,2,3,1509341999,1,s,1,1,1,1,1,5,1,,,,,,,,,,,2_1,15,n
6444,2017/10/30,14:40:22,321,31610025,2,2,3,CHECK,0,0,1,2,3,1509342011,1,s,1,1,1,1,1,5,1,,,,,,,,,r,,2_2,15,r
6450,2017/10/30,14:40:32,321,31610025,2,3,3,CHECK,0,0,1,2,3,1509342022,1,s,1,1,1,1,1,5,1,,,,,,,,,,,2_3,15,n
6456,2017/10/30,14:40:50,321,31610025,2,4,3,CHECK,0,0,1,2,3,1509342033,1,s,1,1,1,1,1,5,1,,,,,,,,,r,,2_4,15,r
6462,2017/10/30,14:41:01,321,31610025,2,5,3,CHECK,0,0,1,2,3,1509342051,1,s,1,1,1,1,1,5,1,,,,,,,,,,,2_5,15,n
6490,2017/10/30,14:42:52,321,31610025,3,1,23,CHECK,0,0,1,2,3,1509342065,3,s,1,1,1,1,1,5,1,,,,,,,,,,,3_1,15,n
6496,2017/10/30,14:43:14,321,31610025,3,2,3,CHECK,0,0,1,2,3,1509342180,1,s,1,1,1,1,1,5,1,,,,,,,,,,,3_2,15,n
6502,2017/10/30,14:43:34,321,31610025,3,3,3,CHECK,0,0,1,2,3,1509342195,1,s,1,1,1,1,1,5,1,,,,,,,,,,,3_3,15,n
6508,2017/10/30,14:43:50,321,31610025,3,4,3,CHECK,0,0,1,2,3,1509342215,1,s,1,1,1,1,1,5,1,,,,,,,,,,,3_4,15,n
6514,2017/10/30,14:44:00,321,31610025,3,5,3,CHECK,0,0,1,2,3,1509342230,1,s,1,1,1,1,1,5,1,,,,,,,,s,,,3_5,15,s
6520,2017/10/30,14:47:29,321,s31610023,1,1,3,CHECK,0,0,1,2,3,1509342439,1,s,1,1,1,1,1,5,1,,,,,,,,,,F*,1_1,15,F*
6526,2017/10/30,14:47:41,321,s31610023,1,2,3,CHECK,0,0,1,2,3,1509342450,1,s,1,1,1,1,1,5,1,,,,,,,,,,F*,1_2,15,F*
6534,2017/10/30,14:48:04,321,s31610023,1,3,5,CHECK,0,0,1,2,3,1509342461,1,s,1,1,1,1,1,5,1,,,,,,,,,,,1_3,15,n
6540,2017/10/30,14:48:17,321,s31610023,1,4,3,CHECK,0,0,1,2,3,1509342485,1,s,1,1,1,1,1,5,1,,,,,,,,,r,,1_4,15,r
6546,2017/10/30,14:48:29,321,s31610023,1,5,3,CHECK,0,0,1,2,3,1509342497,1,s,1,1,1,1,1,5,1,,,,,,,,,r,,1_5,15,r
6555,2017/10/30,14:48:44,321,s31610023,2,1,5,CHECK,0,0,1,2,3,1509342512,1,s,1,1,1,1,1,5,1,,,,,,,,,,,2_1,15,n
6565,2017/10/30,14:49:06,321,s31610023,2,2,5,CHECK,0,0,1,2,3,1509342528,2,s,1,1,1,1,1,5,1,,,,,,,,,,,2_2,15,n
6573,2017/10/30,14:49:22,321,s31610023,2,3,5,CHECK,0,0,1,2,3,1509342547,1,s,1,1,1,1,1,5,1,,,,,,,,,,,2_3,15,n
6579,2017/10/30,14:49:34,321,s31610023,2,4,3,CHECK,0,0,1,2,3,1509342563,1,s,1,1,1,1,1,5,1,,,,,,,,,r,,2_4,15,r
6585,2017/10/30,14:49:43,321,s31610023,2,5,3,CHECK,0,0,1,2,3,1509342575,1,s,1,1,1,1,1,5,1,,,,,,,,,,,2_5,15,n
6653,2017/10/30,14:52:47,321,s31610023,3,1,49,CHECK,0,0,1,2,3,1509342587,17,s,1,1,1,1,1,5,1,,,,,,,,,,,3_1,15,n
6659,2017/10/30,14:53:01,321,s31610023,3,2,3,CHECK,0,0,1,2,3,1509342770,1,s,1,1,1,1,1,5,1,,,,,,,,,,,3_2,15,n
6691,2017/10/30,14:53:58,321,s31610023,3,3,25,CHECK,0,0,1,2,3,1509342783,5,s,1,1,1,1,1,5,1,,,,,,,,,,,3_3,15,n
6697,2017/10/30,14:54:13,321,s31610023,3,4,3,CHECK,0,0,1,2,3,1509342842,1,s,1,1,1,1,1,5,1,,,,,,,,s,,,3_4,15,s
6703,2017/10/30,14:54:25,321,s31610023,3,5,3,CHECK,0,0,1,2,3,1509342854,1,s,1,1,1,1,1,5,1,,,,,,,,,,,3_5,15,n
6711,2017/10/30,14:45:36,321,31710035,1,1,5,CHECK,0,0,1,2,3,1509342324,1,s,1,1,1,1,1,5,1,,,,,,,,,,,1_1,15,n
6717,2017/10/30,14:45:47,321,31710035,1,2,3,CHECK,0,0,1,2,3,1509342337,1,s,1,1,1,1,1,5,1,,,,,,,,,,F*,1_2,15,F*
6723,2017/10/30,14:45:56,321,31710035,1,3,3,CHECK,0,0,1,2,3,1509342347,1,s,1,1,1,1,1,5,1,,,,,,,,,,F*,1_3,15,F*
6729,2017/10/30,14:46:16,321,31710035,1,4,3,CHECK,0,0,1,2,3,1509342356,1,s,1,1,1,1,1,5,1,,,,,,,,,,F*,1_4,15,F*
6735,2017/10/30,14:46:29,321,31710035,1,5,3,CHECK,0,0,1,2,3,1509342376,1,s,1,1,1,1,1,5,1,,,,,,,,,,F*,1_5,15,F*
6742,2017/10/30,14:46:46,321,31710035,2,1,3,CHECK,0,0,1,2,3,1509342392,1,s,1,1,1,1,1,5,1,,,,,,,,,,F*,2_1,15,F*
6748,2017/10/30,14:46:55,321,31710035,2,2,3,CHECK,0,0,1,2,3,1509342407,1,s,1,1,1,1,1,5,1,,,,,,,,,,,2_2,15,n
6754,2017/10/30,14:47:10,321,31710035,2,3,3,CHECK,0,0,1,2,3,1509342415,1,s,1,1,1,1,1,5,1,,,,,,,,,,F*,2_3,15,F*
6760,2017/10/30,14:47:17,321,31710035,2,4,3,CHECK,0,0,1,2,3,1509342430,1,s,1,1,1,1,1,5,1,,,,,,,,,,,2_4,15,n
6766,2017/10/30,14:47:24,321,31710035,2,5,3,CHECK,0,0,1,2,3,1509342438,1,s,1,1,1,1,1,5,1,,,,,,,,,,,2_5,15,n
6820,2017/10/30,14:48:47,321,31710035,3,1,41,CHECK,0,0,1,2,3,1509342446,10,s,1,1,1,1,1,5,1,,,,,,,,,,,3_1,15,n
6826,2017/10/30,14:49:07,321,31710035,3,2,3,CHECK,0,0,1,2,3,1509342533,1,s,1,1,1,1,1,5,1,,,,,,,,,,,3_2,15,n
6854,2017/10/30,14:49:55,321,31710035,3,3,21,CHECK,0,0,1,2,3,1509342548,5,s,1,1,1,1,1,5,1,,,,,,,,,r,,3_3,15,r
6862,2017/10/30,14:50:09,321,31710035,3,4,5,CHECK,0,0,1,2,3,1509342596,1,s,1,1,1,1,1,5,1,,,,,,,,,,,3_4,15,n
6870,2017/10/30,14:50:33,321,31710035,3,5,5,CHECK,0,0,1,2,3,1509342610,1,s,1,1,1,1,1,5,1,,,,,,,,,,,3_5,15,n
6876,2017/10/30,14:29:26,321,s31710105,1,1,3,CHECK,0,0,1,2,3,1509341353,1,s,1,1,1,1,1,5,1,,,,,,,,,,,1_1,15,n
6889,2017/10/30,14:29:45,321,s31710105,1,2,9,CHECK,0,0,1,2,3,1509341367,2,s,1,1,1,1,1,5,1,,,,,,,,,,,1_2,15,n
6895,2017/10/30,14:30:00,321,s31710105,1,3,3,CHECK,0,0,1,2,3,1509341385,1,s,1,1,1,1,1,5,1,,,,,,,,,,F*,1_3,15,F*
6901,2017/10/30,14:30:13,321,s31710105,1,4,3,CHECK,0,0,1,2,3,1509341401,1,s,1,1,1,1,1,5,1,,,,,,,,,,,1_4,15,n
6907,2017/10/30,14:30:19,321,s31710105,1,5,3,CHECK,0,0,1,2,3,1509341414,1,s,1,1,1,1,1,5,1,,,,,,,,,,F*,1_5,15,F*
6942,2017/10/30,14:32:58,321,s31710105,2,1,27,CHECK,0,0,1,2,3,1509341455,6,s,1,1,1,1,1,5,1,,,,,,,,,r,,2_1,15,r
6948,2017/10/30,14:33:08,321,s31710105,2,2,3,CHECK,0,0,1,2,3,1509341579,1,s,1,1,1,1,1,5,1,,,,,,,,,,F*,2_2,15,F*
6956,2017/10/30,14:33:21,321,s31710105,2,3,5,CHECK,0,0,1,2,3,1509341589,1,s,1,1,1,1,1,5,1,,,,,,,,,r,,2_3,15,r
6962,2017/10/30,14:33:35,321,s31710105,2,4,3,CHECK,0,0,1,2,3,1509341602,1,s,1,1,1,1,1,5,1,,,,,,,,,,F*,2_4,15,F*
6968,2017/10/30,14:33:43,321,s31710105,2,5,3,CHECK,0,0,1,2,3,1509341616,1,s,1,1,1,1,1,5,1,,,,,,,,,,F*,2_5,15,F*
7105,2017/10/30,15:05:09,321,s31710105,3,1,105,CHECK,0,0,1,2,3,1509341625,30,s,1,1,1,1,1,5,1,,,,,,,,,r,,3_1,15,r
7113,2017/10/30,15:05:21,321,s31710105,3,2,5,CHECK,0,0,1,2,3,1509343513,1,s,1,1,1,1,1,5,1,,,,,,,,,r,,3_2,15,r
7122,2017/10/30,15:05:33,321,s31710105,3,3,5,CHECK,0,0,1,2,3,1509343522,2,s,1,1,1,1,1,5,1,,,,,,,,,r,,3_3,15,r
7128,2017/10/30,15:05:40,321,s31710105,3,4,3,CHECK,0,0,1,2,3,1509343534,1,s,1,1,1,1,1,5,1,,,,,,,,,r,,3_4,15,r
7142,2017/10/30,15:06:01,321,s31710105,3,5,9,CHECK,0,0,1,2,3,1509343541,3,s,1,1,1,1,1,5,1,,,,,,,,,,,3_5,15,n
7183,2017/10/30,15:03:17,321,31710106,3,1,31,CHECK,0,0,1,2,3,1509343301,8,s,1,1,1,1,1,5,1,,,,,,,,,,F*,3_1,5,F*
7197,2017/10/30,15:03:47,321,31710106,3,2,9,CHECK,0,0,1,2,3,1509343399,3,s,1,1,1,1,1,5,1,,,,,,,,,r,,3_2,5,r
7264,2017/10/30,15:05:50,321,31710106,3,3,53,CHECK,0,0,1,2,3,1509343429,12,s,1,1,1,1,1,5,1,,,,,,,,,,,3_3,5,n
7272,2017/10/30,15:06:13,321,31710106,3,4,5,CHECK,0,0,1,2,3,1509343550,1,s,1,1,1,1,1,5,1,,,,,,,,,r,,3_4,5,r
7288,2017/10/30,15:06:43,321,31710106,3,5,11,CHECK,0,0,1,2,3,1509343574,3,s,1,1,1,1,1,5,1,,,,,,,,,r,,3_5,5,r
7294,2017/10/30,14:43:47,321,31710145,1,1,3,CHECK,0,0,1,2,3,1509342200,1,s,1,1,1,1,1,5,1,,,,,,,,,,F*,1_1,15,F*
7300,2017/10/30,14:44:04,321,31710145,1,2,3,CHECK,0,0,1,2,3,1509342228,1,s,1,1,1,1,1,5,1,,,,,,,,,,F*,1_2,15,F*
7306,2017/10/30,14:44:16,321,31710145,1,3,3,CHECK,0,0,1,2,3,1509342245,1,s,1,1,1,1,1,5,1,,,,,,,,,,F*,1_3,15,F*
7312,2017/10/30,14:44:32,321,31710145,1,4,3,CHECK,0,0,1,2,3,1509342257,1,s,1,1,1,1,1,5,1,,,,,,,,,,F*,1_4,15,F*
7318,2017/10/30,14:44:42,321,31710145,1,5,3,CHECK,0,0,1,2,3,1509342272,1,s,1,1,1,1,1,5,1,,,,,,,,,,F*,1_5,15,F*
7326,2017/10/30,14:45:06,321,31710145,2,1,5,CHECK,0,0,1,2,3,1509342284,1,s,1,1,1,1,1,5,1,,,,,,,,,,,2_1,15,n
7332,2017/10/30,14:45:24,321,31710145,2,2,3,CHECK,0,0,1,2,3,1509342306,1,s,1,1,1,1,1,5,1,,,,,,,,,,,2_2,15,n
7340,2017/10/30,14:45:44,321,31710145,2,3,5,CHECK,0,0,1,2,3,1509342325,1,s,1,1,1,1,1,5,1,,,,,,,,,,,2_3,15,n
7346,2017/10/30,14:45:53,321,31710145,2,4,3,CHECK,0,0,1,2,3,1509342344,1,s,1,1,1,1,1,5,1,,,,,,,,,,,2_4,15,n
7352,2017/10/30,14:46:03,321,31710145,2,5,3,CHECK,0,0,1,2,3,1509342354,1,s,1,1,1,1,1,5,1,,,,,,,,,,F*,2_5,15,F*
7529,2017/10/30,15:04:33,321,31710145,3,1,139,CHECK,0,0,1,2,3,1509342365,36,s,1,1,1,1,1,5,1,,,,,,,,,,F*,3_1,15,F*
7545,2017/10/30,15:05:53,321,31710145,3,2,11,CHECK,0,0,1,2,3,1509343521,3,s,1,1,1,1,1,5,1,,,,,,,,,r,,3_2,15,r
7551,2017/10/30,15:06:08,321,31710145,3,3,3,CHECK,0,0,1,2,3,1509343555,1,s,1,1,1,1,1,5,1,,,,,,,,,r,,3_3,15,r
7557,2017/10/30,15:06:20,321,31710145,3,4,3,CHECK,0,0,1,2,3,1509343569,1,s,1,1,1,1,1,5,1,,,,,,,,,r,,3_4,15,r
7563,2017/10/30,15:06:33,321,31710145,3,5,3,CHECK,0,0,1,2,3,1509343580,1,s,1,1,1,1,1,5,1,,,,,,,,,r,,3_5,15,r
7571,2017/10/30,14:46:12,321,s31710117,1,1,5,CHECK,0,0,1,2,3,1509342339,1,s,1,1,1,1,1,5,1,,,,,,,,,,,1_1,15,n
7582,2017/10/30,14:46:28,321,s31710117,1,2,7,CHECK,0,0,1,2,3,1509342373,2,s,1,1,1,1,1,5,1,,,,,,,,,r,,1_2,15,r
7588,2017/10/30,14:46:41,321,s31710117,1,3,3,CHECK,0,0,1,2,3,1509342389,1,s,1,1,1,1,1,5,1,,,,,,,,,,,1_3,15,n
7594,2017/10/30,14:46:56,321,s31710117,1,4,3,CHECK,0,0,1,2,3,1509342401,1,s,1,1,1,1,1,5,1,,,,,,,,,,F*,1_4,15,F*
7602,2017/10/30,14:47:04,321,s31710117,1,5,5,CHECK,0,0,1,2,3,1509342416,1,s,1,1,1,1,1,5,1,,,,,,,,,,,1_5,15,n
7608,2017/10/30,14:47:15,321,s31710117,2,1,3,CHECK,0,0,1,2,3,1509342427,1,s,1,1,1,1,1,5,1,,,,,,,,,,,2_1,15,n
7614,2017/10/30,14:47:24,321,s31710117,2,2,3,CHECK,0,0,1,2,3,1509342436,1,s,1,1,1,1,1,5,1,,,,,,,,,,,2_2,15,n
7620,2017/10/30,14:47:45,321,s31710117,2,3,3,CHECK,0,0,1,2,3,1509342445,1,s,1,1,1,1,1,5,1,,,,,,,,,,,2_3,15,n
7626,2017/10/30,14:47:54,321,s31710117,2,4,3,CHECK,0,0,1,2,3,1509342465,1,s,1,1,1,1,1,5,1,,,,,,,,,,F*,2_4,15,F*
7635,2017/10/30,14:48:07,321,s31710117,2,5,5,CHECK,0,0,1,2,3,1509342474,2,s,1,1,1,1,1,5,1,,,,,,,,,,F*,2_5,15,F*
7829,2017/10/30,14:53:43,321,s31710117,3,1,157,CHECK,0,0,1,2,3,1509342490,35,s,1,1,1,1,1,5,1,,,,,,,,,,,3_1,15,n
7845,2017/10/30,14:54:20,321,s31710117,3,2,11,CHECK,0,0,1,2,3,1509342833,3,s,1,1,1,1,1,5,1,,,,,,,,,,,3_2,15,n
7853,2017/10/30,14:54:36,321,s31710117,3,3,5,CHECK,0,0,1,2,3,1509342861,1,s,1,1,1,1,1,5,1,,,,,,,,,,,3_3,15,n
7859,2017/10/30,14:54:46,321,s31710117,3,4,3,CHECK,0,0,1,2,3,1509342877,1,s,1,1,1,1,1,5,1,,,,,,,,,,,3_4,15,n
7867,2017/10/30,14:54:56,321,s31710117,3,5,5,CHECK,0,0,1,2,3,1509342887,1,s,1,1,1,1,1,5,1,,,,,,,,,,,3_5,15,n
7873,2017/10/30,14:41:18,321,31610097,1,1,3,CHECK,0,0,1,2,3,1509342069,1,s,1,1,1,1,1,5,1,,,,,,,,,,F*,1_1,15,F*
7879,2017/10/30,14:41:28,321,31610097,1,2,3,CHECK,0,0,1,2,3,1509342079,1,s,1,1,1,1,1,5,1,,,,,,,,,,F*,1_2,15,F*
7885,2017/10/30,14:41:37,321,31610097,1,3,3,CHECK,0,0,1,2,3,1509342089,1,s,1,1,1,1,1,5,1,,,,,,,,,,F*,1_3,15,F*
7893,2017/10/30,14:42:00,321,31610097,1,4,5,CHECK,0,0,1,2,3,1509342098,1,s,1,1,1,1,1,5,1,,,,,,,,,,,1_4,15,n
7899,2017/10/30,14:42:12,321,31610097,1,5,3,CHECK,0,0,1,2,3,1509342123,1,s,1,1,1,1,1,5,1,,,,,,,,,,F*,1_5,15,F*
7905,2017/10/30,14:42:24,321,31610097,2,1,3,CHECK,0,0,1,2,3,1509342135,1,s,1,1,1,1,1,5,1,,,,,,,,,,F*,2_1,15,F*
7911,2017/10/30,14:42:34,321,31610097,2,2,3,CHECK,0,0,1,2,3,1509342145,1,s,1,1,1,1,1,5,1,,,,,,,,,,F*,2_2,15,F*
7917,2017/10/30,14:42:42,321,31610097,2,3,3,CHECK,0,0,1,2,3,1509342155,1,s,1,1,1,1,1,5,1,,,,,,,,,,F*,2_3,15,F*
7923,2017/10/30,14:42:52,321,31610097,2,4,3,CHECK,0,0,1,2,3,1509342163,1,s,1,1,1,1,1,5,1,,,,,,,,,,F*,2_4,15,F*
7929,2017/10/30,14:42:59,321,31610097,2,5,3,CHECK,0,0,1,2,3,1509342173,1,s,1,1,1,1,1,5,1,,,,,,,,,,F*,2_5,15,F*
8019,2017/10/30,14:46:23,321,31610097,3,1,75,CHECK,0,0,1,2,3,1509342182,13,s,1,1,1,1,1,5,1,,,,,,,,,,F*,3_1,15,F*
8053,2017/10/30,14:47:14,321,31610097,3,2,27,CHECK,0,0,1,2,3,1509342384,5,s,1,1,1,1,1,5,1,,,,,,,,,,,3_2,15,n
8066,2017/10/30,14:47:33,321,31610097,3,3,9,CHECK,0,0,1,2,3,1509342434,2,s,1,1,1,1,1,5,1,,,,,,,,,,,3_3,15,n
8072,2017/10/30,14:47:50,321,31610097,3,4,3,CHECK,0,0,1,2,3,1509342454,1,s,1,1,1,1,1,5,1,,,,,,,,,r,,3_4,15,r
8078,2017/10/30,14:47:59,321,31610097,3,5,3,CHECK,0,0,1,2,3,1509342471,1,s,1,1,1,1,1,5,1,,,,,,,,,r,,3_5,15,r
8084,2017/10/30,14:47:02,321,s31710111,1,1,3,CHECK,0,0,1,2,3,1509342413,1,s,1,1,1,1,1,5,1,,,,,,,,,,F*,1_1,15,F*
8090,2017/10/30,14:47:11,321,s31710111,1,2,3,CHECK,0,0,1,2,3,1509342423,1,s,1,1,1,1,1,5,1,,,,,,,,,,F*,1_2,15,F*
8096,2017/10/30,14:47:20,321,s31710111,1,3,3,CHECK,0,0,1,2,3,1509342432,1,s,1,1,1,1,1,5,1,,,,,,,,,,F*,1_3,15,F*
8102,2017/10/30,14:47:31,321,s31710111,1,4,3,CHECK,0,0,1,2,3,1509342440,1,s,1,1,1,1,1,5,1,,,,,,,,,,F*,1_4,15,F*
8108,2017/10/30,14:47:43,321,s31710111,1,5,3,CHECK,0,0,1,2,3,1509342452,1,s,1,1,1,1,1,5,1,,,,,,,,,,F*,1_5,15,F*
8116,2017/10/30,14:48:00,321,s31710111,2,1,5,CHECK,0,0,1,2,3,1509342465,1,s,1,1,1,1,1,5,1,,,,,,,,,,,2_1,15,n
8124,2017/10/30,14:48:15,321,s31710111,2,2,5,CHECK,0,0,1,2,3,1509342480,1,s,1,1,1,1,1,5,1,,,,,,,,,,,2_2,15,n
8132,2017/10/30,14:48:29,321,s31710111,2,3,5,CHECK,0,0,1,2,3,1509342496,1,s,1,1,1,1,1,5,1,,,,,,,,,,F*,2_3,15,F*
8140,2017/10/30,14:48:46,321,s31710111,2,4,5,CHECK,0,0,1,2,3,1509342509,1,s,1,1,1,1,1,5,1,,,,,,,,,,F*,2_4,15,F*
8148,2017/10/30,14:49:05,321,s31710111,2,5,5,CHECK,0,0,1,2,3,1509342527,1,s,1,1,1,1,1,5,1,,,,,,,,,,,2_5,15,n
8199,2017/10/30,14:50:54,321,s31710111,3,1,39,CHECK,0,0,1,2,3,1509342549,10,s,1,1,1,1,1,5,1,,,,,,,,,,F*,3_1,15,F*
8245,2017/10/30,14:52:48,321,s31710111,3,2,37,CHECK,0,0,1,2,3,1509342655,7,s,1,1,1,1,1,5,1,,,,,,,,,,,3_2,15,n
8251,2017/10/30,14:53:06,321,s31710111,3,3,3,CHECK,0,0,1,2,3,1509342775,1,s,1,1,1,1,1,5,1,,,,,,,,s,,,3_3,15,s
8257,2017/10/30,14:54:00,321,s31710111,3,4,3,CHECK,0,0,1,2,3,1509342824,1,s,1,1,1,1,1,5,1,,,,,,,,,,,3_4,15,n
8263,2017/10/30,14:54:07,321,s31710111,3,5,3,CHECK,0,0,1,2,3,1509342840,1,s,1,1,1,1,1,5,1,,,,,,,,,,,3_5,15,n
8272,2017/10/30,14:48:34,321,31410123,1,1,5,CHECK,0,0,1,2,3,1509342486,2,s,1,1,1,1,1,5,1,,,,,,,,,,F*,1_1,10,F*
8278,2017/10/30,14:48:44,321,31410123,1,2,3,CHECK,0,0,1,2,3,1509342515,1,s,1,1,1,1,1,5,1,,,,,,,,,,F*,1_2,10,F*
8284,2017/10/30,14:48:51,321,31410123,1,3,3,CHECK,0,0,1,2,3,1509342525,1,s,1,1,1,1,1,5,1,,,,,,,,,,F*,1_3,10,F*
8290,2017/10/30,14:49:03,321,31410123,1,4,3,CHECK,0,0,1,2,3,1509342532,1,s,1,1,1,1,1,5,1,,,,,,,,,,F*,1_4,10,F*
8296,2017/10/30,14:49:10,321,31410123,1,5,3,CHECK,0,0,1,2,3,1509342544,1,s,1,1,1,1,1,5,1,,,,,,,,,,F*,1_5,10,F*
8302,2017/10/30,14:49:24,321,31410123,2,1,3,CHECK,0,0,1,2,3,1509342552,1,s,1,1,1,1,1,5,1,,,,,,,,,,,2_1,10,n
8314,2017/10/30,14:49:53,321,31410123,2,2,7,CHECK,0,0,1,2,3,1509342565,3,s,1,1,1,1,1,5,1,,,,,,,,,,F*,2_2,10,F*
8320,2017/10/30,14:50:03,321,31410123,2,3,3,CHECK,0,0,1,2,3,1509342593,1,s,1,1,1,1,1,5,1,,,,,,,,,,F*,2_3,10,F*
8326,2017/10/30,14:50:12,321,31410123,2,4,3,CHECK,0,0,1,2,3,1509342604,1,s,1,1,1,1,1,5,1,,,,,,,,,,F*,2_4,10,F*
8332,2017/10/30,14:50:20,321,31410123,2,5,3,CHECK,0,0,1,2,3,1509342613,1,s,1,1,1,1,1,5,1,,,,,,,,,,F*,2_5,10,F*
8338,2017/10/30,14:48:47,321,s31710137,1,1,3,CHECK,0,0,1,2,3,1509342518,1,s,1,1,1,1,1,5,1,,,,,,,,,,F*,1_1,15,F*
8344,2017/10/30,14:49:28,321,s31710137,1,2,3,CHECK,0,0,1,2,3,1509342552,1,s,1,1,1,1,1,5,1,,,,,,,,,,F*,1_2,15,F*
8350,2017/10/30,14:49:36,321,s31710137,1,3,3,CHECK,0,0,1,2,3,1509342569,1,s,1,1,1,1,1,5,1,,,,,,,,,,F*,1_3,15,F*
8356,2017/10/30,14:49:45,321,s31710137,1,4,3,CHECK,0,0,1,2,3,1509342577,1,s,1,1,1,1,1,5,1,,,,,,,,,,F*,1_4,15,F*
8362,2017/10/30,14:49:53,321,s31710137,1,5,3,CHECK,0,0,1,2,3,1509342586,1,s,1,1,1,1,1,5,1,,,,,,,,,,F*,1_5,15,F*
8368,2017/10/30,14:50:05,321,s31710137,2,1,3,CHECK,0,0,1,2,3,1509342596,1,s,1,1,1,1,1,5,1,,,,,,,,,,F*,2_1,15,F*
8374,2017/10/30,14:50:12,321,s31710137,2,2,3,CHECK,0,0,1,2,3,1509342606,1,s,1,1,1,1,1,5,1,,,,,,,,,,F*,2_2,15,F*
8397,2017/10/30,14:51:03,321,s31710137,2,3,15,CHECK,0,0,1,2,3,1509342613,6,s,1,1,1,1,1,5,1,,,,,,,,,,F*,2_3,15,F*
8403,2017/10/30,14:51:16,321,s31710137,2,4,3,CHECK,0,0,1,2,3,1509342663,1,s,1,1,1,1,1,5,1,,,,,,,,,,,2_4,15,n
8409,2017/10/30,14:51:24,321,s31710137,2,5,3,CHECK,0,0,1,2,3,1509342677,1,s,1,1,1,1,1,5,1,,,,,,,,,,,2_5,15,n
8422,2017/10/30,14:51:53,321,s31710137,3,1,9,CHECK,0,0,1,2,3,1509342687,2,s,1,1,1,1,1,5,1,,,,,,,,,,,3_1,15,n
8432,2017/10/30,14:52:11,321,s31710137,3,2,7,CHECK,0,0,1,2,3,1509342713,1,s,1,1,1,1,1,5,1,,,,,,,,,,,3_2,15,n
8438,2017/10/30,14:52:22,321,s31710137,3,3,3,CHECK,0,0,1,2,3,1509342731,1,s,1,1,1,1,1,5,1,,,,,,,,,,,3_3,15,n
8444,2017/10/30,14:52:32,321,s31710137,3,4,3,CHECK,0,0,1,2,3,1509342743,1,s,1,1,1,1,1,5,1,,,,,,,,s,,,3_4,15,s
8454,2017/10/30,14:52:44,321,s31710137,3,5,7,CHECK,0,0,1,2,3,1509342753,1,s,1,1,1,1,1,5,1,,,,,,,,,,,3_5,15,n
8460,2017/10/30,15:18:22,321,31710129,1,1,3,CHECK,0,0,1,2,3,1509344288,1,s,1,1,1,1,1,5,1,,,,,,,,,,F*,1_1,15,F*
8466,2017/10/30,15:18:34,321,31710129,1,2,3,CHECK,0,0,1,2,3,1509344303,1,s,1,1,1,1,1,5,1,,,,,,,,,,F*,1_2,15,F*
8476,2017/10/30,15:18:55,321,31710129,1,3,5,CHECK,0,0,1,2,3,1509344315,3,s,1,1,1,1,1,5,1,,,,,,,,,,F*,1_3,15,F*
8485,2017/10/30,15:19:12,321,31710129,1,4,5,CHECK,0,0,1,2,3,1509344337,2,s,1,1,1,1,1,5,1,,,,,,,,,,F*,1_4,15,F*
8491,2017/10/30,15:19:23,321,31710129,1,5,3,CHECK,0,0,1,2,3,1509344353,1,s,1,1,1,1,1,5,1,,,,,,,,,,F*,1_5,15,F*
8497,2017/10/30,15:19:36,321,31710129,2,1,3,CHECK,0,0,1,2,3,1509344366,1,s,1,1,1,1,1,5,1,,,,,,,,,,F*,2_1,15,F*
8503,2017/10/30,15:19:46,321,31710129,2,2,3,CHECK,0,0,1,2,3,1509344377,1,s,1,1,1,1,1,5,1,,,,,,,,,,F*,2_2,15,F*
8515,2017/10/30,15:20:16,321,31710129,2,3,7,CHECK,0,0,1,2,3,1509344388,3,s,1,1,1,1,1,5,1,,,,,,,,,,F*,2_3,15,F*
8521,2017/10/30,15:20:31,321,31710129,2,4,3,CHECK,0,0,1,2,3,1509344417,1,s,1,1,1,1,1,5,1,,,,,,,,,,F*,2_4,15,F*
8527,2017/10/30,15:20:44,321,31710129,2,5,3,CHECK,0,0,1,2,3,1509344433,1,s,1,1,1,1,1,5,1,,,,,,,,,,F*,2_5,15,F*
8554,2017/10/30,15:22:17,321,31710129,3,1,23,CHECK,0,0,1,2,3,1509344448,2,s,1,1,1,1,1,5,1,,,,,,,,,,,3_1,15,n
8560,2017/10/30,15:22:34,321,31710129,3,2,3,CHECK,0,0,1,2,3,1509344538,1,s,1,1,1,1,1,5,1,,,,,,,,,r,,3_2,15,r
8566,2017/10/30,15:23:07,321,31710129,3,3,3,CHECK,0,0,1,2,3,1509344555,1,s,1,1,1,1,1,5,1,,,,,,,,s,,,3_3,15,s
8572,2017/10/30,15:23:22,321,31710129,3,4,3,CHECK,0,0,1,2,3,1509344588,1,s,1,1,1,1,1,5,1,,,,,,,,,r,,3_4,15,r
8578,2017/10/30,15:23:34,321,31710129,3,5,3,CHECK,0,0,1,2,3,1509344603,1,s,1,1,1,1,1,5,1,,,,,,,,,,,3_5,15,n
8584,2017/10/30,14:45:10,321,31710143,1,1,3,CHECK,0,0,1,2,3,1509342258,1,s,1,1,1,1,1,5,1,,,,,,,,,,F*,1_1,15,F*
8590,2017/10/30,14:45:47,321,31710143,1,2,3,CHECK,0,0,1,2,3,1509342312,1,s,1,1,1,1,1,5,1,,,,,,,,,,F*,1_2,15,F*
8596,2017/10/30,14:45:59,321,31710143,1,3,3,CHECK,0,0,1,2,3,1509342348,1,s,1,1,1,1,1,5,1,,,,,,,,,,F*,1_3,15,F*
8602,2017/10/30,14:46:08,321,31710143,1,4,3,CHECK,0,0,1,2,3,1509342359,1,s,1,1,1,1,1,5,1,,,,,,,,,,F*,1_4,15,F*
8608,2017/10/30,14:46:15,321,31710143,1,5,3,CHECK,0,0,1,2,3,1509342369,1,s,1,1,1,1,1,5,1,,,,,,,,,,F*,1_5,15,F*
8623,2017/10/30,14:47:16,321,31710143,2,1,11,CHECK,0,0,1,2,3,1509342377,2,s,1,1,1,1,1,5,1,,,,,,,,,,,2_1,15,n
8629,2017/10/30,14:47:28,321,31710143,2,2,3,CHECK,0,0,1,2,3,1509342437,1,s,1,1,1,1,1,5,1,,,,,,,,,,F*,2_2,15,F*
8635,2017/10/30,14:47:38,321,31710143,2,3,3,CHECK,0,0,1,2,3,1509342448,1,s,1,1,1,1,1,5,1,,,,,,,,,,F*,2_3,15,F*
8641,2017/10/30,14:47:51,321,31710143,2,4,3,CHECK,0,0,1,2,3,1509342459,1,s,1,1,1,1,1,5,1,,,,,,,,,,F*,2_4,15,F*
8647,2017/10/30,14:48:01,321,31710143,2,5,3,CHECK,0,0,1,2,3,1509342471,1,s,1,1,1,1,1,5,1,,,,,,,,,,F*,2_5,15,F*
8692,2017/10/30,14:50:44,321,31710143,3,1,37,CHECK,0,0,1,2,3,1509342484,6,s,1,1,1,1,1,5,1,,,,,,,,,,,3_1,15,n
8698,2017/10/30,14:50:56,321,31710143,3,2,3,CHECK,0,0,1,2,3,1509342648,1,s,1,1,1,1,1,5,1,,,,,,,,s,,,3_2,15,s
8704,2017/10/30,14:51:15,321,31710143,3,3,3,CHECK,0,0,1,2,3,1509342657,1,s,1,1,1,1,1,5,1,,,,,,,,s,,,3_3,15,s
8710,2017/10/30,14:51:25,321,31710143,3,4,3,CHECK,0,0,1,2,3,1509342676,1,s,1,1,1,1,1,5,1,,,,,,,,s,,,3_4,15,s
8716,2017/10/30,14:51:37,321,31710143,3,5,3,CHECK,0,0,1,2,3,1509342686,1,s,1,1,1,1,1,5,1,,,,,,,,s,,,3_5,15,s
8722,2017/10/30,14:35:54,321,31510062,1,1,3,CHECK,0,0,1,2,3,1509341711,1,s,1,1,1,1,1,5,1,,,,,,,,,r,,1_1,15,r
8731,2017/10/30,14:36:35,321,31510062,1,2,5,CHECK,0,0,1,2,3,1509341756,2,s,1,1,1,1,1,5,1,,,,,,,,,,F*,1_2,15,F*
8737,2017/10/30,14:38:05,321,31510062,1,3,3,CHECK,0,0,1,2,3,1509341797,1,s,1,1,1,1,1,5,1,,,,,,,,,,F*,1_3,15,F*
8743,2017/10/30,14:38:37,321,31510062,1,4,3,CHECK,0,0,1,2,3,1509341886,1,s,1,1,1,1,1,5,1,,,,,,,,,,F*,1_4,15,F*
8749,2017/10/30,14:38:52,321,31510062,1,5,3,CHECK,0,0,1,2,3,1509341918,1,s,1,1,1,1,1,5,1,,,,,,,,,,F*,1_5,15,F*
8755,2017/10/30,14:39:11,321,31510062,2,1,3,CHECK,0,0,1,2,3,1509341935,1,s,1,1,1,1,1,5,1,,,,,,,,,,F*,2_1,15,F*
8763,2017/10/30,14:39:26,321,31510062,2,2,5,CHECK,0,0,1,2,3,1509341952,1,s,1,1,1,1,1,5,1,,,,,,,,,,F*,2_2,15,F*
8772,2017/10/30,14:40:56,321,31510062,2,3,5,CHECK,0,0,1,2,3,1509341967,2,s,1,1,1,1,1,5,1,,,,,,,,,,F*,2_3,15,F*
8778,2017/10/30,14:41:10,321,31510062,2,4,3,CHECK,0,0,1,2,3,1509342057,1,s,1,1,1,1,1,5,1,,,,,,,,,,F*,2_4,15,F*
8784,2017/10/30,14:41:25,321,31510062,2,5,3,CHECK,0,0,1,2,3,1509342071,1,s,1,1,1,1,1,5,1,,,,,,,,,,F*,2_5,15,F*
8947,2017/10/30,14:54:49,321,31510062,3,1,133,CHECK,0,0,1,2,3,1509342091,28,s,1,1,1,1,1,5,1,,,,,,,,,r,,3_1,15,r
8955,2017/10/30,14:55:38,321,31510062,3,2,5,CHECK,0,0,1,2,3,1509342908,1,s,1,1,1,1,1,5,1,,,,,,,,,,,3_2,15,n
8964,2017/10/30,14:56:06,321,31510062,3,3,5,CHECK,0,0,1,2,3,1509342942,2,s,1,1,1,1,1,5,1,,,,,,,,,,,3_3,15,n
8970,2017/10/30,14:56:32,321,31510062,3,4,3,CHECK,0,0,1,2,3,1509342968,1,s,1,1,1,1,1,5,1,,,,,,,,,,,3_4,15,n
8976,2017/10/30,14:57:13,321,31510062,3,5,3,CHECK,0,0,1,2,3,1509342993,1,s,1,1,1,1,1,5,1,,,,,,,,,,,3_5,15,n
8982,2017/10/30,14:43:39,321,31710165,1,1,3,CHECK,0,0,1,2,3,1509342205,1,s,1,1,1,1,1,5,1,,,,,,,,,,F*,1_1,15,F*
8988,2017/10/30,14:43:51,321,31710165,1,2,3,CHECK,0,0,1,2,3,1509342220,1,s,1,1,1,1,1,5,1,,,,,,,,,,F*,1_2,15,F*
8994,2017/10/30,14:44:03,321,31710165,1,3,3,CHECK,0,0,1,2,3,1509342232,1,s,1,1,1,1,1,5,1,,,,,,,,,,F*,1_3,15,F*
9000,2017/10/30,14:44:12,321,31710165,1,4,3,CHECK,0,0,1,2,3,1509342244,1,s,1,1,1,1,1,5,1,,,,,,,,,,F*,1_4,15,F*
9006,2017/10/30,14:44:19,321,31710165,1,5,3,CHECK,0,0,1,2,3,1509342253,1,s,1,1,1,1,1,5,1,,,,,,,,,,F*,1_5,15,F*
9012,2017/10/30,14:44:31,321,31710165,2,1,3,CHECK,0,0,1,2,3,1509342261,1,s,1,1,1,1,1,5,1,,,,,,,,,,F*,2_1,15,F*
9018,2017/10/30,14:44:37,321,31710165,2,2,3,CHECK,0,0,1,2,3,1509342272,1,s,1,1,1,1,1,5,1,,,,,,,,,,F*,2_2,15,F*
9024,2017/10/30,14:44:45,321,31710165,2,3,3,CHECK,0,0,1,2,3,1509342278,1,s,1,1,1,1,1,5,1,,,,,,,,,,F*,2_3,15,F*
9030,2017/10/30,14:45:05,321,31710165,2,4,3,CHECK,0,0,1,2,3,1509342285,1,s,1,1,1,1,1,5,1,,,,,,,,,,F*,2_4,15,F*
9036,2017/10/30,14:45:12,321,31710165,2,5,3,CHECK,0,0,1,2,3,1509342305,1,s,1,1,1,1,1,5,1,,,,,,,,,,,2_5,15,n
9056,2017/10/30,14:45:59,321,31710165,3,1,15,CHECK,0,0,1,2,3,1509342314,3,s,1,1,1,1,1,5,1,,,,,,,,,,,3_1,15,n
9062,2017/10/30,14:46:09,321,31710165,3,2,3,CHECK,0,0,1,2,3,1509342360,1,s,1,1,1,1,1,5,1,,,,,,,,,,,3_2,15,n
9074,2017/10/30,14:46:31,321,31710165,3,3,9,CHECK,0,0,1,2,3,1509342370,1,s,1,1,1,1,1,5,1,,,,,,,,,r,,3_3,15,r
9082,2017/10/30,14:46:41,321,31710165,3,4,5,CHECK,0,0,1,2,3,1509342392,1,s,1,1,1,1,1,5,1,,,,,,,,,,,3_4,15,n
9088,2017/10/30,14:46:50,321,31710165,3,5,3,CHECK,0,0,1,2,3,1509342402,1,s,1,1,1,1,1,5,1,,,,,,,,,r,,3_5,15,r
9094,2017/10/30,14:43:45,321,31710112,1,1,3,CHECK,0,0,1,2,3,1509342207,1,s,1,1,1,1,1,5,1,,,,,,,,,,F*,1_1,15,F*
9100,2017/10/30,14:44:04,321,31710112,1,2,3,CHECK,0,0,1,2,3,1509342226,1,s,1,1,1,1,1,5,1,,,,,,,,,,F*,1_2,15,F*
9106,2017/10/30,14:44:37,321,31710112,1,3,3,CHECK,0,0,1,2,3,1509342249,1,s,1,1,1,1,1,5,1,,,,,,,,,,F*,1_3,15,F*
9112,2017/10/30,14:44:59,321,31710112,1,4,3,CHECK,0,0,1,2,3,1509342278,1,s,1,1,1,1,1,5,1,,,,,,,,,,F*,1_4,15,F*
9118,2017/10/30,14:45:26,321,31710112,1,5,3,CHECK,0,0,1,2,3,1509342300,1,s,1,1,1,1,1,5,1,,,,,,,,,,F*,1_5,15,F*
9126,2017/10/30,14:46:11,321,31710112,2,1,5,CHECK,0,0,1,2,3,1509342345,1,s,1,1,1,1,1,5,1,,,,,,,,,,,2_1,15,n
9132,2017/10/30,14:46:26,321,31710112,2,2,3,CHECK,0,0,1,2,3,1509342372,1,s,1,1,1,1,1,5,1,,,,,,,,,,F*,2_2,15,F*
9138,2017/10/30,14:46:44,321,31710112,2,3,3,CHECK,0,0,1,2,3,1509342387,1,s,1,1,1,1,1,5,1,,,,,,,,,,F*,2_3,15,F*
9144,2017/10/30,14:47:07,321,31710112,2,4,3,CHECK,0,0,1,2,3,1509342405,1,s,1,1,1,1,1,5,1,,,,,,,,,,F*,2_4,15,F*
9150,2017/10/30,14:47:22,321,31710112,2,5,3,CHECK,0,0,1,2,3,1509342428,1,s,1,1,1,1,1,5,1,,,,,,,,,,F*,2_5,15,F*
9183,2017/10/30,14:58:42,321,31710112,3,1,25,CHECK,0,0,1,2,3,1509342444,5,s,1,1,1,1,1,5,1,,,,,,,,,,,3_1,15,n
9189,2017/10/30,14:59:00,321,31710112,3,2,3,CHECK,0,0,1,2,3,1509343127,1,s,1,1,1,1,1,5,1,,,,,,,,,r,,3_2,15,r
9195,2017/10/30,14:59:17,321,31710112,3,3,3,CHECK,0,0,1,2,3,1509343141,1,s,1,1,1,1,1,5,1,,,,,,,,,r,,3_3,15,r
9201,2017/10/30,14:59:32,321,31710112,3,4,3,CHECK,0,0,1,2,3,1509343157,1,s,1,1,1,1,1,5,1,,,,,,,,,r,,3_4,15,r
9207,2017/10/30,14:59:44,321,31710112,3,5,3,CHECK,0,0,1,2,3,1509343173,1,s,1,1,1,1,1,5,1,,,,,,,,,r,,3_5,15,r
9213,2017/10/30,14:38:50,321,31710156,1,1,3,CHECK,0,0,1,2,3,1509341920,1,s,1,1,1,1,1,5,1,,,,,,,,,,F*,1_1,15,F*
9219,2017/10/30,14:39:01,321,31710156,1,2,3,CHECK,0,0,1,2,3,1509341931,1,s,1,1,1,1,1,5,1,,,,,,,,,,F*,1_2,15,F*
9225,2017/10/30,14:39:10,321,31710156,1,3,3,CHECK,0,0,1,2,3,1509341942,1,s,1,1,1,1,1,5,1,,,,,,,,,,F*,1_3,15,F*
9233,2017/10/30,14:39:42,321,31710156,1,4,5,CHECK,0,0,1,2,3,1509341950,1,s,1,1,1,1,1,5,1,,,,,,,,,,,1_4,15,n
9239,2017/10/30,14:39:54,321,31710156,1,5,3,CHECK,0,0,1,2,3,1509341983,1,s,1,1,1,1,1,5,1,,,,,,,,,,F*,1_5,15,F*
9245,2017/10/30,14:40:10,321,31710156,2,1,3,CHECK,0,0,1,2,3,1509341996,1,s,1,1,1,1,1,5,1,,,,,,,,,r,,2_1,15,r
9251,2017/10/30,14:40:17,321,31710156,2,2,3,CHECK,0,0,1,2,3,1509342011,1,s,1,1,1,1,1,5,1,,,,,,,,,,F*,2_2,15,F*
9257,2017/10/30,14:40:26,321,31710156,2,3,3,CHECK,0,0,1,2,3,1509342018,1,s,1,1,1,1,1,5,1,,,,,,,,,,F*,2_3,15,F*
9269,2017/10/30,14:40:40,321,31710156,2,4,7,CHECK,0,0,1,2,3,1509342027,3,s,1,1,1,1,1,5,1,,,,,,,,,r,,2_4,15,r
9275,2017/10/30,14:40:49,321,31710156,2,5,3,CHECK,0,0,1,2,3,1509342041,1,s,1,1,1,1,1,5,1,,,,,,,,,,F*,2_5,15,F*
9372,2017/10/30,14:53:25,321,31710156,3,1,83,CHECK,0,0,1,2,3,1509342392,12,s,1,1,1,1,1,5,1,,,,,,,,,,F*,3_1,15,F*
9378,2017/10/30,14:53:44,321,31710156,3,2,3,CHECK,0,0,1,2,3,1509342815,1,s,1,1,1,1,1,5,1,,,,,,,,s,,,3_2,15,s
9384,2017/10/30,14:53:56,321,31710156,3,3,3,CHECK,0,0,1,2,3,1509342824,1,s,1,1,1,1,1,5,1,,,,,,,,s,,,3_3,15,s
9390,2017/10/30,14:54:11,321,31710156,3,4,3,CHECK,0,0,1,2,3,1509342837,1,s,1,1,1,1,1,5,1,,,,,,,,s,,,3_4,15,s
9396,2017/10/30,14:54:20,321,31710156,3,5,3,CHECK,0,0,1,2,3,1509342852,1,s,1,1,1,1,1,5,1,,,,,,,,s,,,3_5,15,s
9402,2017/10/30,14:45:54,321,31710086,1,1,3,CHECK,0,0,1,2,3,1509342337,1,s,1,1,1,1,1,5,1,,,,,,,,,r,,1_1,15,r
9408,2017/10/30,14:46:04,321,31710086,1,2,3,CHECK,0,0,1,2,3,1509342355,1,s,1,1,1,1,1,5,1,,,,,,,,,,F*,1_2,15,F*
9414,2017/10/30,14:46:17,321,31710086,1,3,3,CHECK,0,0,1,2,3,1509342365,1,s,1,1,1,1,1,5,1,,,,,,,,,,F*,1_3,15,F*
9420,2017/10/30,14:46:33,321,31710086,1,4,3,CHECK,0,0,1,2,3,1509342378,1,s,1,1,1,1,1,5,1,,,,,,,,,,F*,1_4,15,F*
9426,2017/10/30,14:46:48,321,31710086,1,5,3,CHECK,0,0,1,2,3,1509342394,1,s,1,1,1,1,1,5,1,,,,,,,,,,F*,1_5,15,F*
9433,2017/10/30,14:47:05,321,31710086,2,1,3,CHECK,0,0,1,2,3,1509342410,1,s,1,1,1,1,1,5,1,,,,,,,,,,F*,2_1,15,F*
9439,2017/10/30,14:47:18,321,31710086,2,2,3,CHECK,0,0,1,2,3,1509342426,1,s,1,1,1,1,1,5,1,,,,,,,,,,F*,2_2,15,F*
9445,2017/10/30,14:47:42,321,31710086,2,3,3,CHECK,0,0,1,2,3,1509342439,1,s,1,1,1,1,1,5,1,,,,,,,,,,F*,2_3,15,F*
9451,2017/10/30,14:48:02,321,31710086,2,4,3,CHECK,0,0,1,2,3,1509342463,1,s,1,1,1,1,1,5,1,,,,,,,,,,F*,2_4,15,F*
9457,2017/10/30,14:48:16,321,31710086,2,5,3,CHECK,0,0,1,2,3,1509342482,1,s,1,1,1,1,1,5,1,,,,,,,,,,F*,2_5,15,F*
9643,2017/10/30,14:57:21,321,31710086,3,1,153,CHECK,0,0,1,2,3,1509342499,31,s,1,1,1,1,1,5,1,,,,,,,,,,,3_1,15,n
9649,2017/10/30,14:57:51,321,31710086,3,2,3,CHECK,0,0,1,2,3,1509343054,1,s,1,1,1,1,1,5,1,,,,,,,,s,,,3_2,15,s
9655,2017/10/30,14:58:09,321,31710086,3,3,3,CHECK,0,0,1,2,3,1509343072,1,s,1,1,1,1,1,5,1,,,,,,,,s,,,3_3,15,s
9661,2017/10/30,14:58:24,321,31710086,3,4,3,CHECK,0,0,1,2,3,1509343090,1,s,1,1,1,1,1,5,1,,,,,,,,s,,,3_4,15,s
9667,2017/10/30,14:58:33,321,31710086,3,5,3,CHECK,0,0,1,2,3,1509343104,1,s,1,1,1,1,1,5,1,,,,,,,,s,,,3_5,15,s
9677,2017/10/30,14:56:48,321,31610121,1,1,7,CHECK,0,0,1,2,3,1509342992,1,s,1,1,1,1,1,5,1,,,,,,,,,,,1_1,15,n
9683,2017/10/30,14:56:57,321,31610121,1,2,3,CHECK,0,0,1,2,3,1509343009,1,s,1,1,1,1,1,5,1,,,,,,,,,,F*,1_2,15,F*
9689,2017/10/30,14:57:15,321,31610121,1,3,3,CHECK,0,0,1,2,3,1509343018,1,s,1,1,1,1,1,5,1,,,,,,,,,,F*,1_3,15,F*
9695,2017/10/30,14:57:28,321,31610121,1,4,3,CHECK,0,0,1,2,3,1509343036,1,s,1,1,1,1,1,5,1,,,,,,,,,,F*,1_4,15,F*
9701,2017/10/30,14:57:37,321,31610121,1,5,3,CHECK,0,0,1,2,3,1509343049,1,s,1,1,1,1,1,5,1,,,,,,,,,,F*,1_5,15,F*
9707,2017/10/30,14:57:47,321,31610121,2,1,3,CHECK,0,0,1,2,3,1509343060,1,s,1,1,1,1,1,5,1,,,,,,,,,,F*,2_1,15,F*
9713,2017/10/30,14:57:58,321,31610121,2,2,3,CHECK,0,0,1,2,3,1509343068,1,s,1,1,1,1,1,5,1,,,,,,,,,,F*,2_2,15,F*
9724,2017/10/30,14:58:22,321,31610121,2,3,7,CHECK,0,0,1,2,3,1509343078,2,s,1,1,1,1,1,5,1,,,,,,,,,r,,2_3,15,r
9730,2017/10/30,14:58:35,321,31610121,2,4,3,CHECK,0,0,1,2,3,1509343103,1,s,1,1,1,1,1,5,1,,,,,,,,,,F*,2_4,15,F*
9736,2017/10/30,14:58:49,321,31610121,2,5,3,CHECK,0,0,1,2,3,1509343116,1,s,1,1,1,1,1,5,1,,,,,,,,,,F*,2_5,15,F*
9879,2017/10/30,15:03:59,321,31610121,3,1,121,CHECK,0,0,1,2,3,1509343132,20,s,1,1,1,1,1,5,1,,,,,,,,,,,3_1,15,n
9885,2017/10/30,15:04:27,321,31610121,3,2,3,CHECK,0,0,1,2,3,1509343452,1,s,1,1,1,1,1,5,1,,,,,,,,s,,,3_2,15,s
9896,2017/10/30,15:04:52,321,31610121,3,3,7,CHECK,0,0,1,2,3,1509343470,2,s,1,1,1,1,1,5,1,,,,,,,,,r,,3_3,15,r
9916,2017/10/30,15:05:25,321,31610121,3,4,13,CHECK,0,0,1,2,3,1509343492,5,s,1,1,1,1,1,5,1,,,,,,,,,,,3_4,15,n
9927,2017/10/30,15:05:43,321,31610121,3,5,7,CHECK,0,0,1,2,3,1509343526,2,s,1,1,1,1,1,5,1,,,,,,,,s,,,3_5,15,s
9956,2017/10/30,14:32:36,321,31710074,1,1,23,CHECK,0,0,1,2,3,1509341440,4,s,1,1,1,1,1,5,1,,,,,,,,,,F*,1_1,15,F*
9962,2017/10/30,14:32:53,321,31710074,1,2,3,CHECK,0,0,1,2,3,1509341557,1,s,1,1,1,1,1,5,1,,,,,,,,,,F*,1_2,15,F*
9968,2017/10/30,14:33:06,321,31710074,1,3,3,CHECK,0,0,1,2,3,1509341574,1,s,1,1,1,1,1,5,1,,,,,,,,,,F*,1_3,15,F*
9974,2017/10/30,14:33:28,321,31710074,1,4,3,CHECK,0,0,1,2,3,1509341587,1,s,1,1,1,1,1,5,1,,,,,,,,,,F*,1_4,15,F*
9980,2017/10/30,14:33:47,321,31710074,1,5,3,CHECK,0,0,1,2,3,1509341609,1,s,1,1,1,1,1,5,1,,,,,,,,,,F*,1_5,15,F*
9990,2017/10/30,14:34:24,321,31710074,2,1,7,CHECK,0,0,1,2,3,1509341629,1,s,1,1,1,1,1,5,1,,,,,,,,,,,2_1,15,n
9996,2017/10/30,14:34:41,321,31710074,2,2,3,CHECK,0,0,1,2,3,1509341664,1,s,1,1,1,1,1,5,1,,,,,,,,,,F*,2_2,15,F*
10002,2017/10/30,14:35:07,321,31710074,2,3,3,CHECK,0,0,1,2,3,1509341682,1,s,1,1,1,1,1,5,1,,,,,,,,,,F*,2_3,15,F*
10008,2017/10/30,14:35:31,321,31710074,2,4,3,CHECK,0,0,1,2,3,1509341708,1,s,1,1,1,1,1,5,1,,,,,,,,,,F*,2_4,15,F*
10017,2017/10/30,14:35:55,321,31710074,2,5,5,CHECK,0,0,1,2,3,1509341731,2,s,1,1,1,1,1,5,1,,,,,,,,,,F*,2_5,15,F*
10342,2017/10/30,14:56:39,321,31710074,3,1,273,CHECK,0,0,1,2,3,1509341759,50,s,1,1,1,1,1,5,1,,,,,,,,,,F*,3_1,15,F*
10410,2017/10/30,14:58:48,321,31710074,3,2,53,CHECK,0,0,1,2,3,1509343000,13,s,1,1,1,1,1,5,1,,,,,,,,,r,,3_2,15,r
10423,2017/10/30,14:59:12,321,31710074,3,3,9,CHECK,0,0,1,2,3,1509343128,2,s,1,1,1,1,1,5,1,,,,,,,,,r,,3_3,15,r
10440,2017/10/30,14:59:54,321,31710074,3,4,11,CHECK,0,0,1,2,3,1509343153,4,s,1,1,1,1,1,5,1,,,,,,,,,,,3_4,15,n
10449,2017/10/30,15:00:12,321,31710074,3,5,5,CHECK,0,0,1,2,3,1509343195,2,s,1,1,1,1,1,5,1,,,,,,,,,,,3_5,15,n
10455,2017/10/30,17:26:40,321,31710042,1,1,3,CHECK,0,0,1,2,3,1509351993,1,s,1,1,1,1,1,5,1,,,,,,,,,,F*,1_1,15,F*
10461,2017/10/30,17:26:49,321,31710042,1,2,3,CHECK,0,0,1,2,3,1509352001,1,s,1,1,1,1,1,5,1,,,,,,,,,,F*,1_2,15,F*
10467,2017/10/30,17:26:56,321,31710042,1,3,3,CHECK,0,0,1,2,3,1509352010,1,s,1,1,1,1,1,5,1,,,,,,,,,,F*,1_3,15,F*
10473,2017/10/30,17:27:04,321,31710042,1,4,3,CHECK,0,0,1,2,3,1509352017,1,s,1,1,1,1,1,5,1,,,,,,,,,,F*,1_4,15,F*
10483,2017/10/30,17:27:17,321,31710042,1,5,5,CHECK,0,0,1,2,3,1509352024,3,s,1,1,1,1,1,5,1,,,,,,,,,,,1_5,15,n
10491,2017/10/30,17:27:30,321,31710042,2,1,5,CHECK,0,0,1,2,3,1509352042,1,s,1,1,1,1,1,5,1,,,,,,,,s,,,2_1,15,s
10497,2017/10/30,17:27:36,321,31710042,2,2,3,CHECK,0,0,1,2,3,1509352050,1,s,1,1,1,1,1,5,1,,,,,,,,,,F*,2_2,15,F*
10503,2017/10/30,17:27:44,321,31710042,2,3,3,CHECK,0,0,1,2,3,1509352057,1,s,1,1,1,1,1,5,1,,,,,,,,,,F*,2_3,15,F*
10509,2017/10/30,17:27:51,321,31710042,2,4,3,CHECK,0,0,1,2,3,1509352064,1,s,1,1,1,1,1,5,1,,,,,,,,,,F*,2_4,15,F*
10515,2017/10/30,17:27:58,321,31710042,2,5,3,CHECK,0,0,1,2,3,1509352072,1,s,1,1,1,1,1,5,1,,,,,,,,,,F*,2_5,15,F*
10523,2017/10/30,17:28:12,321,31710042,3,1,5,CHECK,0,0,1,2,3,1509352080,1,s,1,1,1,1,1,5,1,,,,,,,,,,,3_1,15,n
10529,2017/10/30,17:28:20,321,31710042,3,2,3,CHECK,0,0,1,2,3,1509352093,1,s,1,1,1,1,1,5,1,,,,,,,,s,,,3_2,15,s
10535,2017/10/30,17:28:27,321,31710042,3,3,3,CHECK,0,0,1,2,3,1509352101,1,s,1,1,1,1,1,5,1,,,,,,,,,,,3_3,15,n
10541,2017/10/30,17:28:36,321,31710042,3,4,3,CHECK,0,0,1,2,3,1509352108,1,s,1,1,1,1,1,5,1,,,,,,,,,,,3_4,15,n
10547,2017/10/30,17:28:45,321,31710042,3,5,3,CHECK,0,0,1,2,3,1509352117,1,s,1,1,1,1,1,5,1,,,,,,,,s,,,3_5,15,s
