,date,time,ans,InputID,lv,asg,stp,ope1,slot,card,slot1,slot2,slot3,session,check,jdg,C.S,ST.S,N.S,SS.S,O.S,validity,trial,amount,sentence,type0,type2,formula_order,story,type,story_st,relation_st,formula_st,q
0,2017/10/30,14:32:56,321,31710071,1,1,3,CHECK,0,0,1,2,3,1509341558,1,s,1,1,1,1,1,5,1,,,,,,,,1,0,1,1_1
1,2017/10/30,14:33:11,321,31710071,1,2,3,CHECK,0,0,1,2,3,1509341576,1,s,1,1,1,1,1,5,1,,,,,,,,1,0,1,1_2
2,2017/10/30,14:33:26,321,31710071,1,3,3,CHECK,0,0,1,2,3,1509341592,1,s,1,1,1,1,1,5,1,,,,,,,,1,0,1,1_3
3,2017/10/30,14:33:40,321,31710071,1,4,3,CHECK,0,0,1,2,3,1509341606,1,s,1,1,1,1,1,5,1,,,,,,,,1,0,1,1_4
4,2017/10/30,14:33:51,321,31710071,1,5,3,CHECK,0,0,1,2,3,1509341620,1,s,1,1,1,1,1,5,1,,,,,,,,1,0,1,1_5
5,2017/10/30,14:34:27,321,31710071,2,1,3,CHECK,0,0,1,2,3,1509341636,1,s,1,1,1,1,1,5,1,,,,,,,,1,0,1,2_1
6,2017/10/30,14:34:42,321,31710071,2,2,3,CHECK,0,0,1,2,3,1509341667,1,s,1,1,1,1,1,5,1,,,,,,,,1,0,1,2_2
7,2017/10/30,14:34:55,321,31710071,2,3,3,CHECK,0,0,1,2,3,1509341683,1,s,1,1,1,1,1,5,1,,,,,,,,1,0,1,2_3
8,2017/10/30,14:35:07,321,31710071,2,4,3,CHECK,0,0,1,2,3,1509341695,1,s,1,1,1,1,1,5,1,,,,,,,,1,0,1,2_4
9,2017/10/30,14:35:23,321,31710071,2,5,3,CHECK,0,0,1,2,3,1509341707,1,s,1,1,1,1,1,5,1,,,,,,,,0,0,0,2_5
10,2017/10/30,14:37:09,352,31710071,3,1,3,CHECK,0,0,2,5,3,1509341777,1,f,0,0,1,0,0,1,1,,,,,,,,0,1,0,3_1
11,2017/10/30,14:38:54,321,31710071,3,2,3,CHECK,0,0,1,2,3,1509341923,1,s,1,1,1,1,1,5,1,,,,,,,,1,0,0,3_2
12,2017/10/30,14:39:10,321,31710071,3,3,3,CHECK,0,0,1,2,3,1509341934,1,s,1,1,1,1,1,5,1,,,,,,,,1,0,0,3_3
13,2017/10/30,14:39:44,321,31710071,3,4,3,CHECK,0,0,1,2,3,1509341951,1,s,1,1,1,1,1,5,1,,,,,,,,1,0,0,3_4
14,2017/10/30,14:39:54,321,31710071,3,5,3,CHECK,0,0,1,2,3,1509341984,1,s,1,1,1,1,1,5,1,,,,,,,,1,0,0,3_5
15,2017/10/30,14:45:39,321,31510207,1,1,5,CHECK,0,0,1,2,3,1509342323,1,s,1,1,1,1,1,5,1,,,,,,,,0,0,0,1_1
16,2017/10/30,14:46:01,321,31510207,1,2,3,CHECK,0,0,1,2,3,1509342340,1,s,1,1,1,1,1,5,1,,,,,,,,1,0,1,1_2
17,2017/10/30,14:46:13,321,31510207,1,3,3,CHECK,0,0,1,2,3,1509342361,1,s,1,1,1,1,1,5,1,,,,,,,,1,0,1,1_3
18,2017/10/30,14:46:54,321,31510207,1,4,3,CHECK,0,0,1,2,3,1509342374,1,s,1,1,1,1,1,5,1,,,,,,,,1,0,1,1_4
19,2017/10/30,14:47:02,321,31510207,1,5,3,CHECK,0,0,1,2,3,1509342415,1,s,1,1,1,1,1,5,1,,,,,,,,1,0,1,1_5
20,2017/10/30,14:47:45,621,31510207,2,1,3,CHECK,0,0,1,2,6,1509342425,1,f,1,1,1,1,0,4,1,,,,,,,,1,0,1,2_1
21,2017/10/30,14:48:16,321,31510207,2,2,3,CHECK,0,0,1,2,3,1509342485,1,s,1,1,1,1,1,5,1,,,,,,,,1,0,1,2_2
22,2017/10/30,14:48:27,321,31510207,2,3,3,CHECK,0,0,1,2,3,1509342497,1,s,1,1,1,1,1,5,1,,,,,,,,1,0,1,2_3
23,2017/10/30,14:48:46,321,31510207,2,4,3,CHECK,0,0,1,2,3,1509342507,1,s,1,1,1,1,1,5,1,,,,,,,,1,0,1,2_4
24,2017/10/30,14:49:06,321,31510207,2,5,3,CHECK,0,0,1,2,3,1509342527,1,s,1,1,1,1,1,5,1,,,,,,,,1,0,1,2_5
25,2017/10/30,14:49:35,534,31510207,3,1,3,CHECK,0,0,4,3,5,1509342549,1,f,0,0,1,1,1,3,1,,,,,,,,0,0,0,3_1
26,2017/10/30,15:04:13,321,31510207,3,2,3,CHECK,0,0,1,2,3,1509343440,1,s,1,1,1,1,1,5,1,,,,,,,,0,0,0,3_2
27,2017/10/30,15:04:28,123,31510207,3,3,3,CHECK,0,0,3,2,1,1509343454,1,f,0,1,1,1,1,4,1,,,,,,,,0,1,0,3_3
28,2017/10/30,15:04:47,321,31510207,3,4,3,CHECK,0,0,1,2,3,1509343473,1,s,1,1,1,1,1,5,1,,,,,,,,1,0,0,3_4
29,2017/10/30,15:05:00,321,31510207,3,5,3,CHECK,0,0,1,2,3,1509343488,1,s,1,1,1,1,1,5,1,,,,,,,,0,0,0,3_5
30,2017/10/30,14:49:48,321,31710039,1,1,3,CHECK,0,0,1,2,3,1509342452,1,s,1,1,1,1,1,5,1,,,,,,,,0,0,0,1_1
31,2017/10/30,14:50:08,321,31710039,1,2,3,CHECK,0,0,1,2,3,1509342589,1,s,1,1,1,1,1,5,1,,,,,,,,1,0,1,1_2
32,2017/10/30,14:50:36,321,31710039,1,3,3,CHECK,0,0,1,2,3,1509342609,1,s,1,1,1,1,1,5,1,,,,,,,,0,0,0,1_3
33,2017/10/30,14:51:49,321,31710039,1,4,3,CHECK,0,0,1,2,3,1509342637,1,s,1,1,1,1,1,5,1,,,,,,,,0,0,0,1_4
34,2017/10/30,14:52:06,321,31710039,1,5,3,CHECK,0,0,1,2,3,1509342711,1,s,1,1,1,1,1,5,1,,,,,,,,0,0,0,1_5
35,2017/10/30,14:52:24,321,31710039,2,1,3,CHECK,0,0,1,2,3,1509342729,1,s,1,1,1,1,1,5,1,,,,,,,,0,0,0,2_1
36,2017/10/30,14:52:39,321,31710039,2,2,3,CHECK,0,0,1,2,3,1509342745,1,s,1,1,1,1,1,5,1,,,,,,,,0,0,0,2_2
37,2017/10/30,14:52:58,321,31710039,2,3,3,CHECK,0,0,1,2,3,1509342760,1,s,1,1,1,1,1,5,1,,,,,,,,0,0,0,2_3
38,2017/10/30,14:53:27,321,31710039,2,4,3,CHECK,0,0,1,2,3,1509342779,1,s,1,1,1,1,1,5,1,,,,,,,,0,0,0,2_4
39,2017/10/30,14:53:43,321,31710039,2,5,3,CHECK,0,0,1,2,3,1509342808,1,s,1,1,1,1,1,5,1,,,,,,,,0,0,0,2_5
40,2017/10/30,14:55:05,453,31710039,3,1,3,CHECK,0,0,3,5,4,1509342828,1,f,0,0,1,1,1,3,1,,,,,,,,0,0,0,3_1
41,2017/10/30,14:58:52,321,31710039,3,2,7,CHECK,0,0,1,2,3,1509343098,1,s,1,1,1,1,1,5,1,,,,,,,,0,0,0,3_2
42,2017/10/30,14:59:13,321,31710039,3,3,3,CHECK,0,0,1,2,3,1509343134,1,s,1,1,1,1,1,5,1,,,,,,,,0,0,0,3_3
43,2017/10/30,14:59:26,321,31710039,3,4,3,CHECK,0,0,1,2,3,1509343154,1,s,1,1,1,1,1,5,1,,,,,,,,0,0,0,3_4
44,2017/10/30,14:59:41,321,31710039,3,5,3,CHECK,0,0,1,2,3,1509343168,1,s,1,1,1,1,1,5,1,,,,,,,,0,0,0,3_5
45,2017/10/30,17:11:34,321,s31610012,1,1,5,CHECK,0,0,1,2,3,1509351074,1,s,1,1,1,1,1,5,1,,,,,,,,0,0,0,1_1
46,2017/10/30,17:11:43,325,s31610012,1,2,3,CHECK,0,0,5,2,3,1509351096,1,f,0,0,1,0,0,1,1,,,,,,,,0,1,1,1_2
47,2017/10/30,17:12:07,321,s31610012,1,3,3,CHECK,0,0,1,2,3,1509351114,1,s,1,1,1,1,1,5,1,,,,,,,,1,0,1,1_3
48,2017/10/30,17:12:21,321,s31610012,1,4,3,CHECK,0,0,1,2,3,1509351128,1,s,1,1,1,1,1,5,1,,,,,,,,0,1,0,1_4
49,2017/10/30,17:12:30,321,s31610012,1,5,3,CHECK,0,0,1,2,3,1509351142,1,s,1,1,1,1,1,5,1,,,,,,,,0,0,0,1_5
50,2017/10/30,17:12:43,341,s31610012,2,1,3,CHECK,0,0,1,4,3,1509351154,1,f,0,0,1,0,1,2,1,,,,,,,,0,0,0,2_1
51,2017/10/30,17:13:08,321,s31610012,2,2,3,CHECK,0,0,1,2,3,1509351174,1,s,1,1,1,1,1,5,1,,,,,,,,1,0,1,2_2
52,2017/10/30,17:13:29,321,s31610012,2,3,5,CHECK,0,0,1,2,3,1509351189,1,s,1,1,1,1,1,5,1,,,,,,,,0,0,0,2_3
53,2017/10/30,17:13:48,321,s31610012,2,4,3,CHECK,0,0,1,2,3,1509351210,1,s,1,1,1,1,1,5,1,,,,,,,,0,0,0,2_4
54,2017/10/30,17:14:01,341,s31610012,2,5,3,CHECK,0,0,1,4,3,1509351229,1,f,0,0,1,0,1,2,1,,,,,,,,0,0,0,2_5
55,2017/10/30,17:14:27,453,s31610012,3,1,3,CHECK,0,0,3,5,4,1509351259,1,f,0,0,1,1,1,3,1,,,,,,,,1,0,1,3_1
56,2017/10/30,17:16:29,321,s31610012,3,2,5,CHECK,0,0,1,2,3,1509351377,1,s,1,1,1,1,1,5,1,,,,,,,,0,0,0,3_2
57,2017/10/30,17:16:40,321,s31610012,3,3,3,CHECK,0,0,1,2,3,1509351390,1,s,1,1,1,1,1,5,1,,,,,,,,0,0,0,3_3
58,2017/10/30,17:16:57,345,s31610012,3,4,5,CHECK,0,0,5,4,3,1509351400,1,f,0,0,1,1,1,3,1,,,,,,,,0,0,0,3_4
59,2017/10/30,17:17:27,341,s31610012,3,5,3,CHECK,0,0,1,4,3,1509351438,1,f,0,0,1,0,1,2,1,,,,,,,,0,0,0,3_5
60,2017/10/30,14:15:43,321,31610158,1,1,3,CHECK,0,0,1,2,3,1509340528,1,s,1,1,1,1,1,5,1,,,,,,,,1,0,1,1_1
61,2017/10/30,14:16:01,321,31610158,1,2,3,CHECK,0,0,1,2,3,1509340543,1,s,1,1,1,1,1,5,1,,,,,,,,1,0,1,1_2
62,2017/10/30,14:16:16,321,31610158,1,3,5,CHECK,0,0,1,2,3,1509340561,1,s,1,1,1,1,1,5,1,,,,,,,,0,0,0,1_3
63,2017/10/30,14:16:33,321,31610158,1,4,3,CHECK,0,0,1,2,3,1509340576,1,s,1,1,1,1,1,5,1,,,,,,,,0,1,0,1_4
64,2017/10/30,14:16:49,321,31610158,1,5,5,CHECK,0,0,1,2,3,1509340593,1,s,1,1,1,1,1,5,1,,,,,,,,0,0,0,1_5
65,2017/10/30,14:17:12,321,31610158,2,1,3,CHECK,0,0,1,2,3,1509340612,1,s,1,1,1,1,1,5,1,,,,,,,,1,0,1,2_1
66,2017/10/30,14:17:26,321,31610158,2,2,3,CHECK,0,0,1,2,3,1509340633,1,s,1,1,1,1,1,5,1,,,,,,,,1,0,1,2_2
67,2017/10/30,14:17:50,321,31610158,2,3,7,CHECK,0,0,1,2,3,1509340646,1,s,1,1,1,1,1,5,1,,,,,,,,0,0,0,2_3
68,2017/10/30,14:18:04,321,31610158,2,4,3,CHECK,0,0,1,2,3,1509340671,1,s,1,1,1,1,1,5,1,,,,,,,,1,0,1,2_4
69,2017/10/30,14:18:20,321,31610158,2,5,3,CHECK,0,0,1,2,3,1509340684,1,s,1,1,1,1,1,5,1,,,,,,,,1,0,1,2_5
70,2017/10/30,14:51:10,543,31610158,3,1,3,CHECK,0,0,3,4,5,1509342383,1,f,0,0,1,1,1,3,1,,,,,,,,0,0,0,3_1
71,2017/10/30,14:52:40,341,31610158,3,2,5,CHECK,0,0,1,4,3,1509342742,1,f,0,0,1,0,1,2,1,,,,,,,,0,0,0,3_2
72,2017/10/30,14:53:05,351,31610158,3,3,3,CHECK,0,0,1,5,3,1509342771,1,f,0,0,0,1,1,2,1,,,,,,,,0,0,0,3_3
73,2017/10/30,14:53:56,341,31610158,3,4,3,CHECK,0,0,1,4,3,1509342819,1,f,0,0,1,0,1,2,1,,,,,,,,0,0,0,3_4
74,2017/10/30,14:54:18,341,31610158,3,5,3,CHECK,0,0,1,4,3,1509342843,1,f,0,0,1,0,1,2,1,,,,,,,,0,0,0,3_5
75,2017/10/30,14:45:23,321,31710023,1,1,5,CHECK,0,0,1,2,3,1509342209,1,s,1,1,1,1,1,5,1,,,,,,,,0,1,0,1_1
76,2017/10/30,14:45:46,321,31710023,1,2,3,CHECK,0,0,1,2,3,1509342324,1,s,1,1,1,1,1,5,1,,,,,,,,1,0,1,1_2
77,2017/10/30,14:46:04,321,31710023,1,3,5,CHECK,0,0,1,2,3,1509342347,1,s,1,1,1,1,1,5,1,,,,,,,,1,0,1,1_3
78,2017/10/30,14:46:18,321,31710023,1,4,3,CHECK,0,0,1,2,3,1509342365,1,s,1,1,1,1,1,5,1,,,,,,,,1,0,1,1_4
79,2017/10/30,14:46:27,321,31710023,1,5,3,CHECK,0,0,1,2,3,1509342379,1,s,1,1,1,1,1,5,1,,,,,,,,1,0,1,1_5
80,2017/10/30,14:46:42,321,31710023,2,1,3,CHECK,0,0,1,2,3,1509342392,1,s,1,1,1,1,1,5,1,,,,,,,,1,0,1,2_1
81,2017/10/30,14:46:53,341,31710023,2,2,3,CHECK,0,0,1,4,3,1509342404,1,f,0,0,1,0,1,2,1,,,,,,,,0,0,1,2_2
82,2017/10/30,14:47:16,321,31710023,2,3,3,CHECK,0,0,1,2,3,1509342423,1,s,1,1,1,1,1,5,1,,,,,,,,1,0,1,2_3
83,2017/10/30,14:47:30,321,31710023,2,4,3,CHECK,0,0,1,2,3,1509342437,1,s,1,1,1,1,1,5,1,,,,,,,,1,0,1,2_4
84,2017/10/30,14:47:45,621,31710023,2,5,3,CHECK,0,0,1,2,6,1509342451,1,f,1,1,1,1,0,4,1,,,,,,,,1,0,1,2_5
85,2017/10/30,14:48:52,534,31710023,3,1,5,CHECK,0,0,4,3,5,1509342489,1,f,0,0,1,1,1,3,1,,,,,,,,0,0,0,3_1
86,2017/10/30,16:57:54,321,31710023,3,2,3,CHECK,0,0,1,2,3,1509350258,1,s,1,1,1,1,1,5,1,,,,,,,,1,0,0,3_2
87,2017/10/30,16:58:09,321,31710023,3,3,3,CHECK,0,0,1,2,3,1509350275,1,s,1,1,1,1,1,5,1,,,,,,,,1,0,0,3_3
88,2017/10/30,16:58:21,321,31710023,3,4,3,CHECK,0,0,1,2,3,1509350290,1,s,1,1,1,1,1,5,1,,,,,,,,1,0,0,3_4
89,2017/10/30,16:58:35,321,31710023,3,5,3,CHECK,0,0,1,2,3,1509350302,1,s,1,1,1,1,1,5,1,,,,,,,,1,0,0,3_5
90,2017/10/30,14:39:15,325,31610016,1,1,9,CHECK,0,0,5,2,3,1509341931,1,f,0,0,1,0,0,1,1,,,,,,,,0,0,0,1_1
91,2017/10/30,14:40:12,312,31610016,1,2,3,CHECK,0,0,2,1,3,1509341998,1,f,0,1,1,1,1,4,1,,,,,,,,0,1,0,1_2
92,2017/10/30,14:40:39,321,31610016,1,3,3,CHECK,0,0,1,2,3,1509342020,1,s,1,1,1,1,1,5,1,,,,,,,,1,0,1,1_3
93,2017/10/30,14:40:55,321,31610016,1,4,5,CHECK,0,0,1,2,3,1509342039,1,s,1,1,1,1,1,5,1,,,,,,,,0,1,0,1_4
94,2017/10/30,14:41:23,321,31610016,1,5,3,CHECK,0,0,1,2,3,1509342056,1,s,1,1,1,1,1,5,1,,,,,,,,0,1,0,1_5
95,2017/10/30,14:41:52,325,31610016,2,1,9,CHECK,0,0,5,2,3,1509342085,1,f,0,0,1,0,0,1,1,,,,,,,,0,0,0,2_1
96,2017/10/30,14:42:49,321,31610016,2,2,3,CHECK,0,0,1,2,3,1509342137,1,s,1,1,1,1,1,5,1,,,,,,,,0,1,0,2_2
97,2017/10/30,14:43:02,321,31610016,2,3,3,CHECK,0,0,1,2,3,1509342169,1,s,1,1,1,1,1,5,1,,,,,,,,1,0,1,2_3
98,2017/10/30,14:43:30,321,31610016,2,4,9,CHECK,0,0,1,2,3,1509342183,1,s,1,1,1,1,1,5,1,,,,,,,,0,0,0,2_4
99,2017/10/30,14:43:39,321,31610016,2,5,3,CHECK,0,0,1,2,3,1509342210,1,s,1,1,1,1,1,5,1,,,,,,,,1,0,1,2_5
100,2017/10/30,14:44:02,453,31610016,3,1,3,CHECK,0,0,3,5,4,1509342221,1,f,0,0,1,1,1,3,1,,,,,,,,1,0,1,3_1
101,2017/10/30,14:53:24,253,31610016,3,2,3,CHECK,0,0,3,5,2,1509342765,1,f,0,0,1,0,0,1,1,,,,,,,,0,1,0,3_2
102,2017/10/30,14:54:58,321,31610016,3,3,3,CHECK,0,0,1,2,3,1509342881,1,s,1,1,1,1,1,5,1,,,,,,,,0,1,0,3_3
103,2017/10/30,14:55:21,321,31610016,3,4,3,CHECK,0,0,1,2,3,1509342909,1,s,1,1,1,1,1,5,1,,,,,,,,0,1,0,3_4
104,2017/10/30,14:55:37,321,31610016,3,5,3,CHECK,0,0,1,2,3,1509342922,1,s,1,1,1,1,1,5,1,,,,,,,,0,1,0,3_5
105,2017/10/30,14:26:39,321,31410196,1,1,3,CHECK,0,0,1,2,3,1509341191,1,s,1,1,1,1,1,5,1,,,,,,,,0,1,0,1_1
106,2017/10/30,14:26:46,321,31410196,1,2,3,CHECK,0,0,1,2,3,1509341200,1,s,1,1,1,1,1,5,1,,,,,,,,1,0,1,1_2
107,2017/10/30,14:27:00,321,31410196,1,3,3,CHECK,0,0,1,2,3,1509341207,1,s,1,1,1,1,1,5,1,,,,,,,,0,0,0,1_3
108,2017/10/30,14:27:09,321,31410196,1,4,3,CHECK,0,0,1,2,3,1509341220,1,s,1,1,1,1,1,5,1,,,,,,,,0,0,0,1_4
109,2017/10/30,14:27:16,321,31410196,1,5,3,CHECK,0,0,1,2,3,1509341230,1,s,1,1,1,1,1,5,1,,,,,,,,0,0,0,1_5
110,2017/10/30,14:27:29,321,31410196,2,1,3,CHECK,0,0,1,2,3,1509341239,1,s,1,1,1,1,1,5,1,,,,,,,,0,1,0,2_1
111,2017/10/30,14:27:38,321,31410196,2,2,3,CHECK,0,0,1,2,3,1509341249,1,s,1,1,1,1,1,5,1,,,,,,,,0,0,0,2_2
112,2017/10/30,14:27:49,321,31410196,2,3,5,CHECK,0,0,1,2,3,1509341258,1,s,1,1,1,1,1,5,1,,,,,,,,0,0,0,2_3
113,2017/10/30,14:27:55,321,31410196,2,4,3,CHECK,0,0,1,2,3,1509341270,1,s,1,1,1,1,1,5,1,,,,,,,,1,0,1,2_4
114,2017/10/30,14:28:03,321,31410196,2,5,3,CHECK,0,0,1,2,3,1509341276,1,s,1,1,1,1,1,5,1,,,,,,,,0,1,0,2_5
115,2017/10/30,14:35:23,321,31410196,3,1,3,CHECK,0,0,1,2,3,1509341698,1,s,1,1,1,1,1,5,1,,,,,,,,1,0,0,3_1
116,2017/10/30,14:35:50,453,31410196,3,2,7,CHECK,0,0,3,5,4,1509341724,1,f,0,0,1,1,1,3,1,,,,,,,,0,0,0,3_2
117,2017/10/30,14:36:24,123,31410196,3,3,5,CHECK,0,0,3,2,1,1509341767,1,f,0,1,1,1,1,4,1,,,,,,,,0,1,0,3_3
118,2017/10/30,14:40:11,321,31410196,3,4,3,CHECK,0,0,1,2,3,1509341998,1,s,1,1,1,1,1,5,1,,,,,,,,0,0,0,3_4
119,2017/10/30,14:40:22,321,31410196,3,5,5,CHECK,0,0,1,2,3,1509342012,1,s,1,1,1,1,1,5,1,,,,,,,,0,0,0,3_5
120,2017/10/30,14:46:36,321,31710135,1,1,3,CHECK,0,0,1,2,3,1509342226,1,s,1,1,1,1,1,5,1,,,,,,,,1,0,1,1_1
121,2017/10/30,14:46:46,321,31710135,1,2,3,CHECK,0,0,1,2,3,1509342398,1,s,1,1,1,1,1,5,1,,,,,,,,1,0,1,1_2
122,2017/10/30,14:47:00,321,31710135,1,3,3,CHECK,0,0,1,2,3,1509342407,1,s,1,1,1,1,1,5,1,,,,,,,,1,0,1,1_3
123,2017/10/30,14:47:18,321,31710135,1,4,3,CHECK,0,0,1,2,3,1509342421,1,s,1,1,1,1,1,5,1,,,,,,,,1,0,1,1_4
124,2017/10/30,14:47:30,321,31710135,1,5,3,CHECK,0,0,1,2,3,1509342439,1,s,1,1,1,1,1,5,1,,,,,,,,1,0,1,1_5
125,2017/10/30,14:47:48,321,31710135,2,1,3,CHECK,0,0,1,2,3,1509342456,1,s,1,1,1,1,1,5,1,,,,,,,,1,0,1,2_1
126,2017/10/30,14:48:30,321,31710135,2,2,3,CHECK,0,0,1,2,3,1509342470,1,s,1,1,1,1,1,5,1,,,,,,,,1,0,1,2_2
127,2017/10/30,14:48:45,321,31710135,2,3,3,CHECK,0,0,1,2,3,1509342512,1,s,1,1,1,1,1,5,1,,,,,,,,1,0,1,2_3
128,2017/10/30,14:48:57,321,31710135,2,4,3,CHECK,0,0,1,2,3,1509342526,1,s,1,1,1,1,1,5,1,,,,,,,,1,0,1,2_4
129,2017/10/30,14:49:08,321,31710135,2,5,3,CHECK,0,0,1,2,3,1509342538,1,s,1,1,1,1,1,5,1,,,,,,,,1,0,1,2_5
130,2017/10/30,14:49:50,321,31710135,3,1,5,CHECK,0,0,1,2,3,1509342553,1,s,1,1,1,1,1,5,1,,,,,,,,0,0,0,3_1
131,2017/10/30,14:50:06,312,31710135,3,2,3,CHECK,0,0,2,1,3,1509342592,1,f,0,1,1,1,1,4,1,,,,,,,,0,0,0,3_2
132,2017/10/30,14:50:34,341,31710135,3,3,3,CHECK,0,0,1,4,3,1509342614,1,f,0,0,1,0,1,2,1,,,,,,,,0,0,0,3_3
133,2017/10/30,14:50:57,321,31710135,3,4,3,CHECK,0,0,1,2,3,1509342642,1,s,1,1,1,1,1,5,1,,,,,,,,0,0,0,3_4
134,2017/10/30,14:51:09,321,31710135,3,5,3,CHECK,0,0,1,2,3,1509342658,1,s,1,1,1,1,1,5,1,,,,,,,,0,0,0,3_5
135,2017/10/30,14:40:15,321,31410011,1,1,3,CHECK,0,0,1,2,3,1509342003,1,s,1,1,1,1,1,5,1,,,,,,,,1,0,1,1_1
136,2017/10/30,14:40:25,321,31410011,1,2,3,CHECK,0,0,1,2,3,1509342016,1,s,1,1,1,1,1,5,1,,,,,,,,1,0,1,1_2
137,2017/10/30,14:40:38,321,31410011,1,3,3,CHECK,0,0,1,2,3,1509342026,1,s,1,1,1,1,1,5,1,,,,,,,,0,0,0,1_3
138,2017/10/30,14:40:52,321,31410011,1,4,3,CHECK,0,0,1,2,3,1509342038,1,s,1,1,1,1,1,5,1,,,,,,,,0,0,0,1_4
139,2017/10/30,14:41:04,321,31410011,1,5,3,CHECK,0,0,1,2,3,1509342053,1,s,1,1,1,1,1,5,1,,,,,,,,0,0,0,1_5
140,2017/10/30,14:41:19,321,31410011,2,1,3,CHECK,0,0,1,2,3,1509342067,1,s,1,1,1,1,1,5,1,,,,,,,,1,0,1,2_1
141,2017/10/30,14:41:27,321,31410011,2,2,3,CHECK,0,0,1,2,3,1509342080,1,s,1,1,1,1,1,5,1,,,,,,,,1,0,1,2_2
142,2017/10/30,14:41:39,621,31410011,2,3,3,CHECK,0,0,1,2,6,1509342088,1,f,1,1,1,1,0,4,1,,,,,,,,0,1,0,2_3
143,2017/10/30,14:42:25,321,31410011,2,4,13,CHECK,0,0,1,2,3,1509342119,1,s,1,1,1,1,1,5,1,,,,,,,,0,0,0,2_4
144,2017/10/30,14:42:44,321,31410011,2,5,3,CHECK,0,0,1,2,3,1509342146,1,s,1,1,1,1,1,5,1,,,,,,,,0,0,0,2_5
145,2017/10/30,14:43:19,321,31410011,3,1,3,CHECK,0,0,1,2,3,1509342166,1,s,1,1,1,1,1,5,1,,,,,,,,0,1,0,3_1
146,2017/10/30,14:43:38,321,31410011,3,2,7,CHECK,0,0,1,2,3,1509342199,1,s,1,1,1,1,1,5,1,,,,,,,,0,0,0,3_2
147,2017/10/30,14:43:51,321,31410011,3,3,3,CHECK,0,0,1,2,3,1509342219,1,s,1,1,1,1,1,5,1,,,,,,,,0,1,0,3_3
148,2017/10/30,14:43:59,321,31410011,3,4,3,CHECK,0,0,1,2,3,1509342232,1,s,1,1,1,1,1,5,1,,,,,,,,0,0,0,3_4
149,2017/10/30,14:44:08,321,31410011,3,5,3,CHECK,0,0,1,2,3,1509342240,1,s,1,1,1,1,1,5,1,,,,,,,,0,0,0,3_5
150,2017/10/30,14:41:37,321,31610007,1,1,3,CHECK,0,0,1,2,3,1509342072,1,s,1,1,1,1,1,5,1,,,,,,,,1,0,1,1_1
151,2017/10/30,14:41:48,321,31610007,1,2,3,CHECK,0,0,1,2,3,1509342098,1,s,1,1,1,1,1,5,1,,,,,,,,1,0,1,1_2
152,2017/10/30,14:41:54,321,31610007,1,3,3,CHECK,0,0,1,2,3,1509342109,1,s,1,1,1,1,1,5,1,,,,,,,,1,0,1,1_3
153,2017/10/30,14:42:03,321,31610007,1,4,3,CHECK,0,0,1,2,3,1509342115,1,s,1,1,1,1,1,5,1,,,,,,,,1,0,1,1_4
154,2017/10/30,14:42:12,321,31610007,1,5,3,CHECK,0,0,1,2,3,1509342124,1,s,1,1,1,1,1,5,1,,,,,,,,1,0,1,1_5
155,2017/10/30,14:42:30,321,31610007,2,1,3,CHECK,0,0,1,2,3,1509342134,1,s,1,1,1,1,1,5,1,,,,,,,,1,0,1,2_1
156,2017/10/30,14:42:42,321,31610007,2,2,3,CHECK,0,0,1,2,3,1509342151,1,s,1,1,1,1,1,5,1,,,,,,,,1,0,1,2_2
157,2017/10/30,14:42:53,321,31610007,2,3,3,CHECK,0,0,1,2,3,1509342162,1,s,1,1,1,1,1,5,1,,,,,,,,1,0,1,2_3
158,2017/10/30,14:43:05,321,31610007,2,4,3,CHECK,0,0,1,2,3,1509342174,1,s,1,1,1,1,1,5,1,,,,,,,,1,0,1,2_4
159,2017/10/30,14:46:17,321,31610007,2,5,3,CHECK,0,0,1,2,3,1509342368,1,s,1,1,1,1,1,5,1,,,,,,,,1,0,1,2_5
160,2017/10/30,14:46:32,534,31610007,3,1,3,CHECK,0,0,4,3,5,1509342380,1,f,0,0,1,1,1,3,1,,,,,,,,0,0,0,3_1
161,2017/10/30,14:49:06,543,31610007,3,2,5,CHECK,0,0,3,4,5,1509342533,1,f,0,0,1,1,1,3,1,,,,,,,,0,0,0,3_2
162,2017/10/30,14:50:11,413,31610007,3,3,5,CHECK,0,0,3,1,4,1509342576,1,f,0,0,1,0,1,2,1,,,,,,,,0,0,0,3_3
163,2017/10/30,14:50:34,345,31610007,3,4,3,CHECK,0,0,5,4,3,1509342623,1,f,0,0,1,1,1,3,1,,,,,,,,0,0,0,3_4
164,2017/10/30,14:50:53,325,31610007,3,5,3,CHECK,0,0,5,2,3,1509342641,1,f,0,0,1,0,0,1,1,,,,,,,,0,0,0,3_5
165,2017/10/30,14:34:51,321,31210101,1,1,3,CHECK,0,0,1,2,3,1509341669,1,s,1,1,1,1,1,5,1,,,,,,,,1,0,1,1_1
166,2017/10/30,14:35:01,321,31210101,1,2,3,CHECK,0,0,1,2,3,1509341692,1,s,1,1,1,1,1,5,1,,,,,,,,1,0,1,1_2
167,2017/10/30,14:35:15,321,31210101,1,3,5,CHECK,0,0,1,2,3,1509341701,1,s,1,1,1,1,1,5,1,,,,,,,,0,0,0,1_3
168,2017/10/30,14:35:29,321,31210101,1,4,3,CHECK,0,0,1,2,3,1509341716,1,s,1,1,1,1,1,5,1,,,,,,,,0,1,0,1_4
169,2017/10/30,14:35:39,321,31210101,1,5,3,CHECK,0,0,1,2,3,1509341730,1,s,1,1,1,1,1,5,1,,,,,,,,0,1,0,1_5
170,2017/10/30,14:36:05,321,31210101,2,1,3,CHECK,0,0,1,2,3,1509341743,1,s,1,1,1,1,1,5,1,,,,,,,,0,0,0,2_1
171,2017/10/30,14:36:17,321,31210101,2,2,5,CHECK,0,0,1,2,3,1509341766,1,s,1,1,1,1,1,5,1,,,,,,,,0,0,0,2_2
172,2017/10/30,14:36:25,321,31210101,2,3,3,CHECK,0,0,1,2,3,1509341778,1,s,1,1,1,1,1,5,1,,,,,,,,0,0,0,2_3
173,2017/10/30,14:36:39,321,31210101,2,4,5,CHECK,0,0,1,2,3,1509341786,1,s,1,1,1,1,1,5,1,,,,,,,,0,0,0,2_4
174,2017/10/30,14:36:48,321,31210101,2,5,5,CHECK,0,0,1,2,3,1509341800,1,s,1,1,1,1,1,5,1,,,,,,,,0,1,0,2_5
175,2017/10/30,14:37:00,453,31210101,3,1,3,CHECK,0,0,3,5,4,1509341811,1,f,0,0,1,1,1,3,1,,,,,,,,0,1,0,3_1
176,2017/10/30,14:38:31,325,31210101,3,2,11,CHECK,0,0,5,2,3,1509341890,1,f,0,0,1,0,0,1,1,,,,,,,,0,0,0,3_2
177,2017/10/30,14:38:47,321,31210101,3,3,5,CHECK,0,0,1,2,3,1509341916,1,s,1,1,1,1,1,5,1,,,,,,,,0,0,0,3_3
178,2017/10/30,14:38:59,321,31210101,3,4,5,CHECK,0,0,1,2,3,1509341928,1,s,1,1,1,1,1,5,1,,,,,,,,0,0,0,3_4
179,2017/10/30,14:39:10,321,31210101,3,5,3,CHECK,0,0,1,2,3,1509341940,1,s,1,1,1,1,1,5,1,,,,,,,,0,0,0,3_5
180,2017/10/30,14:43:46,321,31410170,1,1,3,CHECK,0,0,1,2,3,1509342212,1,s,1,1,1,1,1,5,1,,,,,,,,1,0,1,1_1
181,2017/10/30,14:44:06,341,31410170,1,2,3,CHECK,0,0,1,4,3,1509342236,1,f,0,0,1,0,1,2,1,,,,,,,,0,0,1,1_2
182,2017/10/30,14:44:43,321,31410170,1,3,3,CHECK,0,0,1,2,3,1509342273,1,s,1,1,1,1,1,5,1,,,,,,,,1,0,1,1_3
183,2017/10/30,14:44:58,321,31410170,1,4,3,CHECK,0,0,1,2,3,1509342284,1,s,1,1,1,1,1,5,1,,,,,,,,1,0,1,1_4
184,2017/10/30,14:45:08,321,31410170,1,5,3,CHECK,0,0,1,2,3,1509342299,1,s,1,1,1,1,1,5,1,,,,,,,,1,0,1,1_5
185,2017/10/30,14:45:22,321,31410170,2,1,3,CHECK,0,0,1,2,3,1509342311,1,s,1,1,1,1,1,5,1,,,,,,,,1,0,1,2_1
186,2017/10/30,14:45:34,321,31410170,2,2,3,CHECK,0,0,1,2,3,1509342323,1,s,1,1,1,1,1,5,1,,,,,,,,1,0,1,2_2
187,2017/10/30,14:45:44,321,31410170,2,3,3,CHECK,0,0,1,2,3,1509342334,1,s,1,1,1,1,1,5,1,,,,,,,,1,0,1,2_3
188,2017/10/30,14:45:56,321,31410170,2,4,3,CHECK,0,0,1,2,3,1509342344,1,s,1,1,1,1,1,5,1,,,,,,,,1,0,1,2_4
189,2017/10/30,14:46:05,321,31410170,2,5,3,CHECK,0,0,1,2,3,1509342357,1,s,1,1,1,1,1,5,1,,,,,,,,1,0,1,2_5
190,2017/10/30,14:46:26,453,31410170,3,1,3,CHECK,0,0,3,5,4,1509342374,1,f,0,0,1,1,1,3,1,,,,,,,,1,0,1,3_1
191,2017/10/30,14:48:03,321,31410170,3,2,3,CHECK,0,0,1,2,3,1509342471,1,s,1,1,1,1,1,5,1,,,,,,,,0,1,0,3_2
192,2017/10/30,14:48:12,321,31410170,3,3,3,CHECK,0,0,1,2,3,1509342484,1,s,1,1,1,1,1,5,1,,,,,,,,0,1,0,3_3
193,2017/10/30,14:48:24,324,31410170,3,4,3,CHECK,0,0,4,2,3,1509342493,1,f,0,1,0,1,1,3,1,,,,,,,,0,1,0,3_4
194,2017/10/30,14:48:47,321,31410170,3,5,3,CHECK,0,0,1,2,3,1509342513,1,s,1,1,1,1,1,5,1,,,,,,,,0,1,0,3_5
195,2017/10/30,14:42:34,321,31610164,1,1,3,CHECK,0,0,1,2,3,1509342132,1,s,1,1,1,1,1,5,1,,,,,,,,1,0,1,1_1
196,2017/10/30,14:42:52,321,31610164,1,2,5,CHECK,0,0,1,2,3,1509342155,1,s,1,1,1,1,1,5,1,,,,,,,,0,0,0,1_2
197,2017/10/30,14:43:06,321,31610164,1,3,3,CHECK,0,0,1,2,3,1509342173,1,s,1,1,1,1,1,5,1,,,,,,,,1,0,1,1_3
198,2017/10/30,14:43:53,321,31610164,1,4,3,CHECK,0,0,1,2,3,1509342187,1,s,1,1,1,1,1,5,1,,,,,,,,1,0,1,1_4
199,2017/10/30,14:44:05,321,31610164,1,5,3,CHECK,0,0,1,2,3,1509342234,1,s,1,1,1,1,1,5,1,,,,,,,,1,0,1,1_5
200,2017/10/30,14:44:20,321,31610164,2,1,3,CHECK,0,0,1,2,3,1509342247,1,s,1,1,1,1,1,5,1,,,,,,,,1,0,1,2_1
201,2017/10/30,14:44:33,321,31610164,2,2,3,CHECK,0,0,1,2,3,1509342261,1,s,1,1,1,1,1,5,1,,,,,,,,1,0,1,2_2
202,2017/10/30,14:44:45,321,31610164,2,3,3,CHECK,0,0,1,2,3,1509342274,1,s,1,1,1,1,1,5,1,,,,,,,,1,0,1,2_3
203,2017/10/30,14:44:57,321,31610164,2,4,3,CHECK,0,0,1,2,3,1509342286,1,s,1,1,1,1,1,5,1,,,,,,,,0,0,0,2_4
204,2017/10/30,14:45:07,321,31610164,2,5,3,CHECK,0,0,1,2,3,1509342298,1,s,1,1,1,1,1,5,1,,,,,,,,1,0,1,2_5
205,2017/10/30,14:45:40,321,31610164,3,1,3,CHECK,0,0,1,2,3,1509342310,1,s,1,1,1,1,1,5,1,,,,,,,,1,0,0,3_1
206,2017/10/30,14:45:51,321,31610164,3,2,3,CHECK,0,0,1,2,3,1509342341,1,s,1,1,1,1,1,5,1,,,,,,,,1,0,0,3_2
207,2017/10/30,14:46:02,321,31610164,3,3,3,CHECK,0,0,1,2,3,1509342351,1,s,1,1,1,1,1,5,1,,,,,,,,1,0,0,3_3
208,2017/10/30,14:46:14,321,31610164,3,4,3,CHECK,0,0,1,2,3,1509342363,1,s,1,1,1,1,1,5,1,,,,,,,,0,1,0,3_4
209,2017/10/30,14:46:25,321,31610164,3,5,7,CHECK,0,0,1,2,3,1509342375,1,s,1,1,1,1,1,5,1,,,,,,,,0,0,0,3_5
210,2017/10/30,14:45:21,321,31710167,1,1,3,CHECK,0,0,1,2,3,1509342302,1,s,1,1,1,1,1,5,1,,,,,,,,0,0,0,1_1
211,2017/10/30,14:45:33,321,31710167,1,2,3,CHECK,0,0,1,2,3,1509342322,1,s,1,1,1,1,1,5,1,,,,,,,,1,0,1,1_2
212,2017/10/30,14:45:40,341,31710167,1,3,3,CHECK,0,0,1,4,3,1509342334,1,f,0,0,1,0,1,2,1,,,,,,,,0,0,1,1_3
213,2017/10/30,14:46:00,421,31710167,1,4,3,CHECK,0,0,1,2,4,1509342346,1,f,0,1,0,1,1,3,1,,,,,,,,1,0,0,1_4
214,2017/10/30,14:46:14,321,31710167,1,5,3,CHECK,0,0,1,2,3,1509342364,1,s,1,1,1,1,1,5,1,,,,,,,,1,0,1,1_5
215,2017/10/30,14:46:28,321,31710167,2,1,3,CHECK,0,0,1,2,3,1509342377,1,s,1,1,1,1,1,5,1,,,,,,,,0,0,0,2_1
216,2017/10/30,14:46:37,341,31710167,2,2,3,CHECK,0,0,1,4,3,1509342389,1,f,0,0,1,0,1,2,1,,,,,,,,0,0,1,2_2
217,2017/10/30,14:46:53,321,31710167,2,3,5,CHECK,0,0,1,2,3,1509342402,1,s,1,1,1,1,1,5,1,,,,,,,,0,0,0,2_3
218,2017/10/30,14:47:04,321,31710167,2,4,3,CHECK,0,0,1,2,3,1509342414,1,s,1,1,1,1,1,5,1,,,,,,,,1,0,1,2_4
219,2017/10/30,14:47:14,321,31710167,2,5,3,CHECK,0,0,1,2,3,1509342425,1,s,1,1,1,1,1,5,1,,,,,,,,1,0,1,2_5
220,2017/10/30,14:47:27,354,31710167,3,1,5,CHECK,0,0,4,5,3,1509342436,1,f,0,0,1,1,1,3,1,,,,,,,,0,0,0,3_1
221,2017/10/30,14:52:54,321,31710167,3,2,7,CHECK,0,0,1,2,3,1509342762,1,s,1,1,1,1,1,5,1,,,,,,,,0,0,0,3_2
222,2017/10/30,14:53:04,321,31710167,3,3,3,CHECK,0,0,1,2,3,1509342776,1,s,1,1,1,1,1,5,1,,,,,,,,0,1,0,3_3
223,2017/10/30,14:53:14,321,31710167,3,4,5,CHECK,0,0,1,2,3,1509342784,1,s,1,1,1,1,1,5,1,,,,,,,,0,0,0,3_4
224,2017/10/30,14:53:26,321,31710167,3,5,7,CHECK,0,0,1,2,3,1509342794,1,s,1,1,1,1,1,5,1,,,,,,,,0,0,0,3_5
225,2017/10/30,14:25:02,321,31510074,1,1,3,CHECK,0,0,1,2,3,1509341087,1,s,1,1,1,1,1,5,1,,,,,,,,1,0,1,1_1
226,2017/10/30,14:25:12,321,31510074,1,2,3,CHECK,0,0,1,2,3,1509341104,1,s,1,1,1,1,1,5,1,,,,,,,,1,0,1,1_2
227,2017/10/30,14:25:22,321,31510074,1,3,3,CHECK,0,0,1,2,3,1509341113,1,s,1,1,1,1,1,5,1,,,,,,,,0,1,0,1_3
228,2017/10/30,14:25:34,321,31510074,1,4,3,CHECK,0,0,1,2,3,1509341123,1,s,1,1,1,1,1,5,1,,,,,,,,0,0,0,1_4
229,2017/10/30,14:25:45,321,31510074,1,5,3,CHECK,0,0,1,2,3,1509341134,1,s,1,1,1,1,1,5,1,,,,,,,,1,0,1,1_5
230,2017/10/30,14:26:07,321,31510074,2,1,3,CHECK,0,0,1,2,3,1509341150,1,s,1,1,1,1,1,5,1,,,,,,,,0,1,0,2_1
231,2017/10/30,14:26:16,321,31510074,2,2,3,CHECK,0,0,1,2,3,1509341168,1,s,1,1,1,1,1,5,1,,,,,,,,0,1,0,2_2
232,2017/10/30,14:28:15,321,31510074,2,3,9,CHECK,0,0,1,2,3,1509341176,1,s,1,1,1,1,1,5,1,,,,,,,,0,0,0,2_3
233,2017/10/30,14:28:28,321,31510074,2,4,3,CHECK,0,0,1,2,3,1509341296,1,s,1,1,1,1,1,5,1,,,,,,,,1,0,1,2_4
234,2017/10/30,14:28:42,321,31510074,2,5,3,CHECK,0,0,1,2,3,1509341309,1,s,1,1,1,1,1,5,1,,,,,,,,0,1,0,2_5
235,2017/10/30,14:29:08,564,31510074,3,1,3,CHECK,0,0,4,6,5,1509341324,1,f,0,0,1,1,0,2,1,,,,,,,,0,0,0,3_1
236,2017/10/30,14:49:49,621,31510074,3,2,3,CHECK,0,0,1,2,6,1509342563,1,f,1,1,1,1,0,4,1,,,,,,,,0,0,0,3_2
237,2017/10/30,14:50:41,321,31510074,3,3,3,CHECK,0,0,1,2,3,1509342618,1,s,1,1,1,1,1,5,1,,,,,,,,0,1,0,3_3
238,2017/10/30,14:50:54,321,31510074,3,4,5,CHECK,0,0,1,2,3,1509342641,1,s,1,1,1,1,1,5,1,,,,,,,,0,0,0,3_4
239,2017/10/30,14:51:13,321,31510074,3,5,3,CHECK,0,0,1,2,3,1509342655,1,s,1,1,1,1,1,5,1,,,,,,,,0,1,0,3_5
240,2017/10/30,14:56:38,321,31610044,1,1,3,CHECK,0,0,1,2,3,1509342990,1,s,1,1,1,1,1,5,1,,,,,,,,1,0,1,1_1
241,2017/10/30,14:56:56,321,31610044,1,2,3,CHECK,0,0,1,2,3,1509342999,1,s,1,1,1,1,1,5,1,,,,,,,,1,0,1,1_2
242,2017/10/30,14:57:07,321,31610044,1,3,3,CHECK,0,0,1,2,3,1509343018,1,s,1,1,1,1,1,5,1,,,,,,,,1,0,1,1_3
243,2017/10/30,14:57:21,321,31610044,1,4,3,CHECK,0,0,1,2,3,1509343028,1,s,1,1,1,1,1,5,1,,,,,,,,1,0,1,1_4
244,2017/10/30,14:57:32,321,31610044,1,5,3,CHECK,0,0,1,2,3,1509343042,1,s,1,1,1,1,1,5,1,,,,,,,,1,0,1,1_5
245,2017/10/30,14:58:03,321,31610044,2,1,3,CHECK,0,0,1,2,3,1509343069,1,s,1,1,1,1,1,5,1,,,,,,,,1,0,1,2_1
246,2017/10/30,14:59:13,321,31610044,2,2,3,CHECK,0,0,1,2,3,1509343084,1,s,1,1,1,1,1,5,1,,,,,,,,1,0,1,2_2
247,2017/10/30,14:59:25,321,31610044,2,3,3,CHECK,0,0,1,2,3,1509343154,1,s,1,1,1,1,1,5,1,,,,,,,,1,0,1,2_3
248,2017/10/30,14:59:38,321,31610044,2,4,3,CHECK,0,0,1,2,3,1509343166,1,s,1,1,1,1,1,5,1,,,,,,,,1,0,1,2_4
249,2017/10/30,14:59:55,321,31610044,2,5,3,CHECK,0,0,1,2,3,1509343178,1,s,1,1,1,1,1,5,1,,,,,,,,1,0,1,2_5
250,2017/10/30,15:18:53,534,31610044,3,1,7,CHECK,0,0,4,3,5,1509344235,1,f,0,0,1,1,1,3,1,,,,,,,,0,0,0,3_1
251,2017/10/30,15:22:21,345,31610044,3,2,3,CHECK,0,0,5,4,3,1509344521,1,f,0,0,1,1,1,3,1,,,,,,,,0,0,0,3_2
252,2017/10/30,15:22:54,321,31610044,3,3,3,CHECK,0,0,1,2,3,1509344561,1,s,1,1,1,1,1,5,1,,,,,,,,0,0,0,3_3
253,2017/10/30,15:23:22,321,31610044,3,4,3,CHECK,0,0,1,2,3,1509344583,1,s,1,1,1,1,1,5,1,,,,,,,,0,1,0,3_4
254,2017/10/30,15:23:37,321,31610044,3,5,3,CHECK,0,0,1,2,3,1509344607,1,s,1,1,1,1,1,5,1,,,,,,,,0,0,0,3_5
255,2017/10/30,14:39:47,321,72,1,1,3,CHECK,0,0,1,2,3,1509341937,1,s,1,1,1,1,1,5,1,,,,,,,,1,0,1,1_1
256,2017/10/30,14:40:34,324,72,1,2,3,CHECK,0,0,4,2,3,1509341988,1,f,0,1,0,1,1,3,1,,,,,,,,1,0,0,1_2
257,2017/10/30,14:41:26,321,72,1,3,3,CHECK,0,0,1,2,3,1509342046,1,s,1,1,1,1,1,5,1,,,,,,,,1,0,1,1_3
258,2017/10/30,14:42:04,321,72,1,4,3,CHECK,0,0,1,2,3,1509342087,1,s,1,1,1,1,1,5,1,,,,,,,,1,0,1,1_4
259,2017/10/30,14:42:15,321,72,1,5,3,CHECK,0,0,1,2,3,1509342125,1,s,1,1,1,1,1,5,1,,,,,,,,1,0,1,1_5
260,2017/10/30,14:43:11,321,72,2,1,5,CHECK,0,0,1,2,3,1509342139,1,s,1,1,1,1,1,5,1,,,,,,,,0,0,0,2_1
261,2017/10/30,14:43:36,321,72,2,2,3,CHECK,0,0,1,2,3,1509342192,1,s,1,1,1,1,1,5,1,,,,,,,,1,0,1,2_2
262,2017/10/30,14:44:59,621,72,2,3,3,CHECK,0,0,1,2,6,1509342270,1,f,1,1,1,1,0,4,1,,,,,,,,1,0,1,2_3
263,2017/10/30,14:45:45,341,72,2,4,3,CHECK,0,0,1,4,3,1509342303,1,f,0,0,1,0,1,2,1,,,,,,,,0,0,1,2_4
264,2017/10/30,14:46:05,321,72,2,5,5,CHECK,0,0,1,2,3,1509342352,1,s,1,1,1,1,1,5,1,,,,,,,,1,0,1,2_5
265,2017/10/30,14:46:28,453,72,3,1,3,CHECK,0,0,3,5,4,1509342372,1,f,0,0,1,1,1,3,1,,,,,,,,1,0,1,3_1
266,2017/10/30,14:53:59,321,72,3,2,3,CHECK,0,0,1,2,3,1509342806,1,s,1,1,1,1,1,5,1,,,,,,,,0,1,0,3_2
267,2017/10/30,14:54:36,123,72,3,3,3,CHECK,0,0,3,2,1,1509342842,1,f,0,1,1,1,1,4,1,,,,,,,,0,1,0,3_3
268,2017/10/30,14:55:26,321,72,3,4,3,CHECK,0,0,1,2,3,1509342892,1,s,1,1,1,1,1,5,1,,,,,,,,0,1,0,3_4
269,2017/10/30,14:55:50,321,72,3,5,3,CHECK,0,0,1,2,3,1509342926,1,s,1,1,1,1,1,5,1,,,,,,,,0,1,0,3_5
270,2017/10/30,14:57:56,321,31710065,1,1,3,CHECK,0,0,1,2,3,1509343063,1,s,1,1,1,1,1,5,1,,,,,,,,1,0,1,1_1
271,2017/10/30,14:58:25,321,31710065,1,2,7,CHECK,0,0,1,2,3,1509343078,1,s,1,1,1,1,1,5,1,,,,,,,,0,0,0,1_2
272,2017/10/30,14:58:46,321,31710065,1,3,3,CHECK,0,0,1,2,3,1509343106,1,s,1,1,1,1,1,5,1,,,,,,,,1,0,1,1_3
273,2017/10/30,14:59:03,321,31710065,1,4,3,CHECK,0,0,1,2,3,1509343127,1,s,1,1,1,1,1,5,1,,,,,,,,1,0,1,1_4
274,2017/10/30,14:59:16,321,31710065,1,5,3,CHECK,0,0,1,2,3,1509343144,1,s,1,1,1,1,1,5,1,,,,,,,,1,0,1,1_5
275,2017/10/30,14:59:41,321,31710065,2,1,5,CHECK,0,0,1,2,3,1509343160,1,s,1,1,1,1,1,5,1,,,,,,,,0,0,0,2_1
276,2017/10/30,14:59:54,321,31710065,2,2,3,CHECK,0,0,1,2,3,1509343182,1,s,1,1,1,1,1,5,1,,,,,,,,0,0,0,2_2
277,2017/10/30,15:00:12,321,31710065,2,3,3,CHECK,0,0,1,2,3,1509343195,1,s,1,1,1,1,1,5,1,,,,,,,,1,0,1,2_3
278,2017/10/30,15:00:39,321,31710065,2,4,3,CHECK,0,0,1,2,3,1509343214,1,s,1,1,1,1,1,5,1,,,,,,,,1,0,1,2_4
279,2017/10/30,15:00:54,321,31710065,2,5,3,CHECK,0,0,1,2,3,1509343240,1,s,1,1,1,1,1,5,1,,,,,,,,1,0,1,2_5
280,2017/10/30,15:01:34,321,31710065,3,1,3,CHECK,0,0,1,2,3,1509343260,1,s,1,1,1,1,1,5,1,,,,,,,,0,1,0,3_1
281,2017/10/30,15:01:52,321,31710065,3,2,3,CHECK,0,0,1,2,3,1509343295,1,s,1,1,1,1,1,5,1,,,,,,,,0,0,0,3_2
282,2017/10/30,15:02:12,341,31710065,3,3,3,CHECK,0,0,1,4,3,1509343313,1,f,0,0,1,0,1,2,1,,,,,,,,0,0,0,3_3
283,2017/10/30,15:03:07,321,31710065,3,4,3,CHECK,0,0,1,2,3,1509343347,1,s,1,1,1,1,1,5,1,,,,,,,,1,0,0,3_4
284,2017/10/30,15:03:25,321,31710065,3,5,3,CHECK,0,0,1,2,3,1509343389,1,s,1,1,1,1,1,5,1,,,,,,,,1,0,0,3_5
285,2017/10/30,14:48:54,213,31710150,1,1,3,CHECK,0,0,3,1,2,1509342510,1,f,0,1,1,1,1,4,1,,,,,,,,0,0,0,1_1
286,2017/10/30,14:49:34,324,31710150,1,2,3,CHECK,0,0,4,2,3,1509342545,1,f,0,1,0,1,1,3,1,,,,,,,,0,0,0,1_2
287,2017/10/30,14:50:23,321,31710150,1,3,3,CHECK,0,0,1,2,3,1509342606,1,s,1,1,1,1,1,5,1,,,,,,,,0,0,0,1_3
288,2017/10/30,14:50:47,321,31710150,1,4,3,CHECK,0,0,1,2,3,1509342624,1,s,1,1,1,1,1,5,1,,,,,,,,0,0,0,1_4
289,2017/10/30,14:51:01,321,31710150,1,5,3,CHECK,0,0,1,2,3,1509342648,1,s,1,1,1,1,1,5,1,,,,,,,,0,0,0,1_5
290,2017/10/30,14:51:34,321,31710150,2,1,5,CHECK,0,0,1,2,3,1509342664,1,s,1,1,1,1,1,5,1,,,,,,,,0,1,0,2_1
291,2017/10/30,14:51:47,321,31710150,2,2,3,CHECK,0,0,1,2,3,1509342695,1,s,1,1,1,1,1,5,1,,,,,,,,0,0,0,2_2
292,2017/10/30,14:52:11,321,31710150,2,3,3,CHECK,0,0,1,2,3,1509342708,1,s,1,1,1,1,1,5,1,,,,,,,,0,1,0,2_3
293,2017/10/30,14:52:29,321,31710150,2,4,3,CHECK,0,0,1,2,3,1509342732,1,s,1,1,1,1,1,5,1,,,,,,,,0,1,0,2_4
294,2017/10/30,14:52:42,321,31710150,2,5,3,CHECK,0,0,1,2,3,1509342750,1,s,1,1,1,1,1,5,1,,,,,,,,0,0,0,2_5
295,2017/10/30,14:53:08,534,31710150,3,1,5,CHECK,0,0,4,3,5,1509342765,1,f,0,0,1,1,1,3,1,,,,,,,,0,0,0,3_1
296,2017/10/30,14:56:04,564,31710150,3,2,3,CHECK,0,0,4,6,5,1509342939,1,f,0,0,1,1,0,2,1,,,,,,,,0,0,0,3_2
297,2017/10/30,14:57:57,341,31710150,3,3,5,CHECK,0,0,1,4,3,1509343058,1,f,0,0,1,0,1,2,1,,,,,,,,0,1,0,3_3
298,2017/10/30,14:58:39,345,31710150,3,4,3,CHECK,0,0,5,4,3,1509343097,1,f,0,0,1,1,1,3,1,,,,,,,,0,0,0,3_4
299,2017/10/30,14:59:22,321,31710150,3,5,3,CHECK,0,0,1,2,3,1509343137,1,s,1,1,1,1,1,5,1,,,,,,,,0,1,0,3_5
300,2017/10/30,14:45:13,321,31710148,1,1,5,CHECK,0,0,1,2,3,1509342296,1,s,1,1,1,1,1,5,1,,,,,,,,0,0,0,1_1
301,2017/10/30,14:45:34,321,31710148,1,2,3,CHECK,0,0,1,2,3,1509342314,1,s,1,1,1,1,1,5,1,,,,,,,,1,0,1,1_2
302,2017/10/30,14:45:52,321,31710148,1,3,3,CHECK,0,0,1,2,3,1509342335,1,s,1,1,1,1,1,5,1,,,,,,,,1,0,1,1_3
303,2017/10/30,14:46:06,321,31710148,1,4,3,CHECK,0,0,1,2,3,1509342353,1,s,1,1,1,1,1,5,1,,,,,,,,1,0,1,1_4
304,2017/10/30,14:46:21,321,31710148,1,5,3,CHECK,0,0,1,2,3,1509342370,1,s,1,1,1,1,1,5,1,,,,,,,,1,0,1,1_5
305,2017/10/30,14:46:47,321,31710148,2,1,5,CHECK,0,0,1,2,3,1509342385,1,s,1,1,1,1,1,5,1,,,,,,,,0,0,0,2_1
306,2017/10/30,14:47:24,321,31710148,2,2,3,CHECK,0,0,1,2,3,1509342409,1,s,1,1,1,1,1,5,1,,,,,,,,0,0,0,2_2
307,2017/10/30,14:47:35,321,31710148,2,3,3,CHECK,0,0,1,2,3,1509342444,1,s,1,1,1,1,1,5,1,,,,,,,,1,0,1,2_3
308,2017/10/30,14:47:49,321,31710148,2,4,3,CHECK,0,0,1,2,3,1509342455,1,s,1,1,1,1,1,5,1,,,,,,,,1,0,1,2_4
309,2017/10/30,14:48:04,421,31710148,2,5,3,CHECK,0,0,1,2,4,1509342470,1,f,0,1,0,1,1,3,1,,,,,,,,0,0,0,2_5
310,2017/10/30,14:48:27,453,31710148,3,1,3,CHECK,0,0,3,5,4,1509342495,1,f,0,0,1,1,1,3,1,,,,,,,,1,0,1,3_1
311,2017/10/30,14:57:54,321,31710148,3,2,5,CHECK,0,0,1,2,3,1509343057,1,s,1,1,1,1,1,5,1,,,,,,,,0,0,0,3_2
312,2017/10/30,14:58:08,321,31710148,3,3,3,CHECK,0,0,1,2,3,1509343075,1,s,1,1,1,1,1,5,1,,,,,,,,0,0,0,3_3
313,2017/10/30,14:58:21,321,31710148,3,4,3,CHECK,0,0,1,2,3,1509343088,1,s,1,1,1,1,1,5,1,,,,,,,,0,1,0,3_4
314,2017/10/30,14:58:33,321,31710148,3,5,3,CHECK,0,0,1,2,3,1509343102,1,s,1,1,1,1,1,5,1,,,,,,,,0,0,0,3_5
315,2017/10/30,14:18:03,321,31510058,1,1,3,CHECK,0,0,1,2,3,1509340556,1,s,1,1,1,1,1,5,1,,,,,,,,1,0,1,1_1
316,2017/10/30,14:18:50,321,31510058,1,2,3,CHECK,0,0,1,2,3,1509340683,1,s,1,1,1,1,1,5,1,,,,,,,,1,0,1,1_2
317,2017/10/30,14:18:58,321,31510058,1,3,3,CHECK,0,0,1,2,3,1509340731,1,s,1,1,1,1,1,5,1,,,,,,,,1,0,1,1_3
318,2017/10/30,14:19:54,321,31510058,1,4,3,CHECK,0,0,1,2,3,1509340739,1,s,1,1,1,1,1,5,1,,,,,,,,1,0,1,1_4
319,2017/10/30,14:20:00,321,31510058,1,5,3,CHECK,0,0,1,2,3,1509340794,1,s,1,1,1,1,1,5,1,,,,,,,,1,0,1,1_5
320,2017/10/30,14:20:11,321,31510058,2,1,3,CHECK,0,0,1,2,3,1509340803,1,s,1,1,1,1,1,5,1,,,,,,,,1,0,1,2_1
321,2017/10/30,14:21:19,341,31510058,2,2,3,CHECK,0,0,1,4,3,1509340812,1,f,0,0,1,0,1,2,1,,,,,,,,0,0,1,2_2
322,2017/10/30,14:21:48,321,31510058,2,3,3,CHECK,0,0,1,2,3,1509340883,1,s,1,1,1,1,1,5,1,,,,,,,,1,0,1,2_3
323,2017/10/30,14:22:32,321,31510058,2,4,3,CHECK,0,0,1,2,3,1509340908,1,s,1,1,1,1,1,5,1,,,,,,,,1,0,1,2_4
324,2017/10/30,14:22:44,321,31510058,2,5,3,CHECK,0,0,1,2,3,1509340953,1,s,1,1,1,1,1,5,1,,,,,,,,1,0,1,2_5
325,2017/10/30,14:24:05,453,31510058,3,1,7,CHECK,0,0,3,5,4,1509341032,1,f,0,0,1,1,1,3,1,,,,,,,,0,0,0,3_1
326,2017/10/30,14:28:29,354,31510058,3,2,9,CHECK,0,0,4,5,3,1509341257,1,f,0,0,1,1,1,3,1,,,,,,,,0,0,0,3_2
327,2017/10/30,14:31:12,354,31510058,3,3,3,CHECK,0,0,4,5,3,1509341332,1,f,0,0,1,1,1,3,1,,,,,,,,1,0,0,3_3
328,2017/10/30,14:31:34,321,31510058,3,4,3,CHECK,0,0,1,2,3,1509341481,1,s,1,1,1,1,1,5,1,,,,,,,,0,1,0,3_4
329,2017/10/30,14:31:43,621,31510058,3,5,5,CHECK,0,0,1,2,6,1509341494,1,f,1,1,1,1,0,4,1,,,,,,,,0,1,0,3_5
330,2017/10/30,14:38:38,321,31710046,1,1,5,CHECK,0,0,1,2,3,1509341889,1,s,1,1,1,1,1,5,1,,,,,,,,0,0,0,1_1
331,2017/10/30,14:38:48,321,31710046,1,2,3,CHECK,0,0,1,2,3,1509341919,1,s,1,1,1,1,1,5,1,,,,,,,,1,0,1,1_2
332,2017/10/30,14:38:58,321,31710046,1,3,3,CHECK,0,0,1,2,3,1509341928,1,s,1,1,1,1,1,5,1,,,,,,,,1,0,1,1_3
333,2017/10/30,14:39:08,321,31710046,1,4,3,CHECK,0,0,1,2,3,1509341939,1,s,1,1,1,1,1,5,1,,,,,,,,1,0,1,1_4
334,2017/10/30,14:39:15,321,31710046,1,5,3,CHECK,0,0,1,2,3,1509341949,1,s,1,1,1,1,1,5,1,,,,,,,,1,0,1,1_5
335,2017/10/30,14:39:48,213,31710046,2,1,5,CHECK,0,0,3,1,2,1509341957,1,f,0,1,1,1,1,4,1,,,,,,,,0,0,0,2_1
336,2017/10/30,14:40:00,321,31710046,2,2,3,CHECK,0,0,1,2,3,1509341993,1,s,1,1,1,1,1,5,1,,,,,,,,1,0,1,2_2
337,2017/10/30,14:40:07,321,31710046,2,3,3,CHECK,0,0,1,2,3,1509342000,1,s,1,1,1,1,1,5,1,,,,,,,,1,0,1,2_3
338,2017/10/30,14:40:19,421,31710046,2,4,3,CHECK,0,0,1,2,4,1509342008,1,f,0,1,0,1,1,3,1,,,,,,,,1,0,0,2_4
339,2017/10/30,14:40:40,321,31710046,2,5,3,CHECK,0,0,1,2,3,1509342031,1,s,1,1,1,1,1,5,1,,,,,,,,1,0,1,2_5
340,2017/10/30,14:41:01,164,31710046,3,1,3,CHECK,0,0,4,6,1,1509342042,1,f,0,0,1,0,0,1,1,,,,,,,,0,0,0,3_1
341,2017/10/30,14:46:01,321,31710046,3,2,3,CHECK,0,0,1,2,3,1509342348,1,s,1,1,1,1,1,5,1,,,,,,,,0,0,0,3_2
342,2017/10/30,14:46:13,321,31710046,3,3,3,CHECK,0,0,1,2,3,1509342361,1,s,1,1,1,1,1,5,1,,,,,,,,0,0,0,3_3
343,2017/10/30,14:46:24,321,31710046,3,4,3,CHECK,0,0,1,2,3,1509342373,1,s,1,1,1,1,1,5,1,,,,,,,,0,0,0,3_4
344,2017/10/30,14:46:34,321,31710046,3,5,5,CHECK,0,0,1,2,3,1509342385,1,s,1,1,1,1,1,5,1,,,,,,,,0,0,0,3_5
345,2017/10/30,14:46:02,321,31710096,1,1,3,CHECK,0,0,1,2,3,1509342347,1,s,1,1,1,1,1,5,1,,,,,,,,1,0,1,1_1
346,2017/10/30,14:46:18,321,31710096,1,2,3,CHECK,0,0,1,2,3,1509342363,1,s,1,1,1,1,1,5,1,,,,,,,,1,0,1,1_2
347,2017/10/30,14:46:27,321,31710096,1,3,3,CHECK,0,0,1,2,3,1509342379,1,s,1,1,1,1,1,5,1,,,,,,,,1,0,1,1_3
348,2017/10/30,14:46:39,321,31710096,1,4,3,CHECK,0,0,1,2,3,1509342388,1,s,1,1,1,1,1,5,1,,,,,,,,1,0,1,1_4
349,2017/10/30,14:46:49,321,31710096,1,5,3,CHECK,0,0,1,2,3,1509342400,1,s,1,1,1,1,1,5,1,,,,,,,,1,0,1,1_5
350,2017/10/30,14:47:05,321,31710096,2,1,3,CHECK,0,0,1,2,3,1509342412,1,s,1,1,1,1,1,5,1,,,,,,,,1,0,1,2_1
351,2017/10/30,14:47:15,321,31710096,2,2,3,CHECK,0,0,1,2,3,1509342426,1,s,1,1,1,1,1,5,1,,,,,,,,1,0,1,2_2
352,2017/10/30,14:47:27,321,31710096,2,3,3,CHECK,0,0,1,2,3,1509342436,1,s,1,1,1,1,1,5,1,,,,,,,,1,0,1,2_3
353,2017/10/30,14:47:38,321,31710096,2,4,3,CHECK,0,0,1,2,3,1509342447,1,s,1,1,1,1,1,5,1,,,,,,,,1,0,1,2_4
354,2017/10/30,14:47:45,321,31710096,2,5,3,CHECK,0,0,1,2,3,1509342458,1,s,1,1,1,1,1,5,1,,,,,,,,1,0,1,2_5
355,2017/10/30,14:48:06,453,31710096,3,1,3,CHECK,0,0,3,5,4,1509342467,1,f,0,0,1,1,1,3,1,,,,,,,,1,0,1,3_1
356,2017/10/30,14:53:04,321,31710096,3,2,3,CHECK,0,0,1,2,3,1509342767,1,s,1,1,1,1,1,5,1,,,,,,,,1,0,0,3_2
357,2017/10/30,14:53:24,321,31710096,3,3,5,CHECK,0,0,1,2,3,1509342785,1,s,1,1,1,1,1,5,1,,,,,,,,1,0,0,3_3
358,2017/10/30,14:53:42,321,31710096,3,4,3,CHECK,0,0,1,2,3,1509342805,1,s,1,1,1,1,1,5,1,,,,,,,,1,0,0,3_4
359,2017/10/30,14:53:59,321,31710096,3,5,5,CHECK,0,0,1,2,3,1509342822,1,s,1,1,1,1,1,5,1,,,,,,,,1,0,0,3_5
360,2017/10/30,14:49:28,341,3161075,1,1,5,CHECK,0,0,1,4,3,1509342502,1,f,0,0,1,0,1,2,1,,,,,,,,0,0,0,1_1
361,2017/10/30,14:49:52,321,3161075,1,2,3,CHECK,0,0,1,2,3,1509342581,1,s,1,1,1,1,1,5,1,,,,,,,,1,0,1,1_2
362,2017/10/30,14:50:05,321,3161075,1,3,3,CHECK,0,0,1,2,3,1509342593,1,s,1,1,1,1,1,5,1,,,,,,,,1,0,1,1_3
363,2017/10/30,14:50:22,321,3161075,1,4,3,CHECK,0,0,1,2,3,1509342606,1,s,1,1,1,1,1,5,1,,,,,,,,0,1,0,1_4
364,2017/10/30,14:50:32,321,3161075,1,5,3,CHECK,0,0,1,2,3,1509342623,1,s,1,1,1,1,1,5,1,,,,,,,,0,1,0,1_5
365,2017/10/30,14:50:44,321,3161075,2,1,3,CHECK,0,0,1,2,3,1509342634,1,s,1,1,1,1,1,5,1,,,,,,,,0,1,0,2_1
366,2017/10/30,14:50:55,321,3161075,2,2,3,CHECK,0,0,1,2,3,1509342644,1,s,1,1,1,1,1,5,1,,,,,,,,0,1,0,2_2
367,2017/10/30,14:51:07,321,3161075,2,3,3,CHECK,0,0,1,2,3,1509342656,1,s,1,1,1,1,1,5,1,,,,,,,,0,1,0,2_3
368,2017/10/30,14:51:17,321,3161075,2,4,3,CHECK,0,0,1,2,3,1509342667,1,s,1,1,1,1,1,5,1,,,,,,,,0,1,0,2_4
369,2017/10/30,14:51:26,321,3161075,2,5,3,CHECK,0,0,1,2,3,1509342677,1,s,1,1,1,1,1,5,1,,,,,,,,0,1,0,2_5
370,2017/10/30,14:54:51,321,3161075,3,1,3,CHECK,0,0,1,2,3,1509342858,1,s,1,1,1,1,1,5,1,,,,,,,,0,1,0,3_1
371,2017/10/30,14:55:03,321,3161075,3,2,5,CHECK,0,0,1,2,3,1509342891,1,s,1,1,1,1,1,5,1,,,,,,,,0,0,0,3_2
372,2017/10/30,14:55:13,321,3161075,3,3,3,CHECK,0,0,1,2,3,1509342903,1,s,1,1,1,1,1,5,1,,,,,,,,0,1,0,3_3
373,2017/10/30,14:55:24,321,3161075,3,4,3,CHECK,0,0,1,2,3,1509342915,1,s,1,1,1,1,1,5,1,,,,,,,,0,0,0,3_4
374,2017/10/30,14:55:32,321,3161075,3,5,3,CHECK,0,0,1,2,3,1509342925,1,s,1,1,1,1,1,5,1,,,,,,,,0,0,0,3_5
375,2017/10/30,14:47:55,321,31610135,1,1,3,CHECK,0,0,1,2,3,1509342465,1,s,1,1,1,1,1,5,1,,,,,,,,1,0,1,1_1
376,2017/10/30,14:48:02,321,31610135,1,2,3,CHECK,0,0,1,2,3,1509342476,1,s,1,1,1,1,1,5,1,,,,,,,,1,0,1,1_2
377,2017/10/30,14:48:12,321,31610135,1,3,3,CHECK,0,0,1,2,3,1509342483,1,s,1,1,1,1,1,5,1,,,,,,,,1,0,1,1_3
378,2017/10/30,14:48:19,321,31610135,1,4,3,CHECK,0,0,1,2,3,1509342493,1,s,1,1,1,1,1,5,1,,,,,,,,1,0,1,1_4
379,2017/10/30,14:48:30,321,31610135,1,5,5,CHECK,0,0,1,2,3,1509342499,1,s,1,1,1,1,1,5,1,,,,,,,,1,0,1,1_5
380,2017/10/30,14:48:39,341,31610135,2,1,3,CHECK,0,0,1,4,3,1509342513,1,f,0,0,1,0,1,2,1,,,,,,,,0,0,1,2_1
381,2017/10/30,14:49:14,321,31610135,2,2,3,CHECK,0,0,1,2,3,1509342524,1,s,1,1,1,1,1,5,1,,,,,,,,1,0,1,2_2
382,2017/10/30,14:49:21,341,31610135,2,3,3,CHECK,0,0,1,4,3,1509342555,1,f,0,0,1,0,1,2,1,,,,,,,,0,0,1,2_3
383,2017/10/30,14:49:53,321,31610135,2,4,3,CHECK,0,0,1,2,3,1509342568,1,s,1,1,1,1,1,5,1,,,,,,,,1,0,1,2_4
384,2017/10/30,14:50:02,321,31610135,2,5,3,CHECK,0,0,1,2,3,1509342594,1,s,1,1,1,1,1,5,1,,,,,,,,1,0,1,2_5
385,2017/10/30,14:50:33,354,31610135,3,1,3,CHECK,0,0,4,5,3,1509342604,1,f,0,0,1,1,1,3,1,,,,,,,,0,1,0,3_1
386,2017/10/30,14:51:24,351,31610135,3,2,3,CHECK,0,0,1,5,3,1509342653,1,f,0,0,0,1,1,2,1,,,,,,,,1,0,0,3_2
387,2017/10/30,14:51:41,321,31610135,3,3,5,CHECK,0,0,1,2,3,1509342691,1,s,1,1,1,1,1,5,1,,,,,,,,0,0,0,3_3
388,2017/10/30,14:51:50,321,31610135,3,4,3,CHECK,0,0,1,2,3,1509342702,1,s,1,1,1,1,1,5,1,,,,,,,,1,0,0,3_4
389,2017/10/30,14:52:01,321,31610135,3,5,3,CHECK,0,0,1,2,3,1509342711,1,s,1,1,1,1,1,5,1,,,,,,,,1,0,0,3_5
390,2017/10/30,14:42:29,321,31710002,1,1,3,CHECK,0,0,1,2,3,1509342136,1,s,1,1,1,1,1,5,1,,,,,,,,1,0,1,1_1
391,2017/10/30,14:42:38,321,31710002,1,2,3,CHECK,0,0,1,2,3,1509342150,1,s,1,1,1,1,1,5,1,,,,,,,,1,0,1,1_2
392,2017/10/30,14:42:49,621,31710002,1,3,3,CHECK,0,0,1,2,6,1509342159,1,f,1,1,1,1,0,4,1,,,,,,,,1,0,1,1_3
393,2017/10/30,14:43:23,321,31710002,1,4,5,CHECK,0,0,1,2,3,1509342176,1,s,1,1,1,1,1,5,1,,,,,,,,0,1,0,1_4
394,2017/10/30,14:43:44,321,31710002,1,5,3,CHECK,0,0,1,2,3,1509342204,1,s,1,1,1,1,1,5,1,,,,,,,,1,0,1,1_5
395,2017/10/30,14:44:36,321,31710002,2,1,3,CHECK,0,0,1,2,3,1509342227,1,s,1,1,1,1,1,5,1,,,,,,,,1,0,1,2_1
396,2017/10/30,14:44:50,321,31710002,2,2,5,CHECK,0,0,1,2,3,1509342276,1,s,1,1,1,1,1,5,1,,,,,,,,0,0,1,2_2
397,2017/10/30,14:45:01,321,31710002,2,3,3,CHECK,0,0,1,2,3,1509342291,1,s,1,1,1,1,1,5,1,,,,,,,,1,0,1,2_3
398,2017/10/30,14:45:15,321,31710002,2,4,3,CHECK,0,0,1,2,3,1509342302,1,s,1,1,1,1,1,5,1,,,,,,,,1,0,1,2_4
399,2017/10/30,14:45:28,321,31710002,2,5,3,CHECK,0,0,1,2,3,1509342316,1,s,1,1,1,1,1,5,1,,,,,,,,1,0,1,2_5
400,2017/10/30,14:53:35,453,31710002,3,1,7,CHECK,0,0,3,5,4,1509342770,1,f,0,0,1,1,1,3,1,,,,,,,,0,0,0,3_1
401,2017/10/30,14:55:31,341,31710002,3,2,3,CHECK,0,0,1,4,3,1509342917,1,f,0,0,1,0,1,2,1,,,,,,,,0,0,0,3_2
402,2017/10/30,14:55:59,321,31710002,3,3,7,CHECK,0,0,1,2,3,1509342940,1,s,1,1,1,1,1,5,1,,,,,,,,0,0,0,3_3
403,2017/10/30,14:56:15,321,31710002,3,4,3,CHECK,0,0,1,2,3,1509342960,1,s,1,1,1,1,1,5,1,,,,,,,,1,0,0,3_4
404,2017/10/30,14:56:33,321,31710002,3,5,3,CHECK,0,0,1,2,3,1509342976,1,s,1,1,1,1,1,5,1,,,,,,,,1,0,0,3_5
405,2017/10/30,14:41:30,321,31610052,1,1,3,CHECK,0,0,1,2,3,1509342080,1,s,1,1,1,1,1,5,1,,,,,,,,1,0,1,1_1
406,2017/10/30,14:41:41,321,31610052,1,2,3,CHECK,0,0,1,2,3,1509342091,1,s,1,1,1,1,1,5,1,,,,,,,,1,0,1,1_2
407,2017/10/30,14:41:51,321,31610052,1,3,3,CHECK,0,0,1,2,3,1509342102,1,s,1,1,1,1,1,5,1,,,,,,,,1,0,1,1_3
408,2017/10/30,14:42:09,321,31610052,1,4,3,CHECK,0,0,1,2,3,1509342112,1,s,1,1,1,1,1,5,1,,,,,,,,1,0,1,1_4
409,2017/10/30,14:42:19,321,31610052,1,5,3,CHECK,0,0,1,2,3,1509342130,1,s,1,1,1,1,1,5,1,,,,,,,,1,0,1,1_5
410,2017/10/30,14:42:31,325,31610052,2,1,3,CHECK,0,0,5,2,3,1509342141,1,f,0,0,1,0,0,1,1,,,,,,,,0,1,1,2_1
411,2017/10/30,14:42:50,321,31610052,2,2,3,CHECK,0,0,1,2,3,1509342163,1,s,1,1,1,1,1,5,1,,,,,,,,1,0,1,2_2
412,2017/10/30,14:43:01,321,31610052,2,3,3,CHECK,0,0,1,2,3,1509342171,1,s,1,1,1,1,1,5,1,,,,,,,,1,0,1,2_3
413,2017/10/30,14:44:04,321,31610052,2,4,3,CHECK,0,0,1,2,3,1509342182,1,s,1,1,1,1,1,5,1,,,,,,,,1,0,1,2_4
414,2017/10/30,14:44:11,321,31610052,2,5,3,CHECK,0,0,1,2,3,1509342245,1,s,1,1,1,1,1,5,1,,,,,,,,1,0,1,2_5
415,2017/10/30,14:44:53,324,31610052,3,1,5,CHECK,0,0,4,2,3,1509342255,1,f,0,1,0,1,1,3,1,,,,,,,,0,0,0,3_1
416,2017/10/30,14:45:16,321,31610052,3,2,3,CHECK,0,0,1,2,3,1509342300,1,s,1,1,1,1,1,5,1,,,,,,,,1,0,0,3_2
417,2017/10/30,14:45:30,321,31610052,3,3,5,CHECK,0,0,1,2,3,1509342316,1,s,1,1,1,1,1,5,1,,,,,,,,1,0,0,3_3
418,2017/10/30,14:45:43,314,31610052,3,4,3,CHECK,0,0,4,1,3,1509342331,1,f,0,0,1,0,1,2,1,,,,,,,,0,0,0,3_4
419,2017/10/30,14:46:06,321,31610052,3,5,3,CHECK,0,0,1,2,3,1509342356,1,s,1,1,1,1,1,5,1,,,,,,,,1,0,0,3_5
420,2017/10/30,14:47:20,321,31710016,1,1,5,CHECK,0,0,1,2,3,1509342424,1,s,1,1,1,1,1,5,1,,,,,,,,0,1,0,1_1
421,2017/10/30,14:47:34,321,31710016,1,2,3,CHECK,0,0,1,2,3,1509342441,1,s,1,1,1,1,1,5,1,,,,,,,,1,0,1,1_2
422,2017/10/30,14:47:52,341,31710016,1,3,3,CHECK,0,0,1,4,3,1509342457,1,f,0,0,1,0,1,2,1,,,,,,,,0,0,0,1_3
423,2017/10/30,14:49:03,321,31710016,1,4,3,CHECK,0,0,1,2,3,1509342485,1,s,1,1,1,1,1,5,1,,,,,,,,1,0,1,1_4
424,2017/10/30,14:49:19,321,31710016,1,5,3,CHECK,0,0,1,2,3,1509342544,1,s,1,1,1,1,1,5,1,,,,,,,,1,0,1,1_5
425,2017/10/30,14:49:38,345,31710016,2,1,3,CHECK,0,0,5,4,3,1509342563,1,f,0,0,1,1,1,3,1,,,,,,,,0,1,1,2_1
426,2017/10/30,14:50:18,321,31710016,2,2,3,CHECK,0,0,1,2,3,1509342595,1,s,1,1,1,1,1,5,1,,,,,,,,1,0,1,2_2
427,2017/10/30,14:50:44,321,31710016,2,3,5,CHECK,0,0,1,2,3,1509342619,1,s,1,1,1,1,1,5,1,,,,,,,,0,0,0,2_3
428,2017/10/30,14:51:34,345,31710016,2,4,7,CHECK,0,0,5,4,3,1509342645,1,f,0,0,1,1,1,3,1,,,,,,,,0,0,0,2_4
429,2017/10/30,14:52:07,321,31710016,2,5,3,CHECK,0,0,1,2,3,1509342709,1,s,1,1,1,1,1,5,1,,,,,,,,1,0,1,2_5
430,2017/10/30,14:52:34,253,31710016,3,1,3,CHECK,0,0,3,5,2,1509342730,1,f,0,0,1,0,0,1,1,,,,,,,,0,0,1,3_1
431,2017/10/30,15:38:20,321,31710016,3,2,3,CHECK,0,0,1,2,3,1509345474,1,s,1,1,1,1,1,5,1,,,,,,,,0,0,0,3_2
432,2017/10/30,15:38:37,321,31710016,3,3,5,CHECK,0,0,1,2,3,1509345501,1,s,1,1,1,1,1,5,1,,,,,,,,0,0,0,3_3
433,2017/10/30,15:38:56,321,31710016,3,4,3,CHECK,0,0,1,2,3,1509345518,1,s,1,1,1,1,1,5,1,,,,,,,,0,0,0,3_4
434,2017/10/30,15:39:12,321,31710016,3,5,3,CHECK,0,0,1,2,3,1509345537,1,s,1,1,1,1,1,5,1,,,,,,,,0,0,0,3_5
435,2017/10/30,14:37:49,321,31510156,1,1,7,CHECK,0,0,1,2,3,1509341847,1,s,1,1,1,1,1,5,1,,,,,,,,0,0,0,1_1
436,2017/10/30,14:38:01,321,31510156,1,2,3,CHECK,0,0,1,2,3,1509341870,1,s,1,1,1,1,1,5,1,,,,,,,,1,0,1,1_2
437,2017/10/30,14:38:15,321,31510156,1,3,3,CHECK,0,0,1,2,3,1509341882,1,s,1,1,1,1,1,5,1,,,,,,,,1,0,1,1_3
438,2017/10/30,14:38:34,321,31510156,1,4,3,CHECK,0,0,1,2,3,1509341896,1,s,1,1,1,1,1,5,1,,,,,,,,1,0,1,1_4
439,2017/10/30,14:38:43,321,31510156,1,5,3,CHECK,0,0,1,2,3,1509341915,1,s,1,1,1,1,1,5,1,,,,,,,,1,0,1,1_5
440,2017/10/30,14:39:04,321,31510156,2,1,3,CHECK,0,0,1,2,3,1509341926,1,s,1,1,1,1,1,5,1,,,,,,,,1,0,1,2_1
441,2017/10/30,14:39:18,321,31510156,2,2,3,CHECK,0,0,1,2,3,1509341946,1,s,1,1,1,1,1,5,1,,,,,,,,1,0,1,2_2
442,2017/10/30,14:39:46,321,31510156,2,3,3,CHECK,0,0,1,2,3,1509341960,1,s,1,1,1,1,1,5,1,,,,,,,,1,0,1,2_3
443,2017/10/30,14:40:03,321,31510156,2,4,3,CHECK,0,0,1,2,3,1509341987,1,s,1,1,1,1,1,5,1,,,,,,,,1,0,1,2_4
444,2017/10/30,14:40:14,321,31510156,2,5,3,CHECK,0,0,1,2,3,1509342004,1,s,1,1,1,1,1,5,1,,,,,,,,1,0,1,2_5
445,2017/10/30,14:42:00,321,31510156,3,1,3,CHECK,0,0,1,2,3,1509342027,1,s,1,1,1,1,1,5,1,,,,,,,,1,0,0,3_1
446,2017/10/30,14:42:17,321,31510156,3,2,3,CHECK,0,0,1,2,3,1509342121,1,s,1,1,1,1,1,5,1,,,,,,,,0,0,0,3_2
447,2017/10/30,14:43:06,621,31510156,3,3,3,CHECK,0,0,1,2,6,1509342138,1,f,1,1,1,1,0,4,1,,,,,,,,0,0,0,3_3
448,2017/10/30,14:43:41,321,31510156,3,4,3,CHECK,0,0,1,2,3,1509342206,1,s,1,1,1,1,1,5,1,,,,,,,,1,0,0,3_4
449,2017/10/30,14:43:57,321,31510156,3,5,3,CHECK,0,0,1,2,3,1509342221,1,s,1,1,1,1,1,5,1,,,,,,,,1,0,0,3_5
450,2017/10/30,14:38:51,321,31610025,1,1,3,CHECK,0,0,1,2,3,1509341884,1,s,1,1,1,1,1,5,1,,,,,,,,0,0,0,1_1
451,2017/10/30,14:39:22,321,31610025,1,2,3,CHECK,0,0,1,2,3,1509341932,1,s,1,1,1,1,1,5,1,,,,,,,,0,1,0,1_2
452,2017/10/30,14:39:33,321,31610025,1,3,3,CHECK,0,0,1,2,3,1509341963,1,s,1,1,1,1,1,5,1,,,,,,,,0,1,0,1_3
453,2017/10/30,14:39:42,321,31610025,1,4,3,CHECK,0,0,1,2,3,1509341974,1,s,1,1,1,1,1,5,1,,,,,,,,1,0,1,1_4
454,2017/10/30,14:39:56,321,31610025,1,5,3,CHECK,0,0,1,2,3,1509341983,1,s,1,1,1,1,1,5,1,,,,,,,,1,0,1,1_5
455,2017/10/30,14:40:11,321,31610025,2,1,3,CHECK,0,0,1,2,3,1509341999,1,s,1,1,1,1,1,5,1,,,,,,,,0,0,0,2_1
456,2017/10/30,14:40:22,321,31610025,2,2,3,CHECK,0,0,1,2,3,1509342011,1,s,1,1,1,1,1,5,1,,,,,,,,0,1,0,2_2
457,2017/10/30,14:40:32,321,31610025,2,3,3,CHECK,0,0,1,2,3,1509342022,1,s,1,1,1,1,1,5,1,,,,,,,,0,0,0,2_3
458,2017/10/30,14:40:50,321,31610025,2,4,3,CHECK,0,0,1,2,3,1509342033,1,s,1,1,1,1,1,5,1,,,,,,,,0,1,0,2_4
459,2017/10/30,14:41:01,321,31610025,2,5,3,CHECK,0,0,1,2,3,1509342051,1,s,1,1,1,1,1,5,1,,,,,,,,0,0,0,2_5
460,2017/10/30,14:41:52,453,31610025,3,1,5,CHECK,0,0,3,5,4,1509342065,1,f,0,0,1,1,1,3,1,,,,,,,,0,0,0,3_1
461,2017/10/30,14:43:14,321,31610025,3,2,3,CHECK,0,0,1,2,3,1509342180,1,s,1,1,1,1,1,5,1,,,,,,,,0,0,0,3_2
462,2017/10/30,14:43:34,321,31610025,3,3,3,CHECK,0,0,1,2,3,1509342195,1,s,1,1,1,1,1,5,1,,,,,,,,0,0,0,3_3
463,2017/10/30,14:43:50,321,31610025,3,4,3,CHECK,0,0,1,2,3,1509342215,1,s,1,1,1,1,1,5,1,,,,,,,,0,0,0,3_4
464,2017/10/30,14:44:00,321,31610025,3,5,3,CHECK,0,0,1,2,3,1509342230,1,s,1,1,1,1,1,5,1,,,,,,,,1,0,0,3_5
465,2017/10/30,14:47:29,321,s31610023,1,1,3,CHECK,0,0,1,2,3,1509342439,1,s,1,1,1,1,1,5,1,,,,,,,,1,0,1,1_1
466,2017/10/30,14:47:41,321,s31610023,1,2,3,CHECK,0,0,1,2,3,1509342450,1,s,1,1,1,1,1,5,1,,,,,,,,1,0,1,1_2
467,2017/10/30,14:48:04,321,s31610023,1,3,5,CHECK,0,0,1,2,3,1509342461,1,s,1,1,1,1,1,5,1,,,,,,,,0,0,0,1_3
468,2017/10/30,14:48:17,321,s31610023,1,4,3,CHECK,0,0,1,2,3,1509342485,1,s,1,1,1,1,1,5,1,,,,,,,,0,1,0,1_4
469,2017/10/30,14:48:29,321,s31610023,1,5,3,CHECK,0,0,1,2,3,1509342497,1,s,1,1,1,1,1,5,1,,,,,,,,0,1,0,1_5
470,2017/10/30,14:48:44,321,s31610023,2,1,5,CHECK,0,0,1,2,3,1509342512,1,s,1,1,1,1,1,5,1,,,,,,,,0,0,0,2_1
471,2017/10/30,14:48:56,621,s31610023,2,2,3,CHECK,0,0,1,2,6,1509342528,1,f,1,1,1,1,0,4,1,,,,,,,,0,0,0,2_2
472,2017/10/30,14:49:22,321,s31610023,2,3,5,CHECK,0,0,1,2,3,1509342547,1,s,1,1,1,1,1,5,1,,,,,,,,0,0,0,2_3
473,2017/10/30,14:49:34,321,s31610023,2,4,3,CHECK,0,0,1,2,3,1509342563,1,s,1,1,1,1,1,5,1,,,,,,,,0,1,0,2_4
474,2017/10/30,14:49:43,321,s31610023,2,5,3,CHECK,0,0,1,2,3,1509342575,1,s,1,1,1,1,1,5,1,,,,,,,,0,0,0,2_5
475,2017/10/30,14:50:00,354,s31610023,3,1,3,CHECK,0,0,4,5,3,1509342587,1,f,0,0,1,1,1,3,1,,,,,,,,0,0,0,3_1
476,2017/10/30,14:53:01,321,s31610023,3,2,3,CHECK,0,0,1,2,3,1509342770,1,s,1,1,1,1,1,5,1,,,,,,,,0,0,0,3_2
477,2017/10/30,14:53:15,325,s31610023,3,3,3,CHECK,0,0,5,2,3,1509342783,1,f,0,0,1,0,0,1,1,,,,,,,,0,0,0,3_3
478,2017/10/30,14:54:13,321,s31610023,3,4,3,CHECK,0,0,1,2,3,1509342842,1,s,1,1,1,1,1,5,1,,,,,,,,1,0,0,3_4
479,2017/10/30,14:54:25,321,s31610023,3,5,3,CHECK,0,0,1,2,3,1509342854,1,s,1,1,1,1,1,5,1,,,,,,,,0,0,0,3_5
480,2017/10/30,14:45:36,321,31710035,1,1,5,CHECK,0,0,1,2,3,1509342324,1,s,1,1,1,1,1,5,1,,,,,,,,0,0,0,1_1
481,2017/10/30,14:45:47,321,31710035,1,2,3,CHECK,0,0,1,2,3,1509342337,1,s,1,1,1,1,1,5,1,,,,,,,,1,0,1,1_2
482,2017/10/30,14:45:56,321,31710035,1,3,3,CHECK,0,0,1,2,3,1509342347,1,s,1,1,1,1,1,5,1,,,,,,,,1,0,1,1_3
483,2017/10/30,14:46:16,321,31710035,1,4,3,CHECK,0,0,1,2,3,1509342356,1,s,1,1,1,1,1,5,1,,,,,,,,1,0,1,1_4
484,2017/10/30,14:46:29,321,31710035,1,5,3,CHECK,0,0,1,2,3,1509342376,1,s,1,1,1,1,1,5,1,,,,,,,,1,0,1,1_5
485,2017/10/30,14:46:46,321,31710035,2,1,3,CHECK,0,0,1,2,3,1509342392,1,s,1,1,1,1,1,5,1,,,,,,,,1,0,1,2_1
486,2017/10/30,14:46:55,321,31710035,2,2,3,CHECK,0,0,1,2,3,1509342407,1,s,1,1,1,1,1,5,1,,,,,,,,0,0,0,2_2
487,2017/10/30,14:47:10,321,31710035,2,3,3,CHECK,0,0,1,2,3,1509342415,1,s,1,1,1,1,1,5,1,,,,,,,,1,0,1,2_3
488,2017/10/30,14:47:17,321,31710035,2,4,3,CHECK,0,0,1,2,3,1509342430,1,s,1,1,1,1,1,5,1,,,,,,,,0,0,0,2_4
489,2017/10/30,14:47:24,321,31710035,2,5,3,CHECK,0,0,1,2,3,1509342438,1,s,1,1,1,1,1,5,1,,,,,,,,0,0,0,2_5
490,2017/10/30,14:47:44,534,31710035,3,1,3,CHECK,0,0,4,3,5,1509342446,1,f,0,0,1,1,1,3,1,,,,,,,,0,0,0,3_1
491,2017/10/30,14:49:07,321,31710035,3,2,3,CHECK,0,0,1,2,3,1509342533,1,s,1,1,1,1,1,5,1,,,,,,,,0,0,0,3_2
492,2017/10/30,14:49:19,652,31710035,3,3,3,CHECK,0,0,2,5,6,1509342548,1,f,0,0,1,0,0,1,1,,,,,,,,0,1,0,3_3
493,2017/10/30,14:50:09,321,31710035,3,4,5,CHECK,0,0,1,2,3,1509342596,1,s,1,1,1,1,1,5,1,,,,,,,,0,0,0,3_4
494,2017/10/30,14:50:33,321,31710035,3,5,5,CHECK,0,0,1,2,3,1509342610,1,s,1,1,1,1,1,5,1,,,,,,,,0,0,0,3_5
495,2017/10/30,14:29:26,321,s31710105,1,1,3,CHECK,0,0,1,2,3,1509341353,1,s,1,1,1,1,1,5,1,,,,,,,,0,0,0,1_1
496,2017/10/30,14:29:33,341,s31710105,1,2,3,CHECK,0,0,1,4,3,1509341367,1,f,0,0,1,0,1,2,1,,,,,,,,0,0,0,1_2
497,2017/10/30,14:30:00,321,s31710105,1,3,3,CHECK,0,0,1,2,3,1509341385,1,s,1,1,1,1,1,5,1,,,,,,,,1,0,1,1_3
498,2017/10/30,14:30:13,321,s31710105,1,4,3,CHECK,0,0,1,2,3,1509341401,1,s,1,1,1,1,1,5,1,,,,,,,,0,0,0,1_4
499,2017/10/30,14:30:19,321,s31710105,1,5,3,CHECK,0,0,1,2,3,1509341414,1,s,1,1,1,1,1,5,1,,,,,,,,1,0,1,1_5
500,2017/10/30,14:31:33,134,s31710105,2,1,9,CHECK,0,0,4,3,1,1509341455,1,f,0,0,1,0,1,2,1,,,,,,,,0,1,0,2_1
501,2017/10/30,14:33:08,321,s31710105,2,2,3,CHECK,0,0,1,2,3,1509341579,1,s,1,1,1,1,1,5,1,,,,,,,,1,0,1,2_2
502,2017/10/30,14:33:21,321,s31710105,2,3,5,CHECK,0,0,1,2,3,1509341589,1,s,1,1,1,1,1,5,1,,,,,,,,0,1,0,2_3
503,2017/10/30,14:33:35,321,s31710105,2,4,3,CHECK,0,0,1,2,3,1509341602,1,s,1,1,1,1,1,5,1,,,,,,,,1,0,1,2_4
504,2017/10/30,14:33:43,321,s31710105,2,5,3,CHECK,0,0,1,2,3,1509341616,1,s,1,1,1,1,1,5,1,,,,,,,,1,0,1,2_5
505,2017/10/30,14:34:03,453,s31710105,3,1,3,CHECK,0,0,3,5,4,1509341625,1,f,0,0,1,1,1,3,1,,,,,,,,0,1,0,3_1
506,2017/10/30,15:05:21,321,s31710105,3,2,5,CHECK,0,0,1,2,3,1509343513,1,s,1,1,1,1,1,5,1,,,,,,,,0,1,0,3_2
507,2017/10/30,15:05:31,621,s31710105,3,3,3,CHECK,0,0,1,2,6,1509343522,1,f,1,1,1,1,0,4,1,,,,,,,,0,1,0,3_3
508,2017/10/30,15:05:40,321,s31710105,3,4,3,CHECK,0,0,1,2,3,1509343534,1,s,1,1,1,1,1,5,1,,,,,,,,0,1,0,3_4
509,2017/10/30,15:05:52,541,s31710105,3,5,5,CHECK,0,0,1,4,5,1509343541,1,f,0,0,0,1,1,2,1,,,,,,,,0,0,0,3_5
510,2017/10/30,14:43:47,321,31710145,1,1,3,CHECK,0,0,1,2,3,1509342200,1,s,1,1,1,1,1,5,1,,,,,,,,1,0,1,1_1
511,2017/10/30,14:44:04,321,31710145,1,2,3,CHECK,0,0,1,2,3,1509342228,1,s,1,1,1,1,1,5,1,,,,,,,,1,0,1,1_2
512,2017/10/30,14:44:16,321,31710145,1,3,3,CHECK,0,0,1,2,3,1509342245,1,s,1,1,1,1,1,5,1,,,,,,,,1,0,1,1_3
513,2017/10/30,14:44:32,321,31710145,1,4,3,CHECK,0,0,1,2,3,1509342257,1,s,1,1,1,1,1,5,1,,,,,,,,1,0,1,1_4
514,2017/10/30,14:44:42,321,31710145,1,5,3,CHECK,0,0,1,2,3,1509342272,1,s,1,1,1,1,1,5,1,,,,,,,,1,0,1,1_5
515,2017/10/30,14:45:06,321,31710145,2,1,5,CHECK,0,0,1,2,3,1509342284,1,s,1,1,1,1,1,5,1,,,,,,,,0,0,0,2_1
516,2017/10/30,14:45:24,321,31710145,2,2,3,CHECK,0,0,1,2,3,1509342306,1,s,1,1,1,1,1,5,1,,,,,,,,0,0,0,2_2
517,2017/10/30,14:45:44,321,31710145,2,3,5,CHECK,0,0,1,2,3,1509342325,1,s,1,1,1,1,1,5,1,,,,,,,,0,0,0,2_3
518,2017/10/30,14:45:53,321,31710145,2,4,3,CHECK,0,0,1,2,3,1509342344,1,s,1,1,1,1,1,5,1,,,,,,,,0,0,0,2_4
519,2017/10/30,14:46:03,321,31710145,2,5,3,CHECK,0,0,1,2,3,1509342354,1,s,1,1,1,1,1,5,1,,,,,,,,1,0,1,2_5
520,2017/10/30,14:46:20,453,31710145,3,1,3,CHECK,0,0,3,5,4,1509342365,1,f,0,0,1,1,1,3,1,,,,,,,,1,0,1,3_1
521,2017/10/30,15:05:36,123,31710145,3,2,3,CHECK,0,0,3,2,1,1509343521,1,f,0,1,1,1,1,4,1,,,,,,,,0,1,0,3_2
522,2017/10/30,15:06:08,321,31710145,3,3,3,CHECK,0,0,1,2,3,1509343555,1,s,1,1,1,1,1,5,1,,,,,,,,0,1,0,3_3
523,2017/10/30,15:06:20,321,31710145,3,4,3,CHECK,0,0,1,2,3,1509343569,1,s,1,1,1,1,1,5,1,,,,,,,,0,1,0,3_4
524,2017/10/30,15:06:33,321,31710145,3,5,3,CHECK,0,0,1,2,3,1509343580,1,s,1,1,1,1,1,5,1,,,,,,,,0,1,0,3_5
525,2017/10/30,14:46:12,321,s31710117,1,1,5,CHECK,0,0,1,2,3,1509342339,1,s,1,1,1,1,1,5,1,,,,,,,,0,0,0,1_1
526,2017/10/30,14:46:25,341,s31710117,1,2,5,CHECK,0,0,1,4,3,1509342373,1,f,0,0,1,0,1,2,1,,,,,,,,0,1,0,1_2
527,2017/10/30,14:46:41,321,s31710117,1,3,3,CHECK,0,0,1,2,3,1509342389,1,s,1,1,1,1,1,5,1,,,,,,,,0,0,0,1_3
528,2017/10/30,14:46:56,321,s31710117,1,4,3,CHECK,0,0,1,2,3,1509342401,1,s,1,1,1,1,1,5,1,,,,,,,,1,0,1,1_4
529,2017/10/30,14:47:04,321,s31710117,1,5,5,CHECK,0,0,1,2,3,1509342416,1,s,1,1,1,1,1,5,1,,,,,,,,0,0,0,1_5
530,2017/10/30,14:47:15,321,s31710117,2,1,3,CHECK,0,0,1,2,3,1509342427,1,s,1,1,1,1,1,5,1,,,,,,,,0,0,0,2_1
531,2017/10/30,14:47:24,321,s31710117,2,2,3,CHECK,0,0,1,2,3,1509342436,1,s,1,1,1,1,1,5,1,,,,,,,,0,0,0,2_2
532,2017/10/30,14:47:45,321,s31710117,2,3,3,CHECK,0,0,1,2,3,1509342445,1,s,1,1,1,1,1,5,1,,,,,,,,0,0,0,2_3
533,2017/10/30,14:47:54,321,s31710117,2,4,3,CHECK,0,0,1,2,3,1509342465,1,s,1,1,1,1,1,5,1,,,,,,,,1,0,1,2_4
534,2017/10/30,14:48:01,341,s31710117,2,5,3,CHECK,0,0,1,4,3,1509342474,1,f,0,0,1,0,1,2,1,,,,,,,,0,0,1,2_5
535,2017/10/30,14:48:32,352,s31710117,3,1,3,CHECK,0,0,2,5,3,1509342490,1,f,0,0,1,0,0,1,1,,,,,,,,0,0,0,3_1
536,2017/10/30,14:54:04,341,s31710117,3,2,3,CHECK,0,0,1,4,3,1509342833,1,f,0,0,1,0,1,2,1,,,,,,,,0,0,0,3_2
537,2017/10/30,14:54:36,321,s31710117,3,3,5,CHECK,0,0,1,2,3,1509342861,1,s,1,1,1,1,1,5,1,,,,,,,,0,0,0,3_3
538,2017/10/30,14:54:46,321,s31710117,3,4,3,CHECK,0,0,1,2,3,1509342877,1,s,1,1,1,1,1,5,1,,,,,,,,0,0,0,3_4
539,2017/10/30,14:54:56,321,s31710117,3,5,5,CHECK,0,0,1,2,3,1509342887,1,s,1,1,1,1,1,5,1,,,,,,,,0,0,0,3_5
540,2017/10/30,14:41:18,321,31610097,1,1,3,CHECK,0,0,1,2,3,1509342069,1,s,1,1,1,1,1,5,1,,,,,,,,1,0,1,1_1
541,2017/10/30,14:41:28,321,31610097,1,2,3,CHECK,0,0,1,2,3,1509342079,1,s,1,1,1,1,1,5,1,,,,,,,,1,0,1,1_2
542,2017/10/30,14:41:37,321,31610097,1,3,3,CHECK,0,0,1,2,3,1509342089,1,s,1,1,1,1,1,5,1,,,,,,,,1,0,1,1_3
543,2017/10/30,14:42:00,321,31610097,1,4,5,CHECK,0,0,1,2,3,1509342098,1,s,1,1,1,1,1,5,1,,,,,,,,0,0,0,1_4
544,2017/10/30,14:42:12,321,31610097,1,5,3,CHECK,0,0,1,2,3,1509342123,1,s,1,1,1,1,1,5,1,,,,,,,,1,0,1,1_5
545,2017/10/30,14:42:24,321,31610097,2,1,3,CHECK,0,0,1,2,3,1509342135,1,s,1,1,1,1,1,5,1,,,,,,,,1,0,1,2_1
546,2017/10/30,14:42:34,321,31610097,2,2,3,CHECK,0,0,1,2,3,1509342145,1,s,1,1,1,1,1,5,1,,,,,,,,1,0,1,2_2
547,2017/10/30,14:42:42,321,31610097,2,3,3,CHECK,0,0,1,2,3,1509342155,1,s,1,1,1,1,1,5,1,,,,,,,,1,0,1,2_3
548,2017/10/30,14:42:52,321,31610097,2,4,3,CHECK,0,0,1,2,3,1509342163,1,s,1,1,1,1,1,5,1,,,,,,,,1,0,1,2_4
549,2017/10/30,14:42:59,321,31610097,2,5,3,CHECK,0,0,1,2,3,1509342173,1,s,1,1,1,1,1,5,1,,,,,,,,1,0,1,2_5
550,2017/10/30,14:43:11,453,31610097,3,1,3,CHECK,0,0,3,5,4,1509342182,1,f,0,0,1,1,1,3,1,,,,,,,,1,0,1,3_1
551,2017/10/30,14:46:44,123,31610097,3,2,7,CHECK,0,0,3,2,1,1509342384,1,f,0,1,1,1,1,4,1,,,,,,,,0,0,0,3_2
552,2017/10/30,14:47:29,123,31610097,3,3,5,CHECK,0,0,3,2,1,1509342434,1,f,0,1,1,1,1,4,1,,,,,,,,0,0,0,3_3
553,2017/10/30,14:47:50,321,31610097,3,4,3,CHECK,0,0,1,2,3,1509342454,1,s,1,1,1,1,1,5,1,,,,,,,,0,1,0,3_4
554,2017/10/30,14:47:59,321,31610097,3,5,3,CHECK,0,0,1,2,3,1509342471,1,s,1,1,1,1,1,5,1,,,,,,,,0,1,0,3_5
555,2017/10/30,14:47:02,321,s31710111,1,1,3,CHECK,0,0,1,2,3,1509342413,1,s,1,1,1,1,1,5,1,,,,,,,,1,0,1,1_1
556,2017/10/30,14:47:11,321,s31710111,1,2,3,CHECK,0,0,1,2,3,1509342423,1,s,1,1,1,1,1,5,1,,,,,,,,1,0,1,1_2
557,2017/10/30,14:47:20,321,s31710111,1,3,3,CHECK,0,0,1,2,3,1509342432,1,s,1,1,1,1,1,5,1,,,,,,,,1,0,1,1_3
558,2017/10/30,14:47:31,321,s31710111,1,4,3,CHECK,0,0,1,2,3,1509342440,1,s,1,1,1,1,1,5,1,,,,,,,,1,0,1,1_4
559,2017/10/30,14:47:43,321,s31710111,1,5,3,CHECK,0,0,1,2,3,1509342452,1,s,1,1,1,1,1,5,1,,,,,,,,1,0,1,1_5
560,2017/10/30,14:48:00,321,s31710111,2,1,5,CHECK,0,0,1,2,3,1509342465,1,s,1,1,1,1,1,5,1,,,,,,,,0,0,0,2_1
561,2017/10/30,14:48:15,321,s31710111,2,2,5,CHECK,0,0,1,2,3,1509342480,1,s,1,1,1,1,1,5,1,,,,,,,,0,0,0,2_2
562,2017/10/30,14:48:29,321,s31710111,2,3,5,CHECK,0,0,1,2,3,1509342496,1,s,1,1,1,1,1,5,1,,,,,,,,0,0,1,2_3
563,2017/10/30,14:48:46,321,s31710111,2,4,5,CHECK,0,0,1,2,3,1509342509,1,s,1,1,1,1,1,5,1,,,,,,,,0,0,1,2_4
564,2017/10/30,14:49:05,321,s31710111,2,5,5,CHECK,0,0,1,2,3,1509342527,1,s,1,1,1,1,1,5,1,,,,,,,,0,0,0,2_5
565,2017/10/30,14:49:24,453,s31710111,3,1,5,CHECK,0,0,3,5,4,1509342549,1,f,0,0,1,1,1,3,1,,,,,,,,1,0,1,3_1
566,2017/10/30,14:51:44,345,s31710111,3,2,3,CHECK,0,0,5,4,3,1509342655,1,f,0,0,1,1,1,3,1,,,,,,,,0,0,0,3_2
567,2017/10/30,14:53:06,321,s31710111,3,3,3,CHECK,0,0,1,2,3,1509342775,1,s,1,1,1,1,1,5,1,,,,,,,,1,0,0,3_3
568,2017/10/30,14:54:00,321,s31710111,3,4,3,CHECK,0,0,1,2,3,1509342824,1,s,1,1,1,1,1,5,1,,,,,,,,0,0,0,3_4
569,2017/10/30,14:54:07,321,s31710111,3,5,3,CHECK,0,0,1,2,3,1509342840,1,s,1,1,1,1,1,5,1,,,,,,,,0,0,0,3_5
570,2017/10/30,14:48:47,321,s31710137,1,1,3,CHECK,0,0,1,2,3,1509342518,1,s,1,1,1,1,1,5,1,,,,,,,,1,0,1,1_1
571,2017/10/30,14:49:28,321,s31710137,1,2,3,CHECK,0,0,1,2,3,1509342552,1,s,1,1,1,1,1,5,1,,,,,,,,1,0,1,1_2
572,2017/10/30,14:49:36,321,s31710137,1,3,3,CHECK,0,0,1,2,3,1509342569,1,s,1,1,1,1,1,5,1,,,,,,,,1,0,1,1_3
573,2017/10/30,14:49:45,321,s31710137,1,4,3,CHECK,0,0,1,2,3,1509342577,1,s,1,1,1,1,1,5,1,,,,,,,,1,0,1,1_4
574,2017/10/30,14:49:53,321,s31710137,1,5,3,CHECK,0,0,1,2,3,1509342586,1,s,1,1,1,1,1,5,1,,,,,,,,1,0,1,1_5
575,2017/10/30,14:50:05,321,s31710137,2,1,3,CHECK,0,0,1,2,3,1509342596,1,s,1,1,1,1,1,5,1,,,,,,,,1,0,1,2_1
576,2017/10/30,14:50:12,321,s31710137,2,2,3,CHECK,0,0,1,2,3,1509342606,1,s,1,1,1,1,1,5,1,,,,,,,,1,0,1,2_2
577,2017/10/30,14:50:27,641,s31710137,2,3,5,CHECK,0,0,1,4,6,1509342613,1,f,0,0,1,0,0,1,1,,,,,,,,0,0,1,2_3
578,2017/10/30,14:51:16,321,s31710137,2,4,3,CHECK,0,0,1,2,3,1509342663,1,s,1,1,1,1,1,5,1,,,,,,,,0,0,0,2_4
579,2017/10/30,14:51:24,321,s31710137,2,5,3,CHECK,0,0,1,2,3,1509342677,1,s,1,1,1,1,1,5,1,,,,,,,,0,0,0,2_5
580,2017/10/30,14:51:42,324,s31710137,3,1,5,CHECK,0,0,4,2,3,1509342687,1,f,0,1,0,1,1,3,1,,,,,,,,0,0,0,3_1
581,2017/10/30,14:52:11,321,s31710137,3,2,7,CHECK,0,0,1,2,3,1509342713,1,s,1,1,1,1,1,5,1,,,,,,,,0,0,0,3_2
582,2017/10/30,14:52:22,321,s31710137,3,3,3,CHECK,0,0,1,2,3,1509342731,1,s,1,1,1,1,1,5,1,,,,,,,,0,0,0,3_3
583,2017/10/30,14:52:32,321,s31710137,3,4,3,CHECK,0,0,1,2,3,1509342743,1,s,1,1,1,1,1,5,1,,,,,,,,1,0,0,3_4
584,2017/10/30,14:52:44,321,s31710137,3,5,7,CHECK,0,0,1,2,3,1509342753,1,s,1,1,1,1,1,5,1,,,,,,,,0,0,0,3_5
585,2017/10/30,15:18:22,321,31710129,1,1,3,CHECK,0,0,1,2,3,1509344288,1,s,1,1,1,1,1,5,1,,,,,,,,1,0,1,1_1
586,2017/10/30,15:18:34,321,31710129,1,2,3,CHECK,0,0,1,2,3,1509344303,1,s,1,1,1,1,1,5,1,,,,,,,,1,0,1,1_2
587,2017/10/30,15:18:44,325,31710129,1,3,3,CHECK,0,0,5,2,3,1509344315,1,f,0,0,1,0,0,1,1,,,,,,,,0,1,1,1_3
588,2017/10/30,15:19:05,341,31710129,1,4,3,CHECK,0,0,1,4,3,1509344337,1,f,0,0,1,0,1,2,1,,,,,,,,0,0,1,1_4
589,2017/10/30,15:19:23,321,31710129,1,5,3,CHECK,0,0,1,2,3,1509344353,1,s,1,1,1,1,1,5,1,,,,,,,,1,0,1,1_5
590,2017/10/30,15:19:36,321,31710129,2,1,3,CHECK,0,0,1,2,3,1509344366,1,s,1,1,1,1,1,5,1,,,,,,,,1,0,1,2_1
591,2017/10/30,15:19:46,321,31710129,2,2,3,CHECK,0,0,1,2,3,1509344377,1,s,1,1,1,1,1,5,1,,,,,,,,1,0,1,2_2
592,2017/10/30,15:19:58,621,31710129,2,3,3,CHECK,0,0,1,2,6,1509344388,1,f,1,1,1,1,0,4,1,,,,,,,,1,0,1,2_3
593,2017/10/30,15:20:31,321,31710129,2,4,3,CHECK,0,0,1,2,3,1509344417,1,s,1,1,1,1,1,5,1,,,,,,,,1,0,1,2_4
594,2017/10/30,15:20:44,321,31710129,2,5,3,CHECK,0,0,1,2,3,1509344433,1,s,1,1,1,1,1,5,1,,,,,,,,1,0,1,2_5
595,2017/10/30,15:21:48,453,31710129,3,1,15,CHECK,0,0,3,5,4,1509344448,1,f,0,0,1,1,1,3,1,,,,,,,,0,0,0,3_1
596,2017/10/30,15:22:34,321,31710129,3,2,3,CHECK,0,0,1,2,3,1509344538,1,s,1,1,1,1,1,5,1,,,,,,,,0,1,0,3_2
597,2017/10/30,15:23:07,321,31710129,3,3,3,CHECK,0,0,1,2,3,1509344555,1,s,1,1,1,1,1,5,1,,,,,,,,1,0,0,3_3
598,2017/10/30,15:23:22,321,31710129,3,4,3,CHECK,0,0,1,2,3,1509344588,1,s,1,1,1,1,1,5,1,,,,,,,,0,1,0,3_4
599,2017/10/30,15:23:34,321,31710129,3,5,3,CHECK,0,0,1,2,3,1509344603,1,s,1,1,1,1,1,5,1,,,,,,,,0,0,0,3_5
600,2017/10/30,14:45:10,321,31710143,1,1,3,CHECK,0,0,1,2,3,1509342258,1,s,1,1,1,1,1,5,1,,,,,,,,1,0,1,1_1
601,2017/10/30,14:45:47,321,31710143,1,2,3,CHECK,0,0,1,2,3,1509342312,1,s,1,1,1,1,1,5,1,,,,,,,,1,0,1,1_2
602,2017/10/30,14:45:59,321,31710143,1,3,3,CHECK,0,0,1,2,3,1509342348,1,s,1,1,1,1,1,5,1,,,,,,,,1,0,1,1_3
603,2017/10/30,14:46:08,321,31710143,1,4,3,CHECK,0,0,1,2,3,1509342359,1,s,1,1,1,1,1,5,1,,,,,,,,1,0,1,1_4
604,2017/10/30,14:46:15,321,31710143,1,5,3,CHECK,0,0,1,2,3,1509342369,1,s,1,1,1,1,1,5,1,,,,,,,,1,0,1,1_5
605,2017/10/30,14:47:00,453,31710143,2,1,5,CHECK,0,0,3,5,4,1509342377,1,f,0,0,1,1,1,3,1,,,,,,,,0,0,0,2_1
606,2017/10/30,14:47:28,321,31710143,2,2,3,CHECK,0,0,1,2,3,1509342437,1,s,1,1,1,1,1,5,1,,,,,,,,1,0,1,2_2
607,2017/10/30,14:47:38,321,31710143,2,3,3,CHECK,0,0,1,2,3,1509342448,1,s,1,1,1,1,1,5,1,,,,,,,,1,0,1,2_3
608,2017/10/30,14:47:51,321,31710143,2,4,3,CHECK,0,0,1,2,3,1509342459,1,s,1,1,1,1,1,5,1,,,,,,,,1,0,1,2_4
609,2017/10/30,14:48:01,321,31710143,2,5,3,CHECK,0,0,1,2,3,1509342471,1,s,1,1,1,1,1,5,1,,,,,,,,1,0,1,2_5
610,2017/10/30,14:49:39,354,31710143,3,1,9,CHECK,0,0,4,5,3,1509342484,1,f,0,0,1,1,1,3,1,,,,,,,,0,0,0,3_1
611,2017/10/30,14:50:56,321,31710143,3,2,3,CHECK,0,0,1,2,3,1509342648,1,s,1,1,1,1,1,5,1,,,,,,,,1,0,0,3_2
612,2017/10/30,14:51:15,321,31710143,3,3,3,CHECK,0,0,1,2,3,1509342657,1,s,1,1,1,1,1,5,1,,,,,,,,1,0,0,3_3
613,2017/10/30,14:51:25,321,31710143,3,4,3,CHECK,0,0,1,2,3,1509342676,1,s,1,1,1,1,1,5,1,,,,,,,,1,0,0,3_4
614,2017/10/30,14:51:37,321,31710143,3,5,3,CHECK,0,0,1,2,3,1509342686,1,s,1,1,1,1,1,5,1,,,,,,,,1,0,0,3_5
615,2017/10/30,14:35:54,321,31510062,1,1,3,CHECK,0,0,1,2,3,1509341711,1,s,1,1,1,1,1,5,1,,,,,,,,0,1,0,1_1
616,2017/10/30,14:36:16,341,31510062,1,2,3,CHECK,0,0,1,4,3,1509341756,1,f,0,0,1,0,1,2,1,,,,,,,,0,0,1,1_2
617,2017/10/30,14:38:05,321,31510062,1,3,3,CHECK,0,0,1,2,3,1509341797,1,s,1,1,1,1,1,5,1,,,,,,,,1,0,1,1_3
618,2017/10/30,14:38:37,321,31510062,1,4,3,CHECK,0,0,1,2,3,1509341886,1,s,1,1,1,1,1,5,1,,,,,,,,1,0,1,1_4
619,2017/10/30,14:38:52,321,31510062,1,5,3,CHECK,0,0,1,2,3,1509341918,1,s,1,1,1,1,1,5,1,,,,,,,,1,0,1,1_5
620,2017/10/30,14:39:11,321,31510062,2,1,3,CHECK,0,0,1,2,3,1509341935,1,s,1,1,1,1,1,5,1,,,,,,,,1,0,1,2_1
621,2017/10/30,14:39:26,321,31510062,2,2,5,CHECK,0,0,1,2,3,1509341952,1,s,1,1,1,1,1,5,1,,,,,,,,1,0,1,2_2
622,2017/10/30,14:40:49,325,31510062,2,3,3,CHECK,0,0,5,2,3,1509341967,1,f,0,0,1,0,0,1,1,,,,,,,,0,1,1,2_3
623,2017/10/30,14:41:10,321,31510062,2,4,3,CHECK,0,0,1,2,3,1509342057,1,s,1,1,1,1,1,5,1,,,,,,,,1,0,1,2_4
624,2017/10/30,14:41:25,321,31510062,2,5,3,CHECK,0,0,1,2,3,1509342071,1,s,1,1,1,1,1,5,1,,,,,,,,1,0,1,2_5
625,2017/10/30,14:41:48,453,31510062,3,1,3,CHECK,0,0,3,5,4,1509342091,1,f,0,0,1,1,1,3,1,,,,,,,,0,1,0,3_1
626,2017/10/30,14:55:38,321,31510062,3,2,5,CHECK,0,0,1,2,3,1509342908,1,s,1,1,1,1,1,5,1,,,,,,,,0,0,0,3_2
627,2017/10/30,14:55:56,341,31510062,3,3,3,CHECK,0,0,1,4,3,1509342942,1,f,0,0,1,0,1,2,1,,,,,,,,0,0,0,3_3
628,2017/10/30,14:56:32,321,31510062,3,4,3,CHECK,0,0,1,2,3,1509342968,1,s,1,1,1,1,1,5,1,,,,,,,,0,0,0,3_4
629,2017/10/30,14:57:13,321,31510062,3,5,3,CHECK,0,0,1,2,3,1509342993,1,s,1,1,1,1,1,5,1,,,,,,,,0,0,0,3_5
630,2017/10/30,14:43:39,321,31710165,1,1,3,CHECK,0,0,1,2,3,1509342205,1,s,1,1,1,1,1,5,1,,,,,,,,1,0,1,1_1
631,2017/10/30,14:43:51,321,31710165,1,2,3,CHECK,0,0,1,2,3,1509342220,1,s,1,1,1,1,1,5,1,,,,,,,,1,0,1,1_2
632,2017/10/30,14:44:03,321,31710165,1,3,3,CHECK,0,0,1,2,3,1509342232,1,s,1,1,1,1,1,5,1,,,,,,,,1,0,1,1_3
633,2017/10/30,14:44:12,321,31710165,1,4,3,CHECK,0,0,1,2,3,1509342244,1,s,1,1,1,1,1,5,1,,,,,,,,1,0,1,1_4
634,2017/10/30,14:44:19,321,31710165,1,5,3,CHECK,0,0,1,2,3,1509342253,1,s,1,1,1,1,1,5,1,,,,,,,,1,0,1,1_5
635,2017/10/30,14:44:31,321,31710165,2,1,3,CHECK,0,0,1,2,3,1509342261,1,s,1,1,1,1,1,5,1,,,,,,,,1,0,1,2_1
636,2017/10/30,14:44:37,321,31710165,2,2,3,CHECK,0,0,1,2,3,1509342272,1,s,1,1,1,1,1,5,1,,,,,,,,1,0,1,2_2
637,2017/10/30,14:44:45,321,31710165,2,3,3,CHECK,0,0,1,2,3,1509342278,1,s,1,1,1,1,1,5,1,,,,,,,,1,0,1,2_3
638,2017/10/30,14:45:05,321,31710165,2,4,3,CHECK,0,0,1,2,3,1509342285,1,s,1,1,1,1,1,5,1,,,,,,,,1,0,1,2_4
639,2017/10/30,14:45:12,321,31710165,2,5,3,CHECK,0,0,1,2,3,1509342305,1,s,1,1,1,1,1,5,1,,,,,,,,0,0,0,2_5
640,2017/10/30,14:45:35,354,31710165,3,1,5,CHECK,0,0,4,5,3,1509342314,1,f,0,0,1,1,1,3,1,,,,,,,,0,0,0,3_1
641,2017/10/30,14:46:09,321,31710165,3,2,3,CHECK,0,0,1,2,3,1509342360,1,s,1,1,1,1,1,5,1,,,,,,,,0,0,0,3_2
642,2017/10/30,14:46:31,321,31710165,3,3,9,CHECK,0,0,1,2,3,1509342370,1,s,1,1,1,1,1,5,1,,,,,,,,0,1,0,3_3
643,2017/10/30,14:46:41,321,31710165,3,4,5,CHECK,0,0,1,2,3,1509342392,1,s,1,1,1,1,1,5,1,,,,,,,,0,0,0,3_4
644,2017/10/30,14:46:50,321,31710165,3,5,3,CHECK,0,0,1,2,3,1509342402,1,s,1,1,1,1,1,5,1,,,,,,,,0,1,0,3_5
645,2017/10/30,14:43:45,321,31710112,1,1,3,CHECK,0,0,1,2,3,1509342207,1,s,1,1,1,1,1,5,1,,,,,,,,1,0,1,1_1
646,2017/10/30,14:44:04,321,31710112,1,2,3,CHECK,0,0,1,2,3,1509342226,1,s,1,1,1,1,1,5,1,,,,,,,,1,0,1,1_2
647,2017/10/30,14:44:37,321,31710112,1,3,3,CHECK,0,0,1,2,3,1509342249,1,s,1,1,1,1,1,5,1,,,,,,,,1,0,1,1_3
648,2017/10/30,14:44:59,321,31710112,1,4,3,CHECK,0,0,1,2,3,1509342278,1,s,1,1,1,1,1,5,1,,,,,,,,1,0,1,1_4
649,2017/10/30,14:45:26,321,31710112,1,5,3,CHECK,0,0,1,2,3,1509342300,1,s,1,1,1,1,1,5,1,,,,,,,,1,0,1,1_5
650,2017/10/30,14:46:11,321,31710112,2,1,5,CHECK,0,0,1,2,3,1509342345,1,s,1,1,1,1,1,5,1,,,,,,,,0,0,0,2_1
651,2017/10/30,14:46:26,321,31710112,2,2,3,CHECK,0,0,1,2,3,1509342372,1,s,1,1,1,1,1,5,1,,,,,,,,1,0,1,2_2
652,2017/10/30,14:46:44,321,31710112,2,3,3,CHECK,0,0,1,2,3,1509342387,1,s,1,1,1,1,1,5,1,,,,,,,,1,0,1,2_3
653,2017/10/30,14:47:07,321,31710112,2,4,3,CHECK,0,0,1,2,3,1509342405,1,s,1,1,1,1,1,5,1,,,,,,,,1,0,1,2_4
654,2017/10/30,14:47:22,321,31710112,2,5,3,CHECK,0,0,1,2,3,1509342428,1,s,1,1,1,1,1,5,1,,,,,,,,1,0,1,2_5
655,2017/10/30,14:48:49,354,31710112,3,1,3,CHECK,0,0,4,5,3,1509342444,1,f,0,0,1,1,1,3,1,,,,,,,,0,0,0,3_1
656,2017/10/30,14:59:00,321,31710112,3,2,3,CHECK,0,0,1,2,3,1509343127,1,s,1,1,1,1,1,5,1,,,,,,,,0,1,0,3_2
657,2017/10/30,14:59:17,321,31710112,3,3,3,CHECK,0,0,1,2,3,1509343141,1,s,1,1,1,1,1,5,1,,,,,,,,0,1,0,3_3
658,2017/10/30,14:59:32,321,31710112,3,4,3,CHECK,0,0,1,2,3,1509343157,1,s,1,1,1,1,1,5,1,,,,,,,,0,1,0,3_4
659,2017/10/30,14:59:44,321,31710112,3,5,3,CHECK,0,0,1,2,3,1509343173,1,s,1,1,1,1,1,5,1,,,,,,,,0,1,0,3_5
660,2017/10/30,14:38:50,321,31710156,1,1,3,CHECK,0,0,1,2,3,1509341920,1,s,1,1,1,1,1,5,1,,,,,,,,1,0,1,1_1
661,2017/10/30,14:39:01,321,31710156,1,2,3,CHECK,0,0,1,2,3,1509341931,1,s,1,1,1,1,1,5,1,,,,,,,,1,0,1,1_2
662,2017/10/30,14:39:10,321,31710156,1,3,3,CHECK,0,0,1,2,3,1509341942,1,s,1,1,1,1,1,5,1,,,,,,,,1,0,1,1_3
663,2017/10/30,14:39:42,321,31710156,1,4,5,CHECK,0,0,1,2,3,1509341950,1,s,1,1,1,1,1,5,1,,,,,,,,0,0,0,1_4
664,2017/10/30,14:39:54,321,31710156,1,5,3,CHECK,0,0,1,2,3,1509341983,1,s,1,1,1,1,1,5,1,,,,,,,,1,0,1,1_5
665,2017/10/30,14:40:10,321,31710156,2,1,3,CHECK,0,0,1,2,3,1509341996,1,s,1,1,1,1,1,5,1,,,,,,,,0,1,0,2_1
666,2017/10/30,14:40:17,321,31710156,2,2,3,CHECK,0,0,1,2,3,1509342011,1,s,1,1,1,1,1,5,1,,,,,,,,1,0,1,2_2
667,2017/10/30,14:40:26,321,31710156,2,3,3,CHECK,0,0,1,2,3,1509342018,1,s,1,1,1,1,1,5,1,,,,,,,,1,0,1,2_3
668,2017/10/30,14:40:33,425,31710156,2,4,3,CHECK,0,0,5,2,4,1509342027,1,f,0,0,0,0,0,0,1,,,,,,,,0,1,0,2_4
669,2017/10/30,14:40:49,321,31710156,2,5,3,CHECK,0,0,1,2,3,1509342041,1,s,1,1,1,1,1,5,1,,,,,,,,1,0,1,2_5
670,2017/10/30,14:46:53,453,31710156,3,1,3,CHECK,0,0,3,5,4,1509342392,1,f,0,0,1,1,1,3,1,,,,,,,,1,0,1,3_1
671,2017/10/30,14:53:44,321,31710156,3,2,3,CHECK,0,0,1,2,3,1509342815,1,s,1,1,1,1,1,5,1,,,,,,,,1,0,0,3_2
672,2017/10/30,14:53:56,321,31710156,3,3,3,CHECK,0,0,1,2,3,1509342824,1,s,1,1,1,1,1,5,1,,,,,,,,1,0,0,3_3
673,2017/10/30,14:54:11,321,31710156,3,4,3,CHECK,0,0,1,2,3,1509342837,1,s,1,1,1,1,1,5,1,,,,,,,,1,0,0,3_4
674,2017/10/30,14:54:20,321,31710156,3,5,3,CHECK,0,0,1,2,3,1509342852,1,s,1,1,1,1,1,5,1,,,,,,,,1,0,0,3_5
675,2017/10/30,14:45:54,321,31710086,1,1,3,CHECK,0,0,1,2,3,1509342337,1,s,1,1,1,1,1,5,1,,,,,,,,0,1,0,1_1
676,2017/10/30,14:46:04,321,31710086,1,2,3,CHECK,0,0,1,2,3,1509342355,1,s,1,1,1,1,1,5,1,,,,,,,,1,0,1,1_2
677,2017/10/30,14:46:17,321,31710086,1,3,3,CHECK,0,0,1,2,3,1509342365,1,s,1,1,1,1,1,5,1,,,,,,,,1,0,1,1_3
678,2017/10/30,14:46:33,321,31710086,1,4,3,CHECK,0,0,1,2,3,1509342378,1,s,1,1,1,1,1,5,1,,,,,,,,1,0,1,1_4
679,2017/10/30,14:46:48,321,31710086,1,5,3,CHECK,0,0,1,2,3,1509342394,1,s,1,1,1,1,1,5,1,,,,,,,,1,0,1,1_5
680,2017/10/30,14:47:05,321,31710086,2,1,3,CHECK,0,0,1,2,3,1509342410,1,s,1,1,1,1,1,5,1,,,,,,,,1,0,1,2_1
681,2017/10/30,14:47:18,321,31710086,2,2,3,CHECK,0,0,1,2,3,1509342426,1,s,1,1,1,1,1,5,1,,,,,,,,1,0,1,2_2
682,2017/10/30,14:47:42,321,31710086,2,3,3,CHECK,0,0,1,2,3,1509342439,1,s,1,1,1,1,1,5,1,,,,,,,,1,0,1,2_3
683,2017/10/30,14:48:02,321,31710086,2,4,3,CHECK,0,0,1,2,3,1509342463,1,s,1,1,1,1,1,5,1,,,,,,,,1,0,1,2_4
684,2017/10/30,14:48:16,321,31710086,2,5,3,CHECK,0,0,1,2,3,1509342482,1,s,1,1,1,1,1,5,1,,,,,,,,1,0,1,2_5
685,2017/10/30,14:49:38,345,31710086,3,1,5,CHECK,0,0,5,4,3,1509342499,1,f,0,0,1,1,1,3,1,,,,,,,,0,0,0,3_1
686,2017/10/30,14:57:51,321,31710086,3,2,3,CHECK,0,0,1,2,3,1509343054,1,s,1,1,1,1,1,5,1,,,,,,,,1,0,0,3_2
687,2017/10/30,14:58:09,321,31710086,3,3,3,CHECK,0,0,1,2,3,1509343072,1,s,1,1,1,1,1,5,1,,,,,,,,1,0,0,3_3
688,2017/10/30,14:58:24,321,31710086,3,4,3,CHECK,0,0,1,2,3,1509343090,1,s,1,1,1,1,1,5,1,,,,,,,,1,0,0,3_4
689,2017/10/30,14:58:33,321,31710086,3,5,3,CHECK,0,0,1,2,3,1509343104,1,s,1,1,1,1,1,5,1,,,,,,,,1,0,0,3_5
690,2017/10/30,14:56:48,321,31610121,1,1,7,CHECK,0,0,1,2,3,1509342992,1,s,1,1,1,1,1,5,1,,,,,,,,0,0,0,1_1
691,2017/10/30,14:56:57,321,31610121,1,2,3,CHECK,0,0,1,2,3,1509343009,1,s,1,1,1,1,1,5,1,,,,,,,,1,0,1,1_2
692,2017/10/30,14:57:15,321,31610121,1,3,3,CHECK,0,0,1,2,3,1509343018,1,s,1,1,1,1,1,5,1,,,,,,,,1,0,1,1_3
693,2017/10/30,14:57:28,321,31610121,1,4,3,CHECK,0,0,1,2,3,1509343036,1,s,1,1,1,1,1,5,1,,,,,,,,1,0,1,1_4
694,2017/10/30,14:57:37,321,31610121,1,5,3,CHECK,0,0,1,2,3,1509343049,1,s,1,1,1,1,1,5,1,,,,,,,,1,0,1,1_5
695,2017/10/30,14:57:47,321,31610121,2,1,3,CHECK,0,0,1,2,3,1509343060,1,s,1,1,1,1,1,5,1,,,,,,,,1,0,1,2_1
696,2017/10/30,14:57:58,321,31610121,2,2,3,CHECK,0,0,1,2,3,1509343068,1,s,1,1,1,1,1,5,1,,,,,,,,1,0,1,2_2
697,2017/10/30,14:58:14,325,31610121,2,3,5,CHECK,0,0,5,2,3,1509343078,1,f,0,0,1,0,0,1,1,,,,,,,,0,1,0,2_3
698,2017/10/30,14:58:35,321,31610121,2,4,3,CHECK,0,0,1,2,3,1509343103,1,s,1,1,1,1,1,5,1,,,,,,,,1,0,1,2_4
699,2017/10/30,14:58:49,321,31610121,2,5,3,CHECK,0,0,1,2,3,1509343116,1,s,1,1,1,1,1,5,1,,,,,,,,1,0,1,2_5
700,2017/10/30,14:59:08,534,31610121,3,1,5,CHECK,0,0,4,3,5,1509343132,1,f,0,0,1,1,1,3,1,,,,,,,,0,0,0,3_1
701,2017/10/30,15:04:27,321,31610121,3,2,3,CHECK,0,0,1,2,3,1509343452,1,s,1,1,1,1,1,5,1,,,,,,,,1,0,0,3_2
702,2017/10/30,15:04:45,123,31610121,3,3,3,CHECK,0,0,3,2,1,1509343470,1,f,0,1,1,1,1,4,1,,,,,,,,0,1,0,3_3
703,2017/10/30,15:05:05,341,31610121,3,4,3,CHECK,0,0,1,4,3,1509343492,1,f,0,0,1,0,1,2,1,,,,,,,,0,0,0,3_4
704,2017/10/30,15:05:36,123,31610121,3,5,3,CHECK,0,0,3,2,1,1509343526,1,f,0,1,1,1,1,4,1,,,,,,,,1,0,0,3_5
705,2017/10/30,14:31:16,341,31710074,1,1,3,CHECK,0,0,1,4,3,1509341440,1,f,0,0,1,0,1,2,1,,,,,,,,0,0,1,1_1
706,2017/10/30,14:32:53,321,31710074,1,2,3,CHECK,0,0,1,2,3,1509341557,1,s,1,1,1,1,1,5,1,,,,,,,,1,0,1,1_2
707,2017/10/30,14:33:06,321,31710074,1,3,3,CHECK,0,0,1,2,3,1509341574,1,s,1,1,1,1,1,5,1,,,,,,,,1,0,1,1_3
708,2017/10/30,14:33:28,321,31710074,1,4,3,CHECK,0,0,1,2,3,1509341587,1,s,1,1,1,1,1,5,1,,,,,,,,1,0,1,1_4
709,2017/10/30,14:33:47,321,31710074,1,5,3,CHECK,0,0,1,2,3,1509341609,1,s,1,1,1,1,1,5,1,,,,,,,,1,0,1,1_5
710,2017/10/30,14:34:24,321,31710074,2,1,7,CHECK,0,0,1,2,3,1509341629,1,s,1,1,1,1,1,5,1,,,,,,,,0,0,0,2_1
711,2017/10/30,14:34:41,321,31710074,2,2,3,CHECK,0,0,1,2,3,1509341664,1,s,1,1,1,1,1,5,1,,,,,,,,1,0,1,2_2
712,2017/10/30,14:35:07,321,31710074,2,3,3,CHECK,0,0,1,2,3,1509341682,1,s,1,1,1,1,1,5,1,,,,,,,,1,0,1,2_3
713,2017/10/30,14:35:31,321,31710074,2,4,3,CHECK,0,0,1,2,3,1509341708,1,s,1,1,1,1,1,5,1,,,,,,,,1,0,1,2_4
714,2017/10/30,14:35:46,341,31710074,2,5,3,CHECK,0,0,1,4,3,1509341731,1,f,0,0,1,0,1,2,1,,,,,,,,0,0,1,2_5
715,2017/10/30,14:36:22,453,31710074,3,1,3,CHECK,0,0,3,5,4,1509341759,1,f,0,0,1,1,1,3,1,,,,,,,,1,0,1,3_1
716,2017/10/30,14:56:52,523,31710074,3,2,5,CHECK,0,0,3,2,5,1509343000,1,f,0,0,1,0,0,1,1,,,,,,,,0,1,0,3_2
717,2017/10/30,14:59:04,123,31710074,3,3,5,CHECK,0,0,3,2,1,1509343128,1,f,0,1,1,1,1,4,1,,,,,,,,0,1,0,3_3
718,2017/10/30,14:59:30,645,31710074,3,4,3,CHECK,0,0,5,4,6,1509343153,1,f,0,0,1,1,0,2,1,,,,,,,,0,0,0,3_4
719,2017/10/30,15:00:07,341,31710074,3,5,3,CHECK,0,0,1,4,3,1509343195,1,f,0,0,1,0,1,2,1,,,,,,,,0,0,0,3_5
720,2017/10/30,17:26:40,321,31710042,1,1,3,CHECK,0,0,1,2,3,1509351993,1,s,1,1,1,1,1,5,1,,,,,,,,1,0,1,1_1
721,2017/10/30,17:26:49,321,31710042,1,2,3,CHECK,0,0,1,2,3,1509352001,1,s,1,1,1,1,1,5,1,,,,,,,,1,0,1,1_2
722,2017/10/30,17:26:56,321,31710042,1,3,3,CHECK,0,0,1,2,3,1509352010,1,s,1,1,1,1,1,5,1,,,,,,,,1,0,1,1_3
723,2017/10/30,17:27:04,321,31710042,1,4,3,CHECK,0,0,1,2,3,1509352017,1,s,1,1,1,1,1,5,1,,,,,,,,1,0,1,1_4
724,2017/10/30,17:27:10,341,31710042,1,5,3,CHECK,0,0,1,4,3,1509352024,1,f,0,0,1,0,1,2,1,,,,,,,,0,0,0,1_5
725,2017/10/30,17:27:30,321,31710042,2,1,5,CHECK,0,0,1,2,3,1509352042,1,s,1,1,1,1,1,5,1,,,,,,,,1,0,0,2_1
726,2017/10/30,17:27:36,321,31710042,2,2,3,CHECK,0,0,1,2,3,1509352050,1,s,1,1,1,1,1,5,1,,,,,,,,1,0,1,2_2
727,2017/10/30,17:27:44,321,31710042,2,3,3,CHECK,0,0,1,2,3,1509352057,1,s,1,1,1,1,1,5,1,,,,,,,,1,0,1,2_3
728,2017/10/30,17:27:51,321,31710042,2,4,3,CHECK,0,0,1,2,3,1509352064,1,s,1,1,1,1,1,5,1,,,,,,,,1,0,1,2_4
729,2017/10/30,17:27:58,321,31710042,2,5,3,CHECK,0,0,1,2,3,1509352072,1,s,1,1,1,1,1,5,1,,,,,,,,1,0,1,2_5
730,2017/10/30,17:28:12,321,31710042,3,1,5,CHECK,0,0,1,2,3,1509352080,1,s,1,1,1,1,1,5,1,,,,,,,,0,0,0,3_1
731,2017/10/30,17:28:20,321,31710042,3,2,3,CHECK,0,0,1,2,3,1509352093,1,s,1,1,1,1,1,5,1,,,,,,,,1,0,0,3_2
732,2017/10/30,17:28:27,321,31710042,3,3,3,CHECK,0,0,1,2,3,1509352101,1,s,1,1,1,1,1,5,1,,,,,,,,0,0,0,3_3
733,2017/10/30,17:28:36,321,31710042,3,4,3,CHECK,0,0,1,2,3,1509352108,1,s,1,1,1,1,1,5,1,,,,,,,,0,0,0,3_4
734,2017/10/30,17:28:45,321,31710042,3,5,3,CHECK,0,0,1,2,3,1509352117,1,s,1,1,1,1,1,5,1,,,,,,,,1,0,0,3_5
