,date,time,ans,InputID,lv,asg,stp,ope1,slot,card,slot1,slot2,slot3,session,check,jdg,C.S,ST.S,N.S,SS.S,O.S,validity,trial,amount,sentence,type0,type2,formula_order,story,type,story_st,relation_st,formula_st,q,strategy
0,2017/10/30,14:32:56,321,31710071,1,1,3,CHECK,0,0,1,2,3,1509341558,1,s,1,1,1,1,1,5,1,,,,,,,,,,F*,1_1,F*
1,2017/10/30,14:33:11,321,31710071,1,2,3,CHECK,0,0,1,2,3,1509341576,1,s,1,1,1,1,1,5,1,,,,,,,,,,F*,1_2,F*
2,2017/10/30,14:33:26,321,31710071,1,3,3,CHECK,0,0,1,2,3,1509341592,1,s,1,1,1,1,1,5,1,,,,,,,,,,F*,1_3,F*
3,2017/10/30,14:33:40,321,31710071,1,4,3,CHECK,0,0,1,2,3,1509341606,1,s,1,1,1,1,1,5,1,,,,,,,,,,F*,1_4,F*
4,2017/10/30,14:33:51,321,31710071,1,5,3,CHECK,0,0,1,2,3,1509341620,1,s,1,1,1,1,1,5,1,,,,,,,,,,F*,1_5,F*
5,2017/10/30,14:34:27,321,31710071,2,1,3,CHECK,0,0,1,2,3,1509341636,1,s,1,1,1,1,1,5,1,,,,,,,,,,F*,2_1,F*
6,2017/10/30,14:34:42,321,31710071,2,2,3,CHECK,0,0,1,2,3,1509341667,1,s,1,1,1,1,1,5,1,,,,,,,,,,F*,2_2,F*
7,2017/10/30,14:34:55,321,31710071,2,3,3,CHECK,0,0,1,2,3,1509341683,1,s,1,1,1,1,1,5,1,,,,,,,,,,F*,2_3,F*
8,2017/10/30,14:35:07,321,31710071,2,4,3,CHECK,0,0,1,2,3,1509341695,1,s,1,1,1,1,1,5,1,,,,,,,,,,F*,2_4,F*
9,2017/10/30,14:35:23,321,31710071,2,5,3,CHECK,0,0,1,2,3,1509341707,1,s,1,1,1,1,1,5,1,,,,,,,,,,,2_5,n
10,2017/10/30,14:37:09,352,31710071,3,1,3,CHECK,0,0,2,5,3,1509341777,1,f,0,0,1,0,0,1,1,,,,,,,,,r,,3_1,r
11,2017/10/30,14:38:54,321,31710071,3,2,3,CHECK,0,0,1,2,3,1509341923,1,s,1,1,1,1,1,5,1,,,,,,,,s,,,3_2,s
12,2017/10/30,14:39:10,321,31710071,3,3,3,CHECK,0,0,1,2,3,1509341934,1,s,1,1,1,1,1,5,1,,,,,,,,s,,,3_3,s
13,2017/10/30,14:39:44,321,31710071,3,4,3,CHECK,0,0,1,2,3,1509341951,1,s,1,1,1,1,1,5,1,,,,,,,,s,,,3_4,s
14,2017/10/30,14:39:54,321,31710071,3,5,3,CHECK,0,0,1,2,3,1509341984,1,s,1,1,1,1,1,5,1,,,,,,,,s,,,3_5,s
15,2017/10/30,14:45:39,321,31510207,1,1,5,CHECK,0,0,1,2,3,1509342323,1,s,1,1,1,1,1,5,1,,,,,,,,,,,1_1,n
16,2017/10/30,14:46:01,321,31510207,1,2,3,CHECK,0,0,1,2,3,1509342340,1,s,1,1,1,1,1,5,1,,,,,,,,,,F*,1_2,F*
17,2017/10/30,14:46:13,321,31510207,1,3,3,CHECK,0,0,1,2,3,1509342361,1,s,1,1,1,1,1,5,1,,,,,,,,,,F*,1_3,F*
18,2017/10/30,14:46:54,321,31510207,1,4,3,CHECK,0,0,1,2,3,1509342374,1,s,1,1,1,1,1,5,1,,,,,,,,,,F*,1_4,F*
19,2017/10/30,14:47:02,321,31510207,1,5,3,CHECK,0,0,1,2,3,1509342415,1,s,1,1,1,1,1,5,1,,,,,,,,,,F*,1_5,F*
20,2017/10/30,14:47:45,621,31510207,2,1,3,CHECK,0,0,1,2,6,1509342425,1,f,1,1,1,1,0,4,1,,,,,,,,,,F*,2_1,F*
21,2017/10/30,14:48:16,321,31510207,2,2,3,CHECK,0,0,1,2,3,1509342485,1,s,1,1,1,1,1,5,1,,,,,,,,,,F*,2_2,F*
22,2017/10/30,14:48:27,321,31510207,2,3,3,CHECK,0,0,1,2,3,1509342497,1,s,1,1,1,1,1,5,1,,,,,,,,,,F*,2_3,F*
23,2017/10/30,14:48:46,321,31510207,2,4,3,CHECK,0,0,1,2,3,1509342507,1,s,1,1,1,1,1,5,1,,,,,,,,,,F*,2_4,F*
24,2017/10/30,14:49:06,321,31510207,2,5,3,CHECK,0,0,1,2,3,1509342527,1,s,1,1,1,1,1,5,1,,,,,,,,,,F*,2_5,F*
25,2017/10/30,14:49:35,534,31510207,3,1,3,CHECK,0,0,4,3,5,1509342549,1,f,0,0,1,1,1,3,1,,,,,,,,,,,3_1,n
26,2017/10/30,15:04:13,321,31510207,3,2,3,CHECK,0,0,1,2,3,1509343440,1,s,1,1,1,1,1,5,1,,,,,,,,,,,3_2,n
27,2017/10/30,15:04:28,123,31510207,3,3,3,CHECK,0,0,3,2,1,1509343454,1,f,0,1,1,1,1,4,1,,,,,,,,,r,,3_3,r
28,2017/10/30,15:04:47,321,31510207,3,4,3,CHECK,0,0,1,2,3,1509343473,1,s,1,1,1,1,1,5,1,,,,,,,,s,,,3_4,s
29,2017/10/30,15:05:00,321,31510207,3,5,3,CHECK,0,0,1,2,3,1509343488,1,s,1,1,1,1,1,5,1,,,,,,,,,,,3_5,n
30,2017/10/30,14:49:48,321,31710039,1,1,3,CHECK,0,0,1,2,3,1509342452,1,s,1,1,1,1,1,5,1,,,,,,,,,,,1_1,n
31,2017/10/30,14:50:08,321,31710039,1,2,3,CHECK,0,0,1,2,3,1509342589,1,s,1,1,1,1,1,5,1,,,,,,,,,,F*,1_2,F*
32,2017/10/30,14:50:36,321,31710039,1,3,3,CHECK,0,0,1,2,3,1509342609,1,s,1,1,1,1,1,5,1,,,,,,,,,,,1_3,n
33,2017/10/30,14:51:49,321,31710039,1,4,3,CHECK,0,0,1,2,3,1509342637,1,s,1,1,1,1,1,5,1,,,,,,,,,,,1_4,n
34,2017/10/30,14:52:06,321,31710039,1,5,3,CHECK,0,0,1,2,3,1509342711,1,s,1,1,1,1,1,5,1,,,,,,,,,,,1_5,n
35,2017/10/30,14:52:24,321,31710039,2,1,3,CHECK,0,0,1,2,3,1509342729,1,s,1,1,1,1,1,5,1,,,,,,,,,,,2_1,n
36,2017/10/30,14:52:39,321,31710039,2,2,3,CHECK,0,0,1,2,3,1509342745,1,s,1,1,1,1,1,5,1,,,,,,,,,,,2_2,n
37,2017/10/30,14:52:58,321,31710039,2,3,3,CHECK,0,0,1,2,3,1509342760,1,s,1,1,1,1,1,5,1,,,,,,,,,,,2_3,n
38,2017/10/30,14:53:27,321,31710039,2,4,3,CHECK,0,0,1,2,3,1509342779,1,s,1,1,1,1,1,5,1,,,,,,,,,,,2_4,n
39,2017/10/30,14:53:43,321,31710039,2,5,3,CHECK,0,0,1,2,3,1509342808,1,s,1,1,1,1,1,5,1,,,,,,,,,,,2_5,n
40,2017/10/30,14:55:05,453,31710039,3,1,3,CHECK,0,0,3,5,4,1509342828,1,f,0,0,1,1,1,3,1,,,,,,,,,,,3_1,n
41,2017/10/30,14:58:52,321,31710039,3,2,7,CHECK,0,0,1,2,3,1509343098,1,s,1,1,1,1,1,5,1,,,,,,,,,,,3_2,n
42,2017/10/30,14:59:13,321,31710039,3,3,3,CHECK,0,0,1,2,3,1509343134,1,s,1,1,1,1,1,5,1,,,,,,,,,,,3_3,n
43,2017/10/30,14:59:26,321,31710039,3,4,3,CHECK,0,0,1,2,3,1509343154,1,s,1,1,1,1,1,5,1,,,,,,,,,,,3_4,n
44,2017/10/30,14:59:41,321,31710039,3,5,3,CHECK,0,0,1,2,3,1509343168,1,s,1,1,1,1,1,5,1,,,,,,,,,,,3_5,n
45,2017/10/30,17:11:34,321,s31610012,1,1,5,CHECK,0,0,1,2,3,1509351074,1,s,1,1,1,1,1,5,1,,,,,,,,,,,1_1,n
46,2017/10/30,17:11:43,325,s31610012,1,2,3,CHECK,0,0,5,2,3,1509351096,1,f,0,0,1,0,0,1,1,,,,,,,,,,F*,1_2,F*
47,2017/10/30,17:12:07,321,s31610012,1,3,3,CHECK,0,0,1,2,3,1509351114,1,s,1,1,1,1,1,5,1,,,,,,,,,,F*,1_3,F*
48,2017/10/30,17:12:21,321,s31610012,1,4,3,CHECK,0,0,1,2,3,1509351128,1,s,1,1,1,1,1,5,1,,,,,,,,,r,,1_4,r
49,2017/10/30,17:12:30,321,s31610012,1,5,3,CHECK,0,0,1,2,3,1509351142,1,s,1,1,1,1,1,5,1,,,,,,,,,,,1_5,n
50,2017/10/30,17:12:43,341,s31610012,2,1,3,CHECK,0,0,1,4,3,1509351154,1,f,0,0,1,0,1,2,1,,,,,,,,,,,2_1,n
51,2017/10/30,17:13:08,321,s31610012,2,2,3,CHECK,0,0,1,2,3,1509351174,1,s,1,1,1,1,1,5,1,,,,,,,,,,F*,2_2,F*
52,2017/10/30,17:13:29,321,s31610012,2,3,5,CHECK,0,0,1,2,3,1509351189,1,s,1,1,1,1,1,5,1,,,,,,,,,,,2_3,n
53,2017/10/30,17:13:48,321,s31610012,2,4,3,CHECK,0,0,1,2,3,1509351210,1,s,1,1,1,1,1,5,1,,,,,,,,,,,2_4,n
54,2017/10/30,17:14:01,341,s31610012,2,5,3,CHECK,0,0,1,4,3,1509351229,1,f,0,0,1,0,1,2,1,,,,,,,,,,,2_5,n
55,2017/10/30,17:14:27,453,s31610012,3,1,3,CHECK,0,0,3,5,4,1509351259,1,f,0,0,1,1,1,3,1,,,,,,,,,,F*,3_1,F*
56,2017/10/30,17:16:29,321,s31610012,3,2,5,CHECK,0,0,1,2,3,1509351377,1,s,1,1,1,1,1,5,1,,,,,,,,,,,3_2,n
57,2017/10/30,17:16:40,321,s31610012,3,3,3,CHECK,0,0,1,2,3,1509351390,1,s,1,1,1,1,1,5,1,,,,,,,,,,,3_3,n
58,2017/10/30,17:16:57,345,s31610012,3,4,5,CHECK,0,0,5,4,3,1509351400,1,f,0,0,1,1,1,3,1,,,,,,,,,,,3_4,n
59,2017/10/30,17:17:27,341,s31610012,3,5,3,CHECK,0,0,1,4,3,1509351438,1,f,0,0,1,0,1,2,1,,,,,,,,,,,3_5,n
60,2017/10/30,14:15:43,321,31610158,1,1,3,CHECK,0,0,1,2,3,1509340528,1,s,1,1,1,1,1,5,1,,,,,,,,,,F*,1_1,F*
61,2017/10/30,14:16:01,321,31610158,1,2,3,CHECK,0,0,1,2,3,1509340543,1,s,1,1,1,1,1,5,1,,,,,,,,,,F*,1_2,F*
62,2017/10/30,14:16:16,321,31610158,1,3,5,CHECK,0,0,1,2,3,1509340561,1,s,1,1,1,1,1,5,1,,,,,,,,,,,1_3,n
63,2017/10/30,14:16:33,321,31610158,1,4,3,CHECK,0,0,1,2,3,1509340576,1,s,1,1,1,1,1,5,1,,,,,,,,,r,,1_4,r
64,2017/10/30,14:16:49,321,31610158,1,5,5,CHECK,0,0,1,2,3,1509340593,1,s,1,1,1,1,1,5,1,,,,,,,,,,,1_5,n
65,2017/10/30,14:17:12,321,31610158,2,1,3,CHECK,0,0,1,2,3,1509340612,1,s,1,1,1,1,1,5,1,,,,,,,,,,F*,2_1,F*
66,2017/10/30,14:17:26,321,31610158,2,2,3,CHECK,0,0,1,2,3,1509340633,1,s,1,1,1,1,1,5,1,,,,,,,,,,F*,2_2,F*
67,2017/10/30,14:17:50,321,31610158,2,3,7,CHECK,0,0,1,2,3,1509340646,1,s,1,1,1,1,1,5,1,,,,,,,,,,,2_3,n
68,2017/10/30,14:18:04,321,31610158,2,4,3,CHECK,0,0,1,2,3,1509340671,1,s,1,1,1,1,1,5,1,,,,,,,,,,F*,2_4,F*
69,2017/10/30,14:18:20,321,31610158,2,5,3,CHECK,0,0,1,2,3,1509340684,1,s,1,1,1,1,1,5,1,,,,,,,,,,F*,2_5,F*
70,2017/10/30,14:51:10,543,31610158,3,1,3,CHECK,0,0,3,4,5,1509342383,1,f,0,0,1,1,1,3,1,,,,,,,,,,,3_1,n
71,2017/10/30,14:52:40,341,31610158,3,2,5,CHECK,0,0,1,4,3,1509342742,1,f,0,0,1,0,1,2,1,,,,,,,,,,,3_2,n
72,2017/10/30,14:53:05,351,31610158,3,3,3,CHECK,0,0,1,5,3,1509342771,1,f,0,0,0,1,1,2,1,,,,,,,,,,,3_3,n
73,2017/10/30,14:53:56,341,31610158,3,4,3,CHECK,0,0,1,4,3,1509342819,1,f,0,0,1,0,1,2,1,,,,,,,,,,,3_4,n
74,2017/10/30,14:54:18,341,31610158,3,5,3,CHECK,0,0,1,4,3,1509342843,1,f,0,0,1,0,1,2,1,,,,,,,,,,,3_5,n
75,2017/10/30,14:45:23,321,31710023,1,1,5,CHECK,0,0,1,2,3,1509342209,1,s,1,1,1,1,1,5,1,,,,,,,,,r,,1_1,r
76,2017/10/30,14:45:46,321,31710023,1,2,3,CHECK,0,0,1,2,3,1509342324,1,s,1,1,1,1,1,5,1,,,,,,,,,,F*,1_2,F*
77,2017/10/30,14:46:04,321,31710023,1,3,5,CHECK,0,0,1,2,3,1509342347,1,s,1,1,1,1,1,5,1,,,,,,,,,,F*,1_3,F*
78,2017/10/30,14:46:18,321,31710023,1,4,3,CHECK,0,0,1,2,3,1509342365,1,s,1,1,1,1,1,5,1,,,,,,,,,,F*,1_4,F*
79,2017/10/30,14:46:27,321,31710023,1,5,3,CHECK,0,0,1,2,3,1509342379,1,s,1,1,1,1,1,5,1,,,,,,,,,,F*,1_5,F*
80,2017/10/30,14:46:42,321,31710023,2,1,3,CHECK,0,0,1,2,3,1509342392,1,s,1,1,1,1,1,5,1,,,,,,,,,,F*,2_1,F*
81,2017/10/30,14:46:53,341,31710023,2,2,3,CHECK,0,0,1,4,3,1509342404,1,f,0,0,1,0,1,2,1,,,,,,,,,,F*,2_2,F*
82,2017/10/30,14:47:16,321,31710023,2,3,3,CHECK,0,0,1,2,3,1509342423,1,s,1,1,1,1,1,5,1,,,,,,,,,,F*,2_3,F*
83,2017/10/30,14:47:30,321,31710023,2,4,3,CHECK,0,0,1,2,3,1509342437,1,s,1,1,1,1,1,5,1,,,,,,,,,,F*,2_4,F*
84,2017/10/30,14:47:45,621,31710023,2,5,3,CHECK,0,0,1,2,6,1509342451,1,f,1,1,1,1,0,4,1,,,,,,,,,,F*,2_5,F*
85,2017/10/30,14:48:52,534,31710023,3,1,5,CHECK,0,0,4,3,5,1509342489,1,f,0,0,1,1,1,3,1,,,,,,,,,,,3_1,n
86,2017/10/30,16:57:54,321,31710023,3,2,3,CHECK,0,0,1,2,3,1509350258,1,s,1,1,1,1,1,5,1,,,,,,,,s,,,3_2,s
87,2017/10/30,16:58:09,321,31710023,3,3,3,CHECK,0,0,1,2,3,1509350275,1,s,1,1,1,1,1,5,1,,,,,,,,s,,,3_3,s
88,2017/10/30,16:58:21,321,31710023,3,4,3,CHECK,0,0,1,2,3,1509350290,1,s,1,1,1,1,1,5,1,,,,,,,,s,,,3_4,s
89,2017/10/30,16:58:35,321,31710023,3,5,3,CHECK,0,0,1,2,3,1509350302,1,s,1,1,1,1,1,5,1,,,,,,,,s,,,3_5,s
90,2017/10/30,14:39:15,325,31610016,1,1,9,CHECK,0,0,5,2,3,1509341931,1,f,0,0,1,0,0,1,1,,,,,,,,,,,1_1,n
91,2017/10/30,14:40:12,312,31610016,1,2,3,CHECK,0,0,2,1,3,1509341998,1,f,0,1,1,1,1,4,1,,,,,,,,,r,,1_2,r
92,2017/10/30,14:40:39,321,31610016,1,3,3,CHECK,0,0,1,2,3,1509342020,1,s,1,1,1,1,1,5,1,,,,,,,,,,F*,1_3,F*
93,2017/10/30,14:40:55,321,31610016,1,4,5,CHECK,0,0,1,2,3,1509342039,1,s,1,1,1,1,1,5,1,,,,,,,,,r,,1_4,r
94,2017/10/30,14:41:23,321,31610016,1,5,3,CHECK,0,0,1,2,3,1509342056,1,s,1,1,1,1,1,5,1,,,,,,,,,r,,1_5,r
95,2017/10/30,14:41:52,325,31610016,2,1,9,CHECK,0,0,5,2,3,1509342085,1,f,0,0,1,0,0,1,1,,,,,,,,,,,2_1,n
96,2017/10/30,14:42:49,321,31610016,2,2,3,CHECK,0,0,1,2,3,1509342137,1,s,1,1,1,1,1,5,1,,,,,,,,,r,,2_2,r
97,2017/10/30,14:43:02,321,31610016,2,3,3,CHECK,0,0,1,2,3,1509342169,1,s,1,1,1,1,1,5,1,,,,,,,,,,F*,2_3,F*
98,2017/10/30,14:43:30,321,31610016,2,4,9,CHECK,0,0,1,2,3,1509342183,1,s,1,1,1,1,1,5,1,,,,,,,,,,,2_4,n
99,2017/10/30,14:43:39,321,31610016,2,5,3,CHECK,0,0,1,2,3,1509342210,1,s,1,1,1,1,1,5,1,,,,,,,,,,F*,2_5,F*
100,2017/10/30,14:44:02,453,31610016,3,1,3,CHECK,0,0,3,5,4,1509342221,1,f,0,0,1,1,1,3,1,,,,,,,,,,F*,3_1,F*
101,2017/10/30,14:53:24,253,31610016,3,2,3,CHECK,0,0,3,5,2,1509342765,1,f,0,0,1,0,0,1,1,,,,,,,,,r,,3_2,r
102,2017/10/30,14:54:58,321,31610016,3,3,3,CHECK,0,0,1,2,3,1509342881,1,s,1,1,1,1,1,5,1,,,,,,,,,r,,3_3,r
103,2017/10/30,14:55:21,321,31610016,3,4,3,CHECK,0,0,1,2,3,1509342909,1,s,1,1,1,1,1,5,1,,,,,,,,,r,,3_4,r
104,2017/10/30,14:55:37,321,31610016,3,5,3,CHECK,0,0,1,2,3,1509342922,1,s,1,1,1,1,1,5,1,,,,,,,,,r,,3_5,r
105,2017/10/30,14:26:39,321,31410196,1,1,3,CHECK,0,0,1,2,3,1509341191,1,s,1,1,1,1,1,5,1,,,,,,,,,r,,1_1,r
106,2017/10/30,14:26:46,321,31410196,1,2,3,CHECK,0,0,1,2,3,1509341200,1,s,1,1,1,1,1,5,1,,,,,,,,,,F*,1_2,F*
107,2017/10/30,14:27:00,321,31410196,1,3,3,CHECK,0,0,1,2,3,1509341207,1,s,1,1,1,1,1,5,1,,,,,,,,,,,1_3,n
108,2017/10/30,14:27:09,321,31410196,1,4,3,CHECK,0,0,1,2,3,1509341220,1,s,1,1,1,1,1,5,1,,,,,,,,,,,1_4,n
109,2017/10/30,14:27:16,321,31410196,1,5,3,CHECK,0,0,1,2,3,1509341230,1,s,1,1,1,1,1,5,1,,,,,,,,,,,1_5,n
110,2017/10/30,14:27:29,321,31410196,2,1,3,CHECK,0,0,1,2,3,1509341239,1,s,1,1,1,1,1,5,1,,,,,,,,,r,,2_1,r
111,2017/10/30,14:27:38,321,31410196,2,2,3,CHECK,0,0,1,2,3,1509341249,1,s,1,1,1,1,1,5,1,,,,,,,,,,,2_2,n
112,2017/10/30,14:27:49,321,31410196,2,3,5,CHECK,0,0,1,2,3,1509341258,1,s,1,1,1,1,1,5,1,,,,,,,,,,,2_3,n
113,2017/10/30,14:27:55,321,31410196,2,4,3,CHECK,0,0,1,2,3,1509341270,1,s,1,1,1,1,1,5,1,,,,,,,,,,F*,2_4,F*
114,2017/10/30,14:28:03,321,31410196,2,5,3,CHECK,0,0,1,2,3,1509341276,1,s,1,1,1,1,1,5,1,,,,,,,,,r,,2_5,r
115,2017/10/30,14:35:23,321,31410196,3,1,3,CHECK,0,0,1,2,3,1509341698,1,s,1,1,1,1,1,5,1,,,,,,,,s,,,3_1,s
116,2017/10/30,14:35:50,453,31410196,3,2,7,CHECK,0,0,3,5,4,1509341724,1,f,0,0,1,1,1,3,1,,,,,,,,,,,3_2,n
117,2017/10/30,14:36:24,123,31410196,3,3,5,CHECK,0,0,3,2,1,1509341767,1,f,0,1,1,1,1,4,1,,,,,,,,,r,,3_3,r
118,2017/10/30,14:40:11,321,31410196,3,4,3,CHECK,0,0,1,2,3,1509341998,1,s,1,1,1,1,1,5,1,,,,,,,,,,,3_4,n
119,2017/10/30,14:40:22,321,31410196,3,5,5,CHECK,0,0,1,2,3,1509342012,1,s,1,1,1,1,1,5,1,,,,,,,,,,,3_5,n
120,2017/10/30,14:46:36,321,31710135,1,1,3,CHECK,0,0,1,2,3,1509342226,1,s,1,1,1,1,1,5,1,,,,,,,,,,F*,1_1,F*
121,2017/10/30,14:46:46,321,31710135,1,2,3,CHECK,0,0,1,2,3,1509342398,1,s,1,1,1,1,1,5,1,,,,,,,,,,F*,1_2,F*
122,2017/10/30,14:47:00,321,31710135,1,3,3,CHECK,0,0,1,2,3,1509342407,1,s,1,1,1,1,1,5,1,,,,,,,,,,F*,1_3,F*
123,2017/10/30,14:47:18,321,31710135,1,4,3,CHECK,0,0,1,2,3,1509342421,1,s,1,1,1,1,1,5,1,,,,,,,,,,F*,1_4,F*
124,2017/10/30,14:47:30,321,31710135,1,5,3,CHECK,0,0,1,2,3,1509342439,1,s,1,1,1,1,1,5,1,,,,,,,,,,F*,1_5,F*
125,2017/10/30,14:47:48,321,31710135,2,1,3,CHECK,0,0,1,2,3,1509342456,1,s,1,1,1,1,1,5,1,,,,,,,,,,F*,2_1,F*
126,2017/10/30,14:48:30,321,31710135,2,2,3,CHECK,0,0,1,2,3,1509342470,1,s,1,1,1,1,1,5,1,,,,,,,,,,F*,2_2,F*
127,2017/10/30,14:48:45,321,31710135,2,3,3,CHECK,0,0,1,2,3,1509342512,1,s,1,1,1,1,1,5,1,,,,,,,,,,F*,2_3,F*
128,2017/10/30,14:48:57,321,31710135,2,4,3,CHECK,0,0,1,2,3,1509342526,1,s,1,1,1,1,1,5,1,,,,,,,,,,F*,2_4,F*
129,2017/10/30,14:49:08,321,31710135,2,5,3,CHECK,0,0,1,2,3,1509342538,1,s,1,1,1,1,1,5,1,,,,,,,,,,F*,2_5,F*
130,2017/10/30,14:49:50,321,31710135,3,1,5,CHECK,0,0,1,2,3,1509342553,1,s,1,1,1,1,1,5,1,,,,,,,,,,,3_1,n
131,2017/10/30,14:50:06,312,31710135,3,2,3,CHECK,0,0,2,1,3,1509342592,1,f,0,1,1,1,1,4,1,,,,,,,,,,,3_2,n
132,2017/10/30,14:50:34,341,31710135,3,3,3,CHECK,0,0,1,4,3,1509342614,1,f,0,0,1,0,1,2,1,,,,,,,,,,,3_3,n
133,2017/10/30,14:50:57,321,31710135,3,4,3,CHECK,0,0,1,2,3,1509342642,1,s,1,1,1,1,1,5,1,,,,,,,,,,,3_4,n
134,2017/10/30,14:51:09,321,31710135,3,5,3,CHECK,0,0,1,2,3,1509342658,1,s,1,1,1,1,1,5,1,,,,,,,,,,,3_5,n
135,2017/10/30,14:40:15,321,31410011,1,1,3,CHECK,0,0,1,2,3,1509342003,1,s,1,1,1,1,1,5,1,,,,,,,,,,F*,1_1,F*
136,2017/10/30,14:40:25,321,31410011,1,2,3,CHECK,0,0,1,2,3,1509342016,1,s,1,1,1,1,1,5,1,,,,,,,,,,F*,1_2,F*
137,2017/10/30,14:40:38,321,31410011,1,3,3,CHECK,0,0,1,2,3,1509342026,1,s,1,1,1,1,1,5,1,,,,,,,,,,,1_3,n
138,2017/10/30,14:40:52,321,31410011,1,4,3,CHECK,0,0,1,2,3,1509342038,1,s,1,1,1,1,1,5,1,,,,,,,,,,,1_4,n
139,2017/10/30,14:41:04,321,31410011,1,5,3,CHECK,0,0,1,2,3,1509342053,1,s,1,1,1,1,1,5,1,,,,,,,,,,,1_5,n
140,2017/10/30,14:41:19,321,31410011,2,1,3,CHECK,0,0,1,2,3,1509342067,1,s,1,1,1,1,1,5,1,,,,,,,,,,F*,2_1,F*
141,2017/10/30,14:41:27,321,31410011,2,2,3,CHECK,0,0,1,2,3,1509342080,1,s,1,1,1,1,1,5,1,,,,,,,,,,F*,2_2,F*
142,2017/10/30,14:41:39,621,31410011,2,3,3,CHECK,0,0,1,2,6,1509342088,1,f,1,1,1,1,0,4,1,,,,,,,,,r,,2_3,r
143,2017/10/30,14:42:25,321,31410011,2,4,13,CHECK,0,0,1,2,3,1509342119,1,s,1,1,1,1,1,5,1,,,,,,,,,,,2_4,n
144,2017/10/30,14:42:44,321,31410011,2,5,3,CHECK,0,0,1,2,3,1509342146,1,s,1,1,1,1,1,5,1,,,,,,,,,,,2_5,n
145,2017/10/30,14:43:19,321,31410011,3,1,3,CHECK,0,0,1,2,3,1509342166,1,s,1,1,1,1,1,5,1,,,,,,,,,r,,3_1,r
146,2017/10/30,14:43:38,321,31410011,3,2,7,CHECK,0,0,1,2,3,1509342199,1,s,1,1,1,1,1,5,1,,,,,,,,,,,3_2,n
147,2017/10/30,14:43:51,321,31410011,3,3,3,CHECK,0,0,1,2,3,1509342219,1,s,1,1,1,1,1,5,1,,,,,,,,,r,,3_3,r
148,2017/10/30,14:43:59,321,31410011,3,4,3,CHECK,0,0,1,2,3,1509342232,1,s,1,1,1,1,1,5,1,,,,,,,,,,,3_4,n
149,2017/10/30,14:44:08,321,31410011,3,5,3,CHECK,0,0,1,2,3,1509342240,1,s,1,1,1,1,1,5,1,,,,,,,,,,,3_5,n
150,2017/10/30,14:41:37,321,31610007,1,1,3,CHECK,0,0,1,2,3,1509342072,1,s,1,1,1,1,1,5,1,,,,,,,,,,F*,1_1,F*
151,2017/10/30,14:41:48,321,31610007,1,2,3,CHECK,0,0,1,2,3,1509342098,1,s,1,1,1,1,1,5,1,,,,,,,,,,F*,1_2,F*
152,2017/10/30,14:41:54,321,31610007,1,3,3,CHECK,0,0,1,2,3,1509342109,1,s,1,1,1,1,1,5,1,,,,,,,,,,F*,1_3,F*
153,2017/10/30,14:42:03,321,31610007,1,4,3,CHECK,0,0,1,2,3,1509342115,1,s,1,1,1,1,1,5,1,,,,,,,,,,F*,1_4,F*
154,2017/10/30,14:42:12,321,31610007,1,5,3,CHECK,0,0,1,2,3,1509342124,1,s,1,1,1,1,1,5,1,,,,,,,,,,F*,1_5,F*
155,2017/10/30,14:42:30,321,31610007,2,1,3,CHECK,0,0,1,2,3,1509342134,1,s,1,1,1,1,1,5,1,,,,,,,,,,F*,2_1,F*
156,2017/10/30,14:42:42,321,31610007,2,2,3,CHECK,0,0,1,2,3,1509342151,1,s,1,1,1,1,1,5,1,,,,,,,,,,F*,2_2,F*
157,2017/10/30,14:42:53,321,31610007,2,3,3,CHECK,0,0,1,2,3,1509342162,1,s,1,1,1,1,1,5,1,,,,,,,,,,F*,2_3,F*
158,2017/10/30,14:43:05,321,31610007,2,4,3,CHECK,0,0,1,2,3,1509342174,1,s,1,1,1,1,1,5,1,,,,,,,,,,F*,2_4,F*
159,2017/10/30,14:46:17,321,31610007,2,5,3,CHECK,0,0,1,2,3,1509342368,1,s,1,1,1,1,1,5,1,,,,,,,,,,F*,2_5,F*
160,2017/10/30,14:46:32,534,31610007,3,1,3,CHECK,0,0,4,3,5,1509342380,1,f,0,0,1,1,1,3,1,,,,,,,,,,,3_1,n
161,2017/10/30,14:49:06,543,31610007,3,2,5,CHECK,0,0,3,4,5,1509342533,1,f,0,0,1,1,1,3,1,,,,,,,,,,,3_2,n
162,2017/10/30,14:50:11,413,31610007,3,3,5,CHECK,0,0,3,1,4,1509342576,1,f,0,0,1,0,1,2,1,,,,,,,,,,,3_3,n
163,2017/10/30,14:50:34,345,31610007,3,4,3,CHECK,0,0,5,4,3,1509342623,1,f,0,0,1,1,1,3,1,,,,,,,,,,,3_4,n
164,2017/10/30,14:50:53,325,31610007,3,5,3,CHECK,0,0,5,2,3,1509342641,1,f,0,0,1,0,0,1,1,,,,,,,,,,,3_5,n
165,2017/10/30,14:34:51,321,31210101,1,1,3,CHECK,0,0,1,2,3,1509341669,1,s,1,1,1,1,1,5,1,,,,,,,,,,F*,1_1,F*
166,2017/10/30,14:35:01,321,31210101,1,2,3,CHECK,0,0,1,2,3,1509341692,1,s,1,1,1,1,1,5,1,,,,,,,,,,F*,1_2,F*
167,2017/10/30,14:35:15,321,31210101,1,3,5,CHECK,0,0,1,2,3,1509341701,1,s,1,1,1,1,1,5,1,,,,,,,,,,,1_3,n
168,2017/10/30,14:35:29,321,31210101,1,4,3,CHECK,0,0,1,2,3,1509341716,1,s,1,1,1,1,1,5,1,,,,,,,,,r,,1_4,r
169,2017/10/30,14:35:39,321,31210101,1,5,3,CHECK,0,0,1,2,3,1509341730,1,s,1,1,1,1,1,5,1,,,,,,,,,r,,1_5,r
170,2017/10/30,14:36:05,321,31210101,2,1,3,CHECK,0,0,1,2,3,1509341743,1,s,1,1,1,1,1,5,1,,,,,,,,,,,2_1,n
171,2017/10/30,14:36:17,321,31210101,2,2,5,CHECK,0,0,1,2,3,1509341766,1,s,1,1,1,1,1,5,1,,,,,,,,,,,2_2,n
172,2017/10/30,14:36:25,321,31210101,2,3,3,CHECK,0,0,1,2,3,1509341778,1,s,1,1,1,1,1,5,1,,,,,,,,,,,2_3,n
173,2017/10/30,14:36:39,321,31210101,2,4,5,CHECK,0,0,1,2,3,1509341786,1,s,1,1,1,1,1,5,1,,,,,,,,,,,2_4,n
174,2017/10/30,14:36:48,321,31210101,2,5,5,CHECK,0,0,1,2,3,1509341800,1,s,1,1,1,1,1,5,1,,,,,,,,,r,,2_5,r
175,2017/10/30,14:37:00,453,31210101,3,1,3,CHECK,0,0,3,5,4,1509341811,1,f,0,0,1,1,1,3,1,,,,,,,,,r,,3_1,r
176,2017/10/30,14:38:31,325,31210101,3,2,11,CHECK,0,0,5,2,3,1509341890,1,f,0,0,1,0,0,1,1,,,,,,,,,,,3_2,n
177,2017/10/30,14:38:47,321,31210101,3,3,5,CHECK,0,0,1,2,3,1509341916,1,s,1,1,1,1,1,5,1,,,,,,,,,,,3_3,n
178,2017/10/30,14:38:59,321,31210101,3,4,5,CHECK,0,0,1,2,3,1509341928,1,s,1,1,1,1,1,5,1,,,,,,,,,,,3_4,n
179,2017/10/30,14:39:10,321,31210101,3,5,3,CHECK,0,0,1,2,3,1509341940,1,s,1,1,1,1,1,5,1,,,,,,,,,,,3_5,n
180,2017/10/30,14:43:46,321,31410170,1,1,3,CHECK,0,0,1,2,3,1509342212,1,s,1,1,1,1,1,5,1,,,,,,,,,,F*,1_1,F*
181,2017/10/30,14:44:06,341,31410170,1,2,3,CHECK,0,0,1,4,3,1509342236,1,f,0,0,1,0,1,2,1,,,,,,,,,,F*,1_2,F*
182,2017/10/30,14:44:43,321,31410170,1,3,3,CHECK,0,0,1,2,3,1509342273,1,s,1,1,1,1,1,5,1,,,,,,,,,,F*,1_3,F*
183,2017/10/30,14:44:58,321,31410170,1,4,3,CHECK,0,0,1,2,3,1509342284,1,s,1,1,1,1,1,5,1,,,,,,,,,,F*,1_4,F*
184,2017/10/30,14:45:08,321,31410170,1,5,3,CHECK,0,0,1,2,3,1509342299,1,s,1,1,1,1,1,5,1,,,,,,,,,,F*,1_5,F*
185,2017/10/30,14:45:22,321,31410170,2,1,3,CHECK,0,0,1,2,3,1509342311,1,s,1,1,1,1,1,5,1,,,,,,,,,,F*,2_1,F*
186,2017/10/30,14:45:34,321,31410170,2,2,3,CHECK,0,0,1,2,3,1509342323,1,s,1,1,1,1,1,5,1,,,,,,,,,,F*,2_2,F*
187,2017/10/30,14:45:44,321,31410170,2,3,3,CHECK,0,0,1,2,3,1509342334,1,s,1,1,1,1,1,5,1,,,,,,,,,,F*,2_3,F*
188,2017/10/30,14:45:56,321,31410170,2,4,3,CHECK,0,0,1,2,3,1509342344,1,s,1,1,1,1,1,5,1,,,,,,,,,,F*,2_4,F*
189,2017/10/30,14:46:05,321,31410170,2,5,3,CHECK,0,0,1,2,3,1509342357,1,s,1,1,1,1,1,5,1,,,,,,,,,,F*,2_5,F*
190,2017/10/30,14:46:26,453,31410170,3,1,3,CHECK,0,0,3,5,4,1509342374,1,f,0,0,1,1,1,3,1,,,,,,,,,,F*,3_1,F*
191,2017/10/30,14:48:03,321,31410170,3,2,3,CHECK,0,0,1,2,3,1509342471,1,s,1,1,1,1,1,5,1,,,,,,,,,r,,3_2,r
192,2017/10/30,14:48:12,321,31410170,3,3,3,CHECK,0,0,1,2,3,1509342484,1,s,1,1,1,1,1,5,1,,,,,,,,,r,,3_3,r
193,2017/10/30,14:48:24,324,31410170,3,4,3,CHECK,0,0,4,2,3,1509342493,1,f,0,1,0,1,1,3,1,,,,,,,,,r,,3_4,r
194,2017/10/30,14:48:47,321,31410170,3,5,3,CHECK,0,0,1,2,3,1509342513,1,s,1,1,1,1,1,5,1,,,,,,,,,r,,3_5,r
195,2017/10/30,14:42:34,321,31610164,1,1,3,CHECK,0,0,1,2,3,1509342132,1,s,1,1,1,1,1,5,1,,,,,,,,,,F*,1_1,F*
196,2017/10/30,14:42:52,321,31610164,1,2,5,CHECK,0,0,1,2,3,1509342155,1,s,1,1,1,1,1,5,1,,,,,,,,,,,1_2,n
197,2017/10/30,14:43:06,321,31610164,1,3,3,CHECK,0,0,1,2,3,1509342173,1,s,1,1,1,1,1,5,1,,,,,,,,,,F*,1_3,F*
198,2017/10/30,14:43:53,321,31610164,1,4,3,CHECK,0,0,1,2,3,1509342187,1,s,1,1,1,1,1,5,1,,,,,,,,,,F*,1_4,F*
199,2017/10/30,14:44:05,321,31610164,1,5,3,CHECK,0,0,1,2,3,1509342234,1,s,1,1,1,1,1,5,1,,,,,,,,,,F*,1_5,F*
200,2017/10/30,14:44:20,321,31610164,2,1,3,CHECK,0,0,1,2,3,1509342247,1,s,1,1,1,1,1,5,1,,,,,,,,,,F*,2_1,F*
201,2017/10/30,14:44:33,321,31610164,2,2,3,CHECK,0,0,1,2,3,1509342261,1,s,1,1,1,1,1,5,1,,,,,,,,,,F*,2_2,F*
202,2017/10/30,14:44:45,321,31610164,2,3,3,CHECK,0,0,1,2,3,1509342274,1,s,1,1,1,1,1,5,1,,,,,,,,,,F*,2_3,F*
203,2017/10/30,14:44:57,321,31610164,2,4,3,CHECK,0,0,1,2,3,1509342286,1,s,1,1,1,1,1,5,1,,,,,,,,,,,2_4,n
204,2017/10/30,14:45:07,321,31610164,2,5,3,CHECK,0,0,1,2,3,1509342298,1,s,1,1,1,1,1,5,1,,,,,,,,,,F*,2_5,F*
205,2017/10/30,14:45:40,321,31610164,3,1,3,CHECK,0,0,1,2,3,1509342310,1,s,1,1,1,1,1,5,1,,,,,,,,s,,,3_1,s
206,2017/10/30,14:45:51,321,31610164,3,2,3,CHECK,0,0,1,2,3,1509342341,1,s,1,1,1,1,1,5,1,,,,,,,,s,,,3_2,s
207,2017/10/30,14:46:02,321,31610164,3,3,3,CHECK,0,0,1,2,3,1509342351,1,s,1,1,1,1,1,5,1,,,,,,,,s,,,3_3,s
208,2017/10/30,14:46:14,321,31610164,3,4,3,CHECK,0,0,1,2,3,1509342363,1,s,1,1,1,1,1,5,1,,,,,,,,,r,,3_4,r
209,2017/10/30,14:46:25,321,31610164,3,5,7,CHECK,0,0,1,2,3,1509342375,1,s,1,1,1,1,1,5,1,,,,,,,,,,,3_5,n
210,2017/10/30,14:45:21,321,31710167,1,1,3,CHECK,0,0,1,2,3,1509342302,1,s,1,1,1,1,1,5,1,,,,,,,,,,,1_1,n
211,2017/10/30,14:45:33,321,31710167,1,2,3,CHECK,0,0,1,2,3,1509342322,1,s,1,1,1,1,1,5,1,,,,,,,,,,F*,1_2,F*
212,2017/10/30,14:45:40,341,31710167,1,3,3,CHECK,0,0,1,4,3,1509342334,1,f,0,0,1,0,1,2,1,,,,,,,,,,F*,1_3,F*
213,2017/10/30,14:46:00,421,31710167,1,4,3,CHECK,0,0,1,2,4,1509342346,1,f,0,1,0,1,1,3,1,,,,,,,,s,,,1_4,s
214,2017/10/30,14:46:14,321,31710167,1,5,3,CHECK,0,0,1,2,3,1509342364,1,s,1,1,1,1,1,5,1,,,,,,,,,,F*,1_5,F*
215,2017/10/30,14:46:28,321,31710167,2,1,3,CHECK,0,0,1,2,3,1509342377,1,s,1,1,1,1,1,5,1,,,,,,,,,,,2_1,n
216,2017/10/30,14:46:37,341,31710167,2,2,3,CHECK,0,0,1,4,3,1509342389,1,f,0,0,1,0,1,2,1,,,,,,,,,,F*,2_2,F*
217,2017/10/30,14:46:53,321,31710167,2,3,5,CHECK,0,0,1,2,3,1509342402,1,s,1,1,1,1,1,5,1,,,,,,,,,,,2_3,n
218,2017/10/30,14:47:04,321,31710167,2,4,3,CHECK,0,0,1,2,3,1509342414,1,s,1,1,1,1,1,5,1,,,,,,,,,,F*,2_4,F*
219,2017/10/30,14:47:14,321,31710167,2,5,3,CHECK,0,0,1,2,3,1509342425,1,s,1,1,1,1,1,5,1,,,,,,,,,,F*,2_5,F*
220,2017/10/30,14:47:27,354,31710167,3,1,5,CHECK,0,0,4,5,3,1509342436,1,f,0,0,1,1,1,3,1,,,,,,,,,,,3_1,n
221,2017/10/30,14:52:54,321,31710167,3,2,7,CHECK,0,0,1,2,3,1509342762,1,s,1,1,1,1,1,5,1,,,,,,,,,,,3_2,n
222,2017/10/30,14:53:04,321,31710167,3,3,3,CHECK,0,0,1,2,3,1509342776,1,s,1,1,1,1,1,5,1,,,,,,,,,r,,3_3,r
223,2017/10/30,14:53:14,321,31710167,3,4,5,CHECK,0,0,1,2,3,1509342784,1,s,1,1,1,1,1,5,1,,,,,,,,,,,3_4,n
224,2017/10/30,14:53:26,321,31710167,3,5,7,CHECK,0,0,1,2,3,1509342794,1,s,1,1,1,1,1,5,1,,,,,,,,,,,3_5,n
225,2017/10/30,14:25:02,321,31510074,1,1,3,CHECK,0,0,1,2,3,1509341087,1,s,1,1,1,1,1,5,1,,,,,,,,,,F*,1_1,F*
226,2017/10/30,14:25:12,321,31510074,1,2,3,CHECK,0,0,1,2,3,1509341104,1,s,1,1,1,1,1,5,1,,,,,,,,,,F*,1_2,F*
227,2017/10/30,14:25:22,321,31510074,1,3,3,CHECK,0,0,1,2,3,1509341113,1,s,1,1,1,1,1,5,1,,,,,,,,,r,,1_3,r
228,2017/10/30,14:25:34,321,31510074,1,4,3,CHECK,0,0,1,2,3,1509341123,1,s,1,1,1,1,1,5,1,,,,,,,,,,,1_4,n
229,2017/10/30,14:25:45,321,31510074,1,5,3,CHECK,0,0,1,2,3,1509341134,1,s,1,1,1,1,1,5,1,,,,,,,,,,F*,1_5,F*
230,2017/10/30,14:26:07,321,31510074,2,1,3,CHECK,0,0,1,2,3,1509341150,1,s,1,1,1,1,1,5,1,,,,,,,,,r,,2_1,r
231,2017/10/30,14:26:16,321,31510074,2,2,3,CHECK,0,0,1,2,3,1509341168,1,s,1,1,1,1,1,5,1,,,,,,,,,r,,2_2,r
232,2017/10/30,14:28:15,321,31510074,2,3,9,CHECK,0,0,1,2,3,1509341176,1,s,1,1,1,1,1,5,1,,,,,,,,,,,2_3,n
233,2017/10/30,14:28:28,321,31510074,2,4,3,CHECK,0,0,1,2,3,1509341296,1,s,1,1,1,1,1,5,1,,,,,,,,,,F*,2_4,F*
234,2017/10/30,14:28:42,321,31510074,2,5,3,CHECK,0,0,1,2,3,1509341309,1,s,1,1,1,1,1,5,1,,,,,,,,,r,,2_5,r
235,2017/10/30,14:29:08,564,31510074,3,1,3,CHECK,0,0,4,6,5,1509341324,1,f,0,0,1,1,0,2,1,,,,,,,,,,,3_1,n
236,2017/10/30,14:49:49,621,31510074,3,2,3,CHECK,0,0,1,2,6,1509342563,1,f,1,1,1,1,0,4,1,,,,,,,,,,,3_2,n
237,2017/10/30,14:50:41,321,31510074,3,3,3,CHECK,0,0,1,2,3,1509342618,1,s,1,1,1,1,1,5,1,,,,,,,,,r,,3_3,r
238,2017/10/30,14:50:54,321,31510074,3,4,5,CHECK,0,0,1,2,3,1509342641,1,s,1,1,1,1,1,5,1,,,,,,,,,,,3_4,n
239,2017/10/30,14:51:13,321,31510074,3,5,3,CHECK,0,0,1,2,3,1509342655,1,s,1,1,1,1,1,5,1,,,,,,,,,r,,3_5,r
240,2017/10/30,14:56:38,321,31610044,1,1,3,CHECK,0,0,1,2,3,1509342990,1,s,1,1,1,1,1,5,1,,,,,,,,,,F*,1_1,F*
241,2017/10/30,14:56:56,321,31610044,1,2,3,CHECK,0,0,1,2,3,1509342999,1,s,1,1,1,1,1,5,1,,,,,,,,,,F*,1_2,F*
242,2017/10/30,14:57:07,321,31610044,1,3,3,CHECK,0,0,1,2,3,1509343018,1,s,1,1,1,1,1,5,1,,,,,,,,,,F*,1_3,F*
243,2017/10/30,14:57:21,321,31610044,1,4,3,CHECK,0,0,1,2,3,1509343028,1,s,1,1,1,1,1,5,1,,,,,,,,,,F*,1_4,F*
244,2017/10/30,14:57:32,321,31610044,1,5,3,CHECK,0,0,1,2,3,1509343042,1,s,1,1,1,1,1,5,1,,,,,,,,,,F*,1_5,F*
245,2017/10/30,14:58:03,321,31610044,2,1,3,CHECK,0,0,1,2,3,1509343069,1,s,1,1,1,1,1,5,1,,,,,,,,,,F*,2_1,F*
246,2017/10/30,14:59:13,321,31610044,2,2,3,CHECK,0,0,1,2,3,1509343084,1,s,1,1,1,1,1,5,1,,,,,,,,,,F*,2_2,F*
247,2017/10/30,14:59:25,321,31610044,2,3,3,CHECK,0,0,1,2,3,1509343154,1,s,1,1,1,1,1,5,1,,,,,,,,,,F*,2_3,F*
248,2017/10/30,14:59:38,321,31610044,2,4,3,CHECK,0,0,1,2,3,1509343166,1,s,1,1,1,1,1,5,1,,,,,,,,,,F*,2_4,F*
249,2017/10/30,14:59:55,321,31610044,2,5,3,CHECK,0,0,1,2,3,1509343178,1,s,1,1,1,1,1,5,1,,,,,,,,,,F*,2_5,F*
250,2017/10/30,15:18:53,534,31610044,3,1,7,CHECK,0,0,4,3,5,1509344235,1,f,0,0,1,1,1,3,1,,,,,,,,,,,3_1,n
251,2017/10/30,15:22:21,345,31610044,3,2,3,CHECK,0,0,5,4,3,1509344521,1,f,0,0,1,1,1,3,1,,,,,,,,,,,3_2,n
252,2017/10/30,15:22:54,321,31610044,3,3,3,CHECK,0,0,1,2,3,1509344561,1,s,1,1,1,1,1,5,1,,,,,,,,,,,3_3,n
253,2017/10/30,15:23:22,321,31610044,3,4,3,CHECK,0,0,1,2,3,1509344583,1,s,1,1,1,1,1,5,1,,,,,,,,,r,,3_4,r
254,2017/10/30,15:23:37,321,31610044,3,5,3,CHECK,0,0,1,2,3,1509344607,1,s,1,1,1,1,1,5,1,,,,,,,,,,,3_5,n
255,2017/10/30,14:39:47,321,72,1,1,3,CHECK,0,0,1,2,3,1509341937,1,s,1,1,1,1,1,5,1,,,,,,,,,,F*,1_1,F*
256,2017/10/30,14:40:34,324,72,1,2,3,CHECK,0,0,4,2,3,1509341988,1,f,0,1,0,1,1,3,1,,,,,,,,s,,,1_2,s
257,2017/10/30,14:41:26,321,72,1,3,3,CHECK,0,0,1,2,3,1509342046,1,s,1,1,1,1,1,5,1,,,,,,,,,,F*,1_3,F*
258,2017/10/30,14:42:04,321,72,1,4,3,CHECK,0,0,1,2,3,1509342087,1,s,1,1,1,1,1,5,1,,,,,,,,,,F*,1_4,F*
259,2017/10/30,14:42:15,321,72,1,5,3,CHECK,0,0,1,2,3,1509342125,1,s,1,1,1,1,1,5,1,,,,,,,,,,F*,1_5,F*
260,2017/10/30,14:43:11,321,72,2,1,5,CHECK,0,0,1,2,3,1509342139,1,s,1,1,1,1,1,5,1,,,,,,,,,,,2_1,n
261,2017/10/30,14:43:36,321,72,2,2,3,CHECK,0,0,1,2,3,1509342192,1,s,1,1,1,1,1,5,1,,,,,,,,,,F*,2_2,F*
262,2017/10/30,14:44:59,621,72,2,3,3,CHECK,0,0,1,2,6,1509342270,1,f,1,1,1,1,0,4,1,,,,,,,,,,F*,2_3,F*
263,2017/10/30,14:45:45,341,72,2,4,3,CHECK,0,0,1,4,3,1509342303,1,f,0,0,1,0,1,2,1,,,,,,,,,,F*,2_4,F*
264,2017/10/30,14:46:05,321,72,2,5,5,CHECK,0,0,1,2,3,1509342352,1,s,1,1,1,1,1,5,1,,,,,,,,,,F*,2_5,F*
265,2017/10/30,14:46:28,453,72,3,1,3,CHECK,0,0,3,5,4,1509342372,1,f,0,0,1,1,1,3,1,,,,,,,,,,F*,3_1,F*
266,2017/10/30,14:53:59,321,72,3,2,3,CHECK,0,0,1,2,3,1509342806,1,s,1,1,1,1,1,5,1,,,,,,,,,r,,3_2,r
267,2017/10/30,14:54:36,123,72,3,3,3,CHECK,0,0,3,2,1,1509342842,1,f,0,1,1,1,1,4,1,,,,,,,,,r,,3_3,r
268,2017/10/30,14:55:26,321,72,3,4,3,CHECK,0,0,1,2,3,1509342892,1,s,1,1,1,1,1,5,1,,,,,,,,,r,,3_4,r
269,2017/10/30,14:55:50,321,72,3,5,3,CHECK,0,0,1,2,3,1509342926,1,s,1,1,1,1,1,5,1,,,,,,,,,r,,3_5,r
270,2017/10/30,14:57:56,321,31710065,1,1,3,CHECK,0,0,1,2,3,1509343063,1,s,1,1,1,1,1,5,1,,,,,,,,,,F*,1_1,F*
271,2017/10/30,14:58:25,321,31710065,1,2,7,CHECK,0,0,1,2,3,1509343078,1,s,1,1,1,1,1,5,1,,,,,,,,,,,1_2,n
272,2017/10/30,14:58:46,321,31710065,1,3,3,CHECK,0,0,1,2,3,1509343106,1,s,1,1,1,1,1,5,1,,,,,,,,,,F*,1_3,F*
273,2017/10/30,14:59:03,321,31710065,1,4,3,CHECK,0,0,1,2,3,1509343127,1,s,1,1,1,1,1,5,1,,,,,,,,,,F*,1_4,F*
274,2017/10/30,14:59:16,321,31710065,1,5,3,CHECK,0,0,1,2,3,1509343144,1,s,1,1,1,1,1,5,1,,,,,,,,,,F*,1_5,F*
275,2017/10/30,14:59:41,321,31710065,2,1,5,CHECK,0,0,1,2,3,1509343160,1,s,1,1,1,1,1,5,1,,,,,,,,,,,2_1,n
276,2017/10/30,14:59:54,321,31710065,2,2,3,CHECK,0,0,1,2,3,1509343182,1,s,1,1,1,1,1,5,1,,,,,,,,,,,2_2,n
277,2017/10/30,15:00:12,321,31710065,2,3,3,CHECK,0,0,1,2,3,1509343195,1,s,1,1,1,1,1,5,1,,,,,,,,,,F*,2_3,F*
278,2017/10/30,15:00:39,321,31710065,2,4,3,CHECK,0,0,1,2,3,1509343214,1,s,1,1,1,1,1,5,1,,,,,,,,,,F*,2_4,F*
279,2017/10/30,15:00:54,321,31710065,2,5,3,CHECK,0,0,1,2,3,1509343240,1,s,1,1,1,1,1,5,1,,,,,,,,,,F*,2_5,F*
280,2017/10/30,15:01:34,321,31710065,3,1,3,CHECK,0,0,1,2,3,1509343260,1,s,1,1,1,1,1,5,1,,,,,,,,,r,,3_1,r
281,2017/10/30,15:01:52,321,31710065,3,2,3,CHECK,0,0,1,2,3,1509343295,1,s,1,1,1,1,1,5,1,,,,,,,,,,,3_2,n
282,2017/10/30,15:02:12,341,31710065,3,3,3,CHECK,0,0,1,4,3,1509343313,1,f,0,0,1,0,1,2,1,,,,,,,,,,,3_3,n
283,2017/10/30,15:03:07,321,31710065,3,4,3,CHECK,0,0,1,2,3,1509343347,1,s,1,1,1,1,1,5,1,,,,,,,,s,,,3_4,s
284,2017/10/30,15:03:25,321,31710065,3,5,3,CHECK,0,0,1,2,3,1509343389,1,s,1,1,1,1,1,5,1,,,,,,,,s,,,3_5,s
285,2017/10/30,14:48:54,213,31710150,1,1,3,CHECK,0,0,3,1,2,1509342510,1,f,0,1,1,1,1,4,1,,,,,,,,,,,1_1,n
286,2017/10/30,14:49:34,324,31710150,1,2,3,CHECK,0,0,4,2,3,1509342545,1,f,0,1,0,1,1,3,1,,,,,,,,,,,1_2,n
287,2017/10/30,14:50:23,321,31710150,1,3,3,CHECK,0,0,1,2,3,1509342606,1,s,1,1,1,1,1,5,1,,,,,,,,,,,1_3,n
288,2017/10/30,14:50:47,321,31710150,1,4,3,CHECK,0,0,1,2,3,1509342624,1,s,1,1,1,1,1,5,1,,,,,,,,,,,1_4,n
289,2017/10/30,14:51:01,321,31710150,1,5,3,CHECK,0,0,1,2,3,1509342648,1,s,1,1,1,1,1,5,1,,,,,,,,,,,1_5,n
290,2017/10/30,14:51:34,321,31710150,2,1,5,CHECK,0,0,1,2,3,1509342664,1,s,1,1,1,1,1,5,1,,,,,,,,,r,,2_1,r
291,2017/10/30,14:51:47,321,31710150,2,2,3,CHECK,0,0,1,2,3,1509342695,1,s,1,1,1,1,1,5,1,,,,,,,,,,,2_2,n
292,2017/10/30,14:52:11,321,31710150,2,3,3,CHECK,0,0,1,2,3,1509342708,1,s,1,1,1,1,1,5,1,,,,,,,,,r,,2_3,r
293,2017/10/30,14:52:29,321,31710150,2,4,3,CHECK,0,0,1,2,3,1509342732,1,s,1,1,1,1,1,5,1,,,,,,,,,r,,2_4,r
294,2017/10/30,14:52:42,321,31710150,2,5,3,CHECK,0,0,1,2,3,1509342750,1,s,1,1,1,1,1,5,1,,,,,,,,,,,2_5,n
295,2017/10/30,14:53:08,534,31710150,3,1,5,CHECK,0,0,4,3,5,1509342765,1,f,0,0,1,1,1,3,1,,,,,,,,,,,3_1,n
296,2017/10/30,14:56:04,564,31710150,3,2,3,CHECK,0,0,4,6,5,1509342939,1,f,0,0,1,1,0,2,1,,,,,,,,,,,3_2,n
297,2017/10/30,14:57:57,341,31710150,3,3,5,CHECK,0,0,1,4,3,1509343058,1,f,0,0,1,0,1,2,1,,,,,,,,,r,,3_3,r
298,2017/10/30,14:58:39,345,31710150,3,4,3,CHECK,0,0,5,4,3,1509343097,1,f,0,0,1,1,1,3,1,,,,,,,,,,,3_4,n
299,2017/10/30,14:59:22,321,31710150,3,5,3,CHECK,0,0,1,2,3,1509343137,1,s,1,1,1,1,1,5,1,,,,,,,,,r,,3_5,r
300,2017/10/30,14:45:13,321,31710148,1,1,5,CHECK,0,0,1,2,3,1509342296,1,s,1,1,1,1,1,5,1,,,,,,,,,,,1_1,n
301,2017/10/30,14:45:34,321,31710148,1,2,3,CHECK,0,0,1,2,3,1509342314,1,s,1,1,1,1,1,5,1,,,,,,,,,,F*,1_2,F*
302,2017/10/30,14:45:52,321,31710148,1,3,3,CHECK,0,0,1,2,3,1509342335,1,s,1,1,1,1,1,5,1,,,,,,,,,,F*,1_3,F*
303,2017/10/30,14:46:06,321,31710148,1,4,3,CHECK,0,0,1,2,3,1509342353,1,s,1,1,1,1,1,5,1,,,,,,,,,,F*,1_4,F*
304,2017/10/30,14:46:21,321,31710148,1,5,3,CHECK,0,0,1,2,3,1509342370,1,s,1,1,1,1,1,5,1,,,,,,,,,,F*,1_5,F*
305,2017/10/30,14:46:47,321,31710148,2,1,5,CHECK,0,0,1,2,3,1509342385,1,s,1,1,1,1,1,5,1,,,,,,,,,,,2_1,n
306,2017/10/30,14:47:24,321,31710148,2,2,3,CHECK,0,0,1,2,3,1509342409,1,s,1,1,1,1,1,5,1,,,,,,,,,,,2_2,n
307,2017/10/30,14:47:35,321,31710148,2,3,3,CHECK,0,0,1,2,3,1509342444,1,s,1,1,1,1,1,5,1,,,,,,,,,,F*,2_3,F*
308,2017/10/30,14:47:49,321,31710148,2,4,3,CHECK,0,0,1,2,3,1509342455,1,s,1,1,1,1,1,5,1,,,,,,,,,,F*,2_4,F*
309,2017/10/30,14:48:04,421,31710148,2,5,3,CHECK,0,0,1,2,4,1509342470,1,f,0,1,0,1,1,3,1,,,,,,,,,,,2_5,n
310,2017/10/30,14:48:27,453,31710148,3,1,3,CHECK,0,0,3,5,4,1509342495,1,f,0,0,1,1,1,3,1,,,,,,,,,,F*,3_1,F*
311,2017/10/30,14:57:54,321,31710148,3,2,5,CHECK,0,0,1,2,3,1509343057,1,s,1,1,1,1,1,5,1,,,,,,,,,,,3_2,n
312,2017/10/30,14:58:08,321,31710148,3,3,3,CHECK,0,0,1,2,3,1509343075,1,s,1,1,1,1,1,5,1,,,,,,,,,,,3_3,n
313,2017/10/30,14:58:21,321,31710148,3,4,3,CHECK,0,0,1,2,3,1509343088,1,s,1,1,1,1,1,5,1,,,,,,,,,r,,3_4,r
314,2017/10/30,14:58:33,321,31710148,3,5,3,CHECK,0,0,1,2,3,1509343102,1,s,1,1,1,1,1,5,1,,,,,,,,,,,3_5,n
315,2017/10/30,14:18:03,321,31510058,1,1,3,CHECK,0,0,1,2,3,1509340556,1,s,1,1,1,1,1,5,1,,,,,,,,,,F*,1_1,F*
316,2017/10/30,14:18:50,321,31510058,1,2,3,CHECK,0,0,1,2,3,1509340683,1,s,1,1,1,1,1,5,1,,,,,,,,,,F*,1_2,F*
317,2017/10/30,14:18:58,321,31510058,1,3,3,CHECK,0,0,1,2,3,1509340731,1,s,1,1,1,1,1,5,1,,,,,,,,,,F*,1_3,F*
318,2017/10/30,14:19:54,321,31510058,1,4,3,CHECK,0,0,1,2,3,1509340739,1,s,1,1,1,1,1,5,1,,,,,,,,,,F*,1_4,F*
319,2017/10/30,14:20:00,321,31510058,1,5,3,CHECK,0,0,1,2,3,1509340794,1,s,1,1,1,1,1,5,1,,,,,,,,,,F*,1_5,F*
320,2017/10/30,14:20:11,321,31510058,2,1,3,CHECK,0,0,1,2,3,1509340803,1,s,1,1,1,1,1,5,1,,,,,,,,,,F*,2_1,F*
321,2017/10/30,14:21:19,341,31510058,2,2,3,CHECK,0,0,1,4,3,1509340812,1,f,0,0,1,0,1,2,1,,,,,,,,,,F*,2_2,F*
322,2017/10/30,14:21:48,321,31510058,2,3,3,CHECK,0,0,1,2,3,1509340883,1,s,1,1,1,1,1,5,1,,,,,,,,,,F*,2_3,F*
323,2017/10/30,14:22:32,321,31510058,2,4,3,CHECK,0,0,1,2,3,1509340908,1,s,1,1,1,1,1,5,1,,,,,,,,,,F*,2_4,F*
324,2017/10/30,14:22:44,321,31510058,2,5,3,CHECK,0,0,1,2,3,1509340953,1,s,1,1,1,1,1,5,1,,,,,,,,,,F*,2_5,F*
325,2017/10/30,14:24:05,453,31510058,3,1,7,CHECK,0,0,3,5,4,1509341032,1,f,0,0,1,1,1,3,1,,,,,,,,,,,3_1,n
326,2017/10/30,14:28:29,354,31510058,3,2,9,CHECK,0,0,4,5,3,1509341257,1,f,0,0,1,1,1,3,1,,,,,,,,,,,3_2,n
327,2017/10/30,14:31:12,354,31510058,3,3,3,CHECK,0,0,4,5,3,1509341332,1,f,0,0,1,1,1,3,1,,,,,,,,s,,,3_3,s
328,2017/10/30,14:31:34,321,31510058,3,4,3,CHECK,0,0,1,2,3,1509341481,1,s,1,1,1,1,1,5,1,,,,,,,,,r,,3_4,r
329,2017/10/30,14:31:43,621,31510058,3,5,5,CHECK,0,0,1,2,6,1509341494,1,f,1,1,1,1,0,4,1,,,,,,,,,r,,3_5,r
330,2017/10/30,14:38:38,321,31710046,1,1,5,CHECK,0,0,1,2,3,1509341889,1,s,1,1,1,1,1,5,1,,,,,,,,,,,1_1,n
331,2017/10/30,14:38:48,321,31710046,1,2,3,CHECK,0,0,1,2,3,1509341919,1,s,1,1,1,1,1,5,1,,,,,,,,,,F*,1_2,F*
332,2017/10/30,14:38:58,321,31710046,1,3,3,CHECK,0,0,1,2,3,1509341928,1,s,1,1,1,1,1,5,1,,,,,,,,,,F*,1_3,F*
333,2017/10/30,14:39:08,321,31710046,1,4,3,CHECK,0,0,1,2,3,1509341939,1,s,1,1,1,1,1,5,1,,,,,,,,,,F*,1_4,F*
334,2017/10/30,14:39:15,321,31710046,1,5,3,CHECK,0,0,1,2,3,1509341949,1,s,1,1,1,1,1,5,1,,,,,,,,,,F*,1_5,F*
335,2017/10/30,14:39:48,213,31710046,2,1,5,CHECK,0,0,3,1,2,1509341957,1,f,0,1,1,1,1,4,1,,,,,,,,,,,2_1,n
336,2017/10/30,14:40:00,321,31710046,2,2,3,CHECK,0,0,1,2,3,1509341993,1,s,1,1,1,1,1,5,1,,,,,,,,,,F*,2_2,F*
337,2017/10/30,14:40:07,321,31710046,2,3,3,CHECK,0,0,1,2,3,1509342000,1,s,1,1,1,1,1,5,1,,,,,,,,,,F*,2_3,F*
338,2017/10/30,14:40:19,421,31710046,2,4,3,CHECK,0,0,1,2,4,1509342008,1,f,0,1,0,1,1,3,1,,,,,,,,s,,,2_4,s
339,2017/10/30,14:40:40,321,31710046,2,5,3,CHECK,0,0,1,2,3,1509342031,1,s,1,1,1,1,1,5,1,,,,,,,,,,F*,2_5,F*
340,2017/10/30,14:41:01,164,31710046,3,1,3,CHECK,0,0,4,6,1,1509342042,1,f,0,0,1,0,0,1,1,,,,,,,,,,,3_1,n
341,2017/10/30,14:46:01,321,31710046,3,2,3,CHECK,0,0,1,2,3,1509342348,1,s,1,1,1,1,1,5,1,,,,,,,,,,,3_2,n
342,2017/10/30,14:46:13,321,31710046,3,3,3,CHECK,0,0,1,2,3,1509342361,1,s,1,1,1,1,1,5,1,,,,,,,,,,,3_3,n
343,2017/10/30,14:46:24,321,31710046,3,4,3,CHECK,0,0,1,2,3,1509342373,1,s,1,1,1,1,1,5,1,,,,,,,,,,,3_4,n
344,2017/10/30,14:46:34,321,31710046,3,5,5,CHECK,0,0,1,2,3,1509342385,1,s,1,1,1,1,1,5,1,,,,,,,,,,,3_5,n
345,2017/10/30,14:46:02,321,31710096,1,1,3,CHECK,0,0,1,2,3,1509342347,1,s,1,1,1,1,1,5,1,,,,,,,,,,F*,1_1,F*
346,2017/10/30,14:46:18,321,31710096,1,2,3,CHECK,0,0,1,2,3,1509342363,1,s,1,1,1,1,1,5,1,,,,,,,,,,F*,1_2,F*
347,2017/10/30,14:46:27,321,31710096,1,3,3,CHECK,0,0,1,2,3,1509342379,1,s,1,1,1,1,1,5,1,,,,,,,,,,F*,1_3,F*
348,2017/10/30,14:46:39,321,31710096,1,4,3,CHECK,0,0,1,2,3,1509342388,1,s,1,1,1,1,1,5,1,,,,,,,,,,F*,1_4,F*
349,2017/10/30,14:46:49,321,31710096,1,5,3,CHECK,0,0,1,2,3,1509342400,1,s,1,1,1,1,1,5,1,,,,,,,,,,F*,1_5,F*
350,2017/10/30,14:47:05,321,31710096,2,1,3,CHECK,0,0,1,2,3,1509342412,1,s,1,1,1,1,1,5,1,,,,,,,,,,F*,2_1,F*
351,2017/10/30,14:47:15,321,31710096,2,2,3,CHECK,0,0,1,2,3,1509342426,1,s,1,1,1,1,1,5,1,,,,,,,,,,F*,2_2,F*
352,2017/10/30,14:47:27,321,31710096,2,3,3,CHECK,0,0,1,2,3,1509342436,1,s,1,1,1,1,1,5,1,,,,,,,,,,F*,2_3,F*
353,2017/10/30,14:47:38,321,31710096,2,4,3,CHECK,0,0,1,2,3,1509342447,1,s,1,1,1,1,1,5,1,,,,,,,,,,F*,2_4,F*
354,2017/10/30,14:47:45,321,31710096,2,5,3,CHECK,0,0,1,2,3,1509342458,1,s,1,1,1,1,1,5,1,,,,,,,,,,F*,2_5,F*
355,2017/10/30,14:48:06,453,31710096,3,1,3,CHECK,0,0,3,5,4,1509342467,1,f,0,0,1,1,1,3,1,,,,,,,,,,F*,3_1,F*
356,2017/10/30,14:53:04,321,31710096,3,2,3,CHECK,0,0,1,2,3,1509342767,1,s,1,1,1,1,1,5,1,,,,,,,,s,,,3_2,s
357,2017/10/30,14:53:24,321,31710096,3,3,5,CHECK,0,0,1,2,3,1509342785,1,s,1,1,1,1,1,5,1,,,,,,,,s,,,3_3,s
358,2017/10/30,14:53:42,321,31710096,3,4,3,CHECK,0,0,1,2,3,1509342805,1,s,1,1,1,1,1,5,1,,,,,,,,s,,,3_4,s
359,2017/10/30,14:53:59,321,31710096,3,5,5,CHECK,0,0,1,2,3,1509342822,1,s,1,1,1,1,1,5,1,,,,,,,,s,,,3_5,s
360,2017/10/30,14:49:28,341,3161075,1,1,5,CHECK,0,0,1,4,3,1509342502,1,f,0,0,1,0,1,2,1,,,,,,,,,,,1_1,n
361,2017/10/30,14:49:52,321,3161075,1,2,3,CHECK,0,0,1,2,3,1509342581,1,s,1,1,1,1,1,5,1,,,,,,,,,,F*,1_2,F*
362,2017/10/30,14:50:05,321,3161075,1,3,3,CHECK,0,0,1,2,3,1509342593,1,s,1,1,1,1,1,5,1,,,,,,,,,,F*,1_3,F*
363,2017/10/30,14:50:22,321,3161075,1,4,3,CHECK,0,0,1,2,3,1509342606,1,s,1,1,1,1,1,5,1,,,,,,,,,r,,1_4,r
364,2017/10/30,14:50:32,321,3161075,1,5,3,CHECK,0,0,1,2,3,1509342623,1,s,1,1,1,1,1,5,1,,,,,,,,,r,,1_5,r
365,2017/10/30,14:50:44,321,3161075,2,1,3,CHECK,0,0,1,2,3,1509342634,1,s,1,1,1,1,1,5,1,,,,,,,,,r,,2_1,r
366,2017/10/30,14:50:55,321,3161075,2,2,3,CHECK,0,0,1,2,3,1509342644,1,s,1,1,1,1,1,5,1,,,,,,,,,r,,2_2,r
367,2017/10/30,14:51:07,321,3161075,2,3,3,CHECK,0,0,1,2,3,1509342656,1,s,1,1,1,1,1,5,1,,,,,,,,,r,,2_3,r
368,2017/10/30,14:51:17,321,3161075,2,4,3,CHECK,0,0,1,2,3,1509342667,1,s,1,1,1,1,1,5,1,,,,,,,,,r,,2_4,r
369,2017/10/30,14:51:26,321,3161075,2,5,3,CHECK,0,0,1,2,3,1509342677,1,s,1,1,1,1,1,5,1,,,,,,,,,r,,2_5,r
370,2017/10/30,14:54:51,321,3161075,3,1,3,CHECK,0,0,1,2,3,1509342858,1,s,1,1,1,1,1,5,1,,,,,,,,,r,,3_1,r
371,2017/10/30,14:55:03,321,3161075,3,2,5,CHECK,0,0,1,2,3,1509342891,1,s,1,1,1,1,1,5,1,,,,,,,,,,,3_2,n
372,2017/10/30,14:55:13,321,3161075,3,3,3,CHECK,0,0,1,2,3,1509342903,1,s,1,1,1,1,1,5,1,,,,,,,,,r,,3_3,r
373,2017/10/30,14:55:24,321,3161075,3,4,3,CHECK,0,0,1,2,3,1509342915,1,s,1,1,1,1,1,5,1,,,,,,,,,,,3_4,n
374,2017/10/30,14:55:32,321,3161075,3,5,3,CHECK,0,0,1,2,3,1509342925,1,s,1,1,1,1,1,5,1,,,,,,,,,,,3_5,n
375,2017/10/30,14:47:55,321,31610135,1,1,3,CHECK,0,0,1,2,3,1509342465,1,s,1,1,1,1,1,5,1,,,,,,,,,,F*,1_1,F*
376,2017/10/30,14:48:02,321,31610135,1,2,3,CHECK,0,0,1,2,3,1509342476,1,s,1,1,1,1,1,5,1,,,,,,,,,,F*,1_2,F*
377,2017/10/30,14:48:12,321,31610135,1,3,3,CHECK,0,0,1,2,3,1509342483,1,s,1,1,1,1,1,5,1,,,,,,,,,,F*,1_3,F*
378,2017/10/30,14:48:19,321,31610135,1,4,3,CHECK,0,0,1,2,3,1509342493,1,s,1,1,1,1,1,5,1,,,,,,,,,,F*,1_4,F*
379,2017/10/30,14:48:30,321,31610135,1,5,5,CHECK,0,0,1,2,3,1509342499,1,s,1,1,1,1,1,5,1,,,,,,,,,,F*,1_5,F*
380,2017/10/30,14:48:39,341,31610135,2,1,3,CHECK,0,0,1,4,3,1509342513,1,f,0,0,1,0,1,2,1,,,,,,,,,,F*,2_1,F*
381,2017/10/30,14:49:14,321,31610135,2,2,3,CHECK,0,0,1,2,3,1509342524,1,s,1,1,1,1,1,5,1,,,,,,,,,,F*,2_2,F*
382,2017/10/30,14:49:21,341,31610135,2,3,3,CHECK,0,0,1,4,3,1509342555,1,f,0,0,1,0,1,2,1,,,,,,,,,,F*,2_3,F*
383,2017/10/30,14:49:53,321,31610135,2,4,3,CHECK,0,0,1,2,3,1509342568,1,s,1,1,1,1,1,5,1,,,,,,,,,,F*,2_4,F*
384,2017/10/30,14:50:02,321,31610135,2,5,3,CHECK,0,0,1,2,3,1509342594,1,s,1,1,1,1,1,5,1,,,,,,,,,,F*,2_5,F*
385,2017/10/30,14:50:33,354,31610135,3,1,3,CHECK,0,0,4,5,3,1509342604,1,f,0,0,1,1,1,3,1,,,,,,,,,r,,3_1,r
386,2017/10/30,14:51:24,351,31610135,3,2,3,CHECK,0,0,1,5,3,1509342653,1,f,0,0,0,1,1,2,1,,,,,,,,s,,,3_2,s
387,2017/10/30,14:51:41,321,31610135,3,3,5,CHECK,0,0,1,2,3,1509342691,1,s,1,1,1,1,1,5,1,,,,,,,,,,,3_3,n
388,2017/10/30,14:51:50,321,31610135,3,4,3,CHECK,0,0,1,2,3,1509342702,1,s,1,1,1,1,1,5,1,,,,,,,,s,,,3_4,s
389,2017/10/30,14:52:01,321,31610135,3,5,3,CHECK,0,0,1,2,3,1509342711,1,s,1,1,1,1,1,5,1,,,,,,,,s,,,3_5,s
390,2017/10/30,14:42:29,321,31710002,1,1,3,CHECK,0,0,1,2,3,1509342136,1,s,1,1,1,1,1,5,1,,,,,,,,,,F*,1_1,F*
391,2017/10/30,14:42:38,321,31710002,1,2,3,CHECK,0,0,1,2,3,1509342150,1,s,1,1,1,1,1,5,1,,,,,,,,,,F*,1_2,F*
392,2017/10/30,14:42:49,621,31710002,1,3,3,CHECK,0,0,1,2,6,1509342159,1,f,1,1,1,1,0,4,1,,,,,,,,,,F*,1_3,F*
393,2017/10/30,14:43:23,321,31710002,1,4,5,CHECK,0,0,1,2,3,1509342176,1,s,1,1,1,1,1,5,1,,,,,,,,,r,,1_4,r
394,2017/10/30,14:43:44,321,31710002,1,5,3,CHECK,0,0,1,2,3,1509342204,1,s,1,1,1,1,1,5,1,,,,,,,,,,F*,1_5,F*
395,2017/10/30,14:44:36,321,31710002,2,1,3,CHECK,0,0,1,2,3,1509342227,1,s,1,1,1,1,1,5,1,,,,,,,,,,F*,2_1,F*
396,2017/10/30,14:44:50,321,31710002,2,2,5,CHECK,0,0,1,2,3,1509342276,1,s,1,1,1,1,1,5,1,,,,,,,,,,F*,2_2,F*
397,2017/10/30,14:45:01,321,31710002,2,3,3,CHECK,0,0,1,2,3,1509342291,1,s,1,1,1,1,1,5,1,,,,,,,,,,F*,2_3,F*
398,2017/10/30,14:45:15,321,31710002,2,4,3,CHECK,0,0,1,2,3,1509342302,1,s,1,1,1,1,1,5,1,,,,,,,,,,F*,2_4,F*
399,2017/10/30,14:45:28,321,31710002,2,5,3,CHECK,0,0,1,2,3,1509342316,1,s,1,1,1,1,1,5,1,,,,,,,,,,F*,2_5,F*
400,2017/10/30,14:53:35,453,31710002,3,1,7,CHECK,0,0,3,5,4,1509342770,1,f,0,0,1,1,1,3,1,,,,,,,,,,,3_1,n
401,2017/10/30,14:55:31,341,31710002,3,2,3,CHECK,0,0,1,4,3,1509342917,1,f,0,0,1,0,1,2,1,,,,,,,,,,,3_2,n
402,2017/10/30,14:55:59,321,31710002,3,3,7,CHECK,0,0,1,2,3,1509342940,1,s,1,1,1,1,1,5,1,,,,,,,,,,,3_3,n
403,2017/10/30,14:56:15,321,31710002,3,4,3,CHECK,0,0,1,2,3,1509342960,1,s,1,1,1,1,1,5,1,,,,,,,,s,,,3_4,s
404,2017/10/30,14:56:33,321,31710002,3,5,3,CHECK,0,0,1,2,3,1509342976,1,s,1,1,1,1,1,5,1,,,,,,,,s,,,3_5,s
405,2017/10/30,14:41:30,321,31610052,1,1,3,CHECK,0,0,1,2,3,1509342080,1,s,1,1,1,1,1,5,1,,,,,,,,,,F*,1_1,F*
406,2017/10/30,14:41:41,321,31610052,1,2,3,CHECK,0,0,1,2,3,1509342091,1,s,1,1,1,1,1,5,1,,,,,,,,,,F*,1_2,F*
407,2017/10/30,14:41:51,321,31610052,1,3,3,CHECK,0,0,1,2,3,1509342102,1,s,1,1,1,1,1,5,1,,,,,,,,,,F*,1_3,F*
408,2017/10/30,14:42:09,321,31610052,1,4,3,CHECK,0,0,1,2,3,1509342112,1,s,1,1,1,1,1,5,1,,,,,,,,,,F*,1_4,F*
409,2017/10/30,14:42:19,321,31610052,1,5,3,CHECK,0,0,1,2,3,1509342130,1,s,1,1,1,1,1,5,1,,,,,,,,,,F*,1_5,F*
410,2017/10/30,14:42:31,325,31610052,2,1,3,CHECK,0,0,5,2,3,1509342141,1,f,0,0,1,0,0,1,1,,,,,,,,,,F*,2_1,F*
411,2017/10/30,14:42:50,321,31610052,2,2,3,CHECK,0,0,1,2,3,1509342163,1,s,1,1,1,1,1,5,1,,,,,,,,,,F*,2_2,F*
412,2017/10/30,14:43:01,321,31610052,2,3,3,CHECK,0,0,1,2,3,1509342171,1,s,1,1,1,1,1,5,1,,,,,,,,,,F*,2_3,F*
413,2017/10/30,14:44:04,321,31610052,2,4,3,CHECK,0,0,1,2,3,1509342182,1,s,1,1,1,1,1,5,1,,,,,,,,,,F*,2_4,F*
414,2017/10/30,14:44:11,321,31610052,2,5,3,CHECK,0,0,1,2,3,1509342245,1,s,1,1,1,1,1,5,1,,,,,,,,,,F*,2_5,F*
415,2017/10/30,14:44:53,324,31610052,3,1,5,CHECK,0,0,4,2,3,1509342255,1,f,0,1,0,1,1,3,1,,,,,,,,,,,3_1,n
416,2017/10/30,14:45:16,321,31610052,3,2,3,CHECK,0,0,1,2,3,1509342300,1,s,1,1,1,1,1,5,1,,,,,,,,s,,,3_2,s
417,2017/10/30,14:45:30,321,31610052,3,3,5,CHECK,0,0,1,2,3,1509342316,1,s,1,1,1,1,1,5,1,,,,,,,,s,,,3_3,s
418,2017/10/30,14:45:43,314,31610052,3,4,3,CHECK,0,0,4,1,3,1509342331,1,f,0,0,1,0,1,2,1,,,,,,,,,,,3_4,n
419,2017/10/30,14:46:06,321,31610052,3,5,3,CHECK,0,0,1,2,3,1509342356,1,s,1,1,1,1,1,5,1,,,,,,,,s,,,3_5,s
420,2017/10/30,14:47:20,321,31710016,1,1,5,CHECK,0,0,1,2,3,1509342424,1,s,1,1,1,1,1,5,1,,,,,,,,,r,,1_1,r
421,2017/10/30,14:47:34,321,31710016,1,2,3,CHECK,0,0,1,2,3,1509342441,1,s,1,1,1,1,1,5,1,,,,,,,,,,F*,1_2,F*
422,2017/10/30,14:47:52,341,31710016,1,3,3,CHECK,0,0,1,4,3,1509342457,1,f,0,0,1,0,1,2,1,,,,,,,,,,,1_3,n
423,2017/10/30,14:49:03,321,31710016,1,4,3,CHECK,0,0,1,2,3,1509342485,1,s,1,1,1,1,1,5,1,,,,,,,,,,F*,1_4,F*
424,2017/10/30,14:49:19,321,31710016,1,5,3,CHECK,0,0,1,2,3,1509342544,1,s,1,1,1,1,1,5,1,,,,,,,,,,F*,1_5,F*
425,2017/10/30,14:49:38,345,31710016,2,1,3,CHECK,0,0,5,4,3,1509342563,1,f,0,0,1,1,1,3,1,,,,,,,,,,F*,2_1,F*
426,2017/10/30,14:50:18,321,31710016,2,2,3,CHECK,0,0,1,2,3,1509342595,1,s,1,1,1,1,1,5,1,,,,,,,,,,F*,2_2,F*
427,2017/10/30,14:50:44,321,31710016,2,3,5,CHECK,0,0,1,2,3,1509342619,1,s,1,1,1,1,1,5,1,,,,,,,,,,,2_3,n
428,2017/10/30,14:51:34,345,31710016,2,4,7,CHECK,0,0,5,4,3,1509342645,1,f,0,0,1,1,1,3,1,,,,,,,,,,,2_4,n
429,2017/10/30,14:52:07,321,31710016,2,5,3,CHECK,0,0,1,2,3,1509342709,1,s,1,1,1,1,1,5,1,,,,,,,,,,F*,2_5,F*
430,2017/10/30,14:52:34,253,31710016,3,1,3,CHECK,0,0,3,5,2,1509342730,1,f,0,0,1,0,0,1,1,,,,,,,,,,F*,3_1,F*
431,2017/10/30,15:38:20,321,31710016,3,2,3,CHECK,0,0,1,2,3,1509345474,1,s,1,1,1,1,1,5,1,,,,,,,,,,,3_2,n
432,2017/10/30,15:38:37,321,31710016,3,3,5,CHECK,0,0,1,2,3,1509345501,1,s,1,1,1,1,1,5,1,,,,,,,,,,,3_3,n
433,2017/10/30,15:38:56,321,31710016,3,4,3,CHECK,0,0,1,2,3,1509345518,1,s,1,1,1,1,1,5,1,,,,,,,,,,,3_4,n
434,2017/10/30,15:39:12,321,31710016,3,5,3,CHECK,0,0,1,2,3,1509345537,1,s,1,1,1,1,1,5,1,,,,,,,,,,,3_5,n
435,2017/10/30,14:37:49,321,31510156,1,1,7,CHECK,0,0,1,2,3,1509341847,1,s,1,1,1,1,1,5,1,,,,,,,,,,,1_1,n
436,2017/10/30,14:38:01,321,31510156,1,2,3,CHECK,0,0,1,2,3,1509341870,1,s,1,1,1,1,1,5,1,,,,,,,,,,F*,1_2,F*
437,2017/10/30,14:38:15,321,31510156,1,3,3,CHECK,0,0,1,2,3,1509341882,1,s,1,1,1,1,1,5,1,,,,,,,,,,F*,1_3,F*
438,2017/10/30,14:38:34,321,31510156,1,4,3,CHECK,0,0,1,2,3,1509341896,1,s,1,1,1,1,1,5,1,,,,,,,,,,F*,1_4,F*
439,2017/10/30,14:38:43,321,31510156,1,5,3,CHECK,0,0,1,2,3,1509341915,1,s,1,1,1,1,1,5,1,,,,,,,,,,F*,1_5,F*
440,2017/10/30,14:39:04,321,31510156,2,1,3,CHECK,0,0,1,2,3,1509341926,1,s,1,1,1,1,1,5,1,,,,,,,,,,F*,2_1,F*
441,2017/10/30,14:39:18,321,31510156,2,2,3,CHECK,0,0,1,2,3,1509341946,1,s,1,1,1,1,1,5,1,,,,,,,,,,F*,2_2,F*
442,2017/10/30,14:39:46,321,31510156,2,3,3,CHECK,0,0,1,2,3,1509341960,1,s,1,1,1,1,1,5,1,,,,,,,,,,F*,2_3,F*
443,2017/10/30,14:40:03,321,31510156,2,4,3,CHECK,0,0,1,2,3,1509341987,1,s,1,1,1,1,1,5,1,,,,,,,,,,F*,2_4,F*
444,2017/10/30,14:40:14,321,31510156,2,5,3,CHECK,0,0,1,2,3,1509342004,1,s,1,1,1,1,1,5,1,,,,,,,,,,F*,2_5,F*
445,2017/10/30,14:42:00,321,31510156,3,1,3,CHECK,0,0,1,2,3,1509342027,1,s,1,1,1,1,1,5,1,,,,,,,,s,,,3_1,s
446,2017/10/30,14:42:17,321,31510156,3,2,3,CHECK,0,0,1,2,3,1509342121,1,s,1,1,1,1,1,5,1,,,,,,,,,,,3_2,n
447,2017/10/30,14:43:06,621,31510156,3,3,3,CHECK,0,0,1,2,6,1509342138,1,f,1,1,1,1,0,4,1,,,,,,,,,,,3_3,n
448,2017/10/30,14:43:41,321,31510156,3,4,3,CHECK,0,0,1,2,3,1509342206,1,s,1,1,1,1,1,5,1,,,,,,,,s,,,3_4,s
449,2017/10/30,14:43:57,321,31510156,3,5,3,CHECK,0,0,1,2,3,1509342221,1,s,1,1,1,1,1,5,1,,,,,,,,s,,,3_5,s
450,2017/10/30,14:38:51,321,31610025,1,1,3,CHECK,0,0,1,2,3,1509341884,1,s,1,1,1,1,1,5,1,,,,,,,,,,,1_1,n
451,2017/10/30,14:39:22,321,31610025,1,2,3,CHECK,0,0,1,2,3,1509341932,1,s,1,1,1,1,1,5,1,,,,,,,,,r,,1_2,r
452,2017/10/30,14:39:33,321,31610025,1,3,3,CHECK,0,0,1,2,3,1509341963,1,s,1,1,1,1,1,5,1,,,,,,,,,r,,1_3,r
453,2017/10/30,14:39:42,321,31610025,1,4,3,CHECK,0,0,1,2,3,1509341974,1,s,1,1,1,1,1,5,1,,,,,,,,,,F*,1_4,F*
454,2017/10/30,14:39:56,321,31610025,1,5,3,CHECK,0,0,1,2,3,1509341983,1,s,1,1,1,1,1,5,1,,,,,,,,,,F*,1_5,F*
455,2017/10/30,14:40:11,321,31610025,2,1,3,CHECK,0,0,1,2,3,1509341999,1,s,1,1,1,1,1,5,1,,,,,,,,,,,2_1,n
456,2017/10/30,14:40:22,321,31610025,2,2,3,CHECK,0,0,1,2,3,1509342011,1,s,1,1,1,1,1,5,1,,,,,,,,,r,,2_2,r
457,2017/10/30,14:40:32,321,31610025,2,3,3,CHECK,0,0,1,2,3,1509342022,1,s,1,1,1,1,1,5,1,,,,,,,,,,,2_3,n
458,2017/10/30,14:40:50,321,31610025,2,4,3,CHECK,0,0,1,2,3,1509342033,1,s,1,1,1,1,1,5,1,,,,,,,,,r,,2_4,r
459,2017/10/30,14:41:01,321,31610025,2,5,3,CHECK,0,0,1,2,3,1509342051,1,s,1,1,1,1,1,5,1,,,,,,,,,,,2_5,n
460,2017/10/30,14:41:52,453,31610025,3,1,5,CHECK,0,0,3,5,4,1509342065,1,f,0,0,1,1,1,3,1,,,,,,,,,,,3_1,n
461,2017/10/30,14:43:14,321,31610025,3,2,3,CHECK,0,0,1,2,3,1509342180,1,s,1,1,1,1,1,5,1,,,,,,,,,,,3_2,n
462,2017/10/30,14:43:34,321,31610025,3,3,3,CHECK,0,0,1,2,3,1509342195,1,s,1,1,1,1,1,5,1,,,,,,,,,,,3_3,n
463,2017/10/30,14:43:50,321,31610025,3,4,3,CHECK,0,0,1,2,3,1509342215,1,s,1,1,1,1,1,5,1,,,,,,,,,,,3_4,n
464,2017/10/30,14:44:00,321,31610025,3,5,3,CHECK,0,0,1,2,3,1509342230,1,s,1,1,1,1,1,5,1,,,,,,,,s,,,3_5,s
465,2017/10/30,14:47:29,321,s31610023,1,1,3,CHECK,0,0,1,2,3,1509342439,1,s,1,1,1,1,1,5,1,,,,,,,,,,F*,1_1,F*
466,2017/10/30,14:47:41,321,s31610023,1,2,3,CHECK,0,0,1,2,3,1509342450,1,s,1,1,1,1,1,5,1,,,,,,,,,,F*,1_2,F*
467,2017/10/30,14:48:04,321,s31610023,1,3,5,CHECK,0,0,1,2,3,1509342461,1,s,1,1,1,1,1,5,1,,,,,,,,,,,1_3,n
468,2017/10/30,14:48:17,321,s31610023,1,4,3,CHECK,0,0,1,2,3,1509342485,1,s,1,1,1,1,1,5,1,,,,,,,,,r,,1_4,r
469,2017/10/30,14:48:29,321,s31610023,1,5,3,CHECK,0,0,1,2,3,1509342497,1,s,1,1,1,1,1,5,1,,,,,,,,,r,,1_5,r
470,2017/10/30,14:48:44,321,s31610023,2,1,5,CHECK,0,0,1,2,3,1509342512,1,s,1,1,1,1,1,5,1,,,,,,,,,,,2_1,n
471,2017/10/30,14:48:56,621,s31610023,2,2,3,CHECK,0,0,1,2,6,1509342528,1,f,1,1,1,1,0,4,1,,,,,,,,,,,2_2,n
472,2017/10/30,14:49:22,321,s31610023,2,3,5,CHECK,0,0,1,2,3,1509342547,1,s,1,1,1,1,1,5,1,,,,,,,,,,,2_3,n
473,2017/10/30,14:49:34,321,s31610023,2,4,3,CHECK,0,0,1,2,3,1509342563,1,s,1,1,1,1,1,5,1,,,,,,,,,r,,2_4,r
474,2017/10/30,14:49:43,321,s31610023,2,5,3,CHECK,0,0,1,2,3,1509342575,1,s,1,1,1,1,1,5,1,,,,,,,,,,,2_5,n
475,2017/10/30,14:50:00,354,s31610023,3,1,3,CHECK,0,0,4,5,3,1509342587,1,f,0,0,1,1,1,3,1,,,,,,,,,,,3_1,n
476,2017/10/30,14:53:01,321,s31610023,3,2,3,CHECK,0,0,1,2,3,1509342770,1,s,1,1,1,1,1,5,1,,,,,,,,,,,3_2,n
477,2017/10/30,14:53:15,325,s31610023,3,3,3,CHECK,0,0,5,2,3,1509342783,1,f,0,0,1,0,0,1,1,,,,,,,,,,,3_3,n
478,2017/10/30,14:54:13,321,s31610023,3,4,3,CHECK,0,0,1,2,3,1509342842,1,s,1,1,1,1,1,5,1,,,,,,,,s,,,3_4,s
479,2017/10/30,14:54:25,321,s31610023,3,5,3,CHECK,0,0,1,2,3,1509342854,1,s,1,1,1,1,1,5,1,,,,,,,,,,,3_5,n
480,2017/10/30,14:45:36,321,31710035,1,1,5,CHECK,0,0,1,2,3,1509342324,1,s,1,1,1,1,1,5,1,,,,,,,,,,,1_1,n
481,2017/10/30,14:45:47,321,31710035,1,2,3,CHECK,0,0,1,2,3,1509342337,1,s,1,1,1,1,1,5,1,,,,,,,,,,F*,1_2,F*
482,2017/10/30,14:45:56,321,31710035,1,3,3,CHECK,0,0,1,2,3,1509342347,1,s,1,1,1,1,1,5,1,,,,,,,,,,F*,1_3,F*
483,2017/10/30,14:46:16,321,31710035,1,4,3,CHECK,0,0,1,2,3,1509342356,1,s,1,1,1,1,1,5,1,,,,,,,,,,F*,1_4,F*
484,2017/10/30,14:46:29,321,31710035,1,5,3,CHECK,0,0,1,2,3,1509342376,1,s,1,1,1,1,1,5,1,,,,,,,,,,F*,1_5,F*
485,2017/10/30,14:46:46,321,31710035,2,1,3,CHECK,0,0,1,2,3,1509342392,1,s,1,1,1,1,1,5,1,,,,,,,,,,F*,2_1,F*
486,2017/10/30,14:46:55,321,31710035,2,2,3,CHECK,0,0,1,2,3,1509342407,1,s,1,1,1,1,1,5,1,,,,,,,,,,,2_2,n
487,2017/10/30,14:47:10,321,31710035,2,3,3,CHECK,0,0,1,2,3,1509342415,1,s,1,1,1,1,1,5,1,,,,,,,,,,F*,2_3,F*
488,2017/10/30,14:47:17,321,31710035,2,4,3,CHECK,0,0,1,2,3,1509342430,1,s,1,1,1,1,1,5,1,,,,,,,,,,,2_4,n
489,2017/10/30,14:47:24,321,31710035,2,5,3,CHECK,0,0,1,2,3,1509342438,1,s,1,1,1,1,1,5,1,,,,,,,,,,,2_5,n
490,2017/10/30,14:47:44,534,31710035,3,1,3,CHECK,0,0,4,3,5,1509342446,1,f,0,0,1,1,1,3,1,,,,,,,,,,,3_1,n
491,2017/10/30,14:49:07,321,31710035,3,2,3,CHECK,0,0,1,2,3,1509342533,1,s,1,1,1,1,1,5,1,,,,,,,,,,,3_2,n
492,2017/10/30,14:49:19,652,31710035,3,3,3,CHECK,0,0,2,5,6,1509342548,1,f,0,0,1,0,0,1,1,,,,,,,,,r,,3_3,r
493,2017/10/30,14:50:09,321,31710035,3,4,5,CHECK,0,0,1,2,3,1509342596,1,s,1,1,1,1,1,5,1,,,,,,,,,,,3_4,n
494,2017/10/30,14:50:33,321,31710035,3,5,5,CHECK,0,0,1,2,3,1509342610,1,s,1,1,1,1,1,5,1,,,,,,,,,,,3_5,n
495,2017/10/30,14:29:26,321,s31710105,1,1,3,CHECK,0,0,1,2,3,1509341353,1,s,1,1,1,1,1,5,1,,,,,,,,,,,1_1,n
496,2017/10/30,14:29:33,341,s31710105,1,2,3,CHECK,0,0,1,4,3,1509341367,1,f,0,0,1,0,1,2,1,,,,,,,,,,,1_2,n
497,2017/10/30,14:30:00,321,s31710105,1,3,3,CHECK,0,0,1,2,3,1509341385,1,s,1,1,1,1,1,5,1,,,,,,,,,,F*,1_3,F*
498,2017/10/30,14:30:13,321,s31710105,1,4,3,CHECK,0,0,1,2,3,1509341401,1,s,1,1,1,1,1,5,1,,,,,,,,,,,1_4,n
499,2017/10/30,14:30:19,321,s31710105,1,5,3,CHECK,0,0,1,2,3,1509341414,1,s,1,1,1,1,1,5,1,,,,,,,,,,F*,1_5,F*
500,2017/10/30,14:31:33,134,s31710105,2,1,9,CHECK,0,0,4,3,1,1509341455,1,f,0,0,1,0,1,2,1,,,,,,,,,r,,2_1,r
501,2017/10/30,14:33:08,321,s31710105,2,2,3,CHECK,0,0,1,2,3,1509341579,1,s,1,1,1,1,1,5,1,,,,,,,,,,F*,2_2,F*
502,2017/10/30,14:33:21,321,s31710105,2,3,5,CHECK,0,0,1,2,3,1509341589,1,s,1,1,1,1,1,5,1,,,,,,,,,r,,2_3,r
503,2017/10/30,14:33:35,321,s31710105,2,4,3,CHECK,0,0,1,2,3,1509341602,1,s,1,1,1,1,1,5,1,,,,,,,,,,F*,2_4,F*
504,2017/10/30,14:33:43,321,s31710105,2,5,3,CHECK,0,0,1,2,3,1509341616,1,s,1,1,1,1,1,5,1,,,,,,,,,,F*,2_5,F*
505,2017/10/30,14:34:03,453,s31710105,3,1,3,CHECK,0,0,3,5,4,1509341625,1,f,0,0,1,1,1,3,1,,,,,,,,,r,,3_1,r
506,2017/10/30,15:05:21,321,s31710105,3,2,5,CHECK,0,0,1,2,3,1509343513,1,s,1,1,1,1,1,5,1,,,,,,,,,r,,3_2,r
507,2017/10/30,15:05:31,621,s31710105,3,3,3,CHECK,0,0,1,2,6,1509343522,1,f,1,1,1,1,0,4,1,,,,,,,,,r,,3_3,r
508,2017/10/30,15:05:40,321,s31710105,3,4,3,CHECK,0,0,1,2,3,1509343534,1,s,1,1,1,1,1,5,1,,,,,,,,,r,,3_4,r
509,2017/10/30,15:05:52,541,s31710105,3,5,5,CHECK,0,0,1,4,5,1509343541,1,f,0,0,0,1,1,2,1,,,,,,,,,,,3_5,n
510,2017/10/30,14:43:47,321,31710145,1,1,3,CHECK,0,0,1,2,3,1509342200,1,s,1,1,1,1,1,5,1,,,,,,,,,,F*,1_1,F*
511,2017/10/30,14:44:04,321,31710145,1,2,3,CHECK,0,0,1,2,3,1509342228,1,s,1,1,1,1,1,5,1,,,,,,,,,,F*,1_2,F*
512,2017/10/30,14:44:16,321,31710145,1,3,3,CHECK,0,0,1,2,3,1509342245,1,s,1,1,1,1,1,5,1,,,,,,,,,,F*,1_3,F*
513,2017/10/30,14:44:32,321,31710145,1,4,3,CHECK,0,0,1,2,3,1509342257,1,s,1,1,1,1,1,5,1,,,,,,,,,,F*,1_4,F*
514,2017/10/30,14:44:42,321,31710145,1,5,3,CHECK,0,0,1,2,3,1509342272,1,s,1,1,1,1,1,5,1,,,,,,,,,,F*,1_5,F*
515,2017/10/30,14:45:06,321,31710145,2,1,5,CHECK,0,0,1,2,3,1509342284,1,s,1,1,1,1,1,5,1,,,,,,,,,,,2_1,n
516,2017/10/30,14:45:24,321,31710145,2,2,3,CHECK,0,0,1,2,3,1509342306,1,s,1,1,1,1,1,5,1,,,,,,,,,,,2_2,n
517,2017/10/30,14:45:44,321,31710145,2,3,5,CHECK,0,0,1,2,3,1509342325,1,s,1,1,1,1,1,5,1,,,,,,,,,,,2_3,n
518,2017/10/30,14:45:53,321,31710145,2,4,3,CHECK,0,0,1,2,3,1509342344,1,s,1,1,1,1,1,5,1,,,,,,,,,,,2_4,n
519,2017/10/30,14:46:03,321,31710145,2,5,3,CHECK,0,0,1,2,3,1509342354,1,s,1,1,1,1,1,5,1,,,,,,,,,,F*,2_5,F*
520,2017/10/30,14:46:20,453,31710145,3,1,3,CHECK,0,0,3,5,4,1509342365,1,f,0,0,1,1,1,3,1,,,,,,,,,,F*,3_1,F*
521,2017/10/30,15:05:36,123,31710145,3,2,3,CHECK,0,0,3,2,1,1509343521,1,f,0,1,1,1,1,4,1,,,,,,,,,r,,3_2,r
522,2017/10/30,15:06:08,321,31710145,3,3,3,CHECK,0,0,1,2,3,1509343555,1,s,1,1,1,1,1,5,1,,,,,,,,,r,,3_3,r
523,2017/10/30,15:06:20,321,31710145,3,4,3,CHECK,0,0,1,2,3,1509343569,1,s,1,1,1,1,1,5,1,,,,,,,,,r,,3_4,r
524,2017/10/30,15:06:33,321,31710145,3,5,3,CHECK,0,0,1,2,3,1509343580,1,s,1,1,1,1,1,5,1,,,,,,,,,r,,3_5,r
525,2017/10/30,14:46:12,321,s31710117,1,1,5,CHECK,0,0,1,2,3,1509342339,1,s,1,1,1,1,1,5,1,,,,,,,,,,,1_1,n
526,2017/10/30,14:46:25,341,s31710117,1,2,5,CHECK,0,0,1,4,3,1509342373,1,f,0,0,1,0,1,2,1,,,,,,,,,r,,1_2,r
527,2017/10/30,14:46:41,321,s31710117,1,3,3,CHECK,0,0,1,2,3,1509342389,1,s,1,1,1,1,1,5,1,,,,,,,,,,,1_3,n
528,2017/10/30,14:46:56,321,s31710117,1,4,3,CHECK,0,0,1,2,3,1509342401,1,s,1,1,1,1,1,5,1,,,,,,,,,,F*,1_4,F*
529,2017/10/30,14:47:04,321,s31710117,1,5,5,CHECK,0,0,1,2,3,1509342416,1,s,1,1,1,1,1,5,1,,,,,,,,,,,1_5,n
530,2017/10/30,14:47:15,321,s31710117,2,1,3,CHECK,0,0,1,2,3,1509342427,1,s,1,1,1,1,1,5,1,,,,,,,,,,,2_1,n
531,2017/10/30,14:47:24,321,s31710117,2,2,3,CHECK,0,0,1,2,3,1509342436,1,s,1,1,1,1,1,5,1,,,,,,,,,,,2_2,n
532,2017/10/30,14:47:45,321,s31710117,2,3,3,CHECK,0,0,1,2,3,1509342445,1,s,1,1,1,1,1,5,1,,,,,,,,,,,2_3,n
533,2017/10/30,14:47:54,321,s31710117,2,4,3,CHECK,0,0,1,2,3,1509342465,1,s,1,1,1,1,1,5,1,,,,,,,,,,F*,2_4,F*
534,2017/10/30,14:48:01,341,s31710117,2,5,3,CHECK,0,0,1,4,3,1509342474,1,f,0,0,1,0,1,2,1,,,,,,,,,,F*,2_5,F*
535,2017/10/30,14:48:32,352,s31710117,3,1,3,CHECK,0,0,2,5,3,1509342490,1,f,0,0,1,0,0,1,1,,,,,,,,,,,3_1,n
536,2017/10/30,14:54:04,341,s31710117,3,2,3,CHECK,0,0,1,4,3,1509342833,1,f,0,0,1,0,1,2,1,,,,,,,,,,,3_2,n
537,2017/10/30,14:54:36,321,s31710117,3,3,5,CHECK,0,0,1,2,3,1509342861,1,s,1,1,1,1,1,5,1,,,,,,,,,,,3_3,n
538,2017/10/30,14:54:46,321,s31710117,3,4,3,CHECK,0,0,1,2,3,1509342877,1,s,1,1,1,1,1,5,1,,,,,,,,,,,3_4,n
539,2017/10/30,14:54:56,321,s31710117,3,5,5,CHECK,0,0,1,2,3,1509342887,1,s,1,1,1,1,1,5,1,,,,,,,,,,,3_5,n
540,2017/10/30,14:41:18,321,31610097,1,1,3,CHECK,0,0,1,2,3,1509342069,1,s,1,1,1,1,1,5,1,,,,,,,,,,F*,1_1,F*
541,2017/10/30,14:41:28,321,31610097,1,2,3,CHECK,0,0,1,2,3,1509342079,1,s,1,1,1,1,1,5,1,,,,,,,,,,F*,1_2,F*
542,2017/10/30,14:41:37,321,31610097,1,3,3,CHECK,0,0,1,2,3,1509342089,1,s,1,1,1,1,1,5,1,,,,,,,,,,F*,1_3,F*
543,2017/10/30,14:42:00,321,31610097,1,4,5,CHECK,0,0,1,2,3,1509342098,1,s,1,1,1,1,1,5,1,,,,,,,,,,,1_4,n
544,2017/10/30,14:42:12,321,31610097,1,5,3,CHECK,0,0,1,2,3,1509342123,1,s,1,1,1,1,1,5,1,,,,,,,,,,F*,1_5,F*
545,2017/10/30,14:42:24,321,31610097,2,1,3,CHECK,0,0,1,2,3,1509342135,1,s,1,1,1,1,1,5,1,,,,,,,,,,F*,2_1,F*
546,2017/10/30,14:42:34,321,31610097,2,2,3,CHECK,0,0,1,2,3,1509342145,1,s,1,1,1,1,1,5,1,,,,,,,,,,F*,2_2,F*
547,2017/10/30,14:42:42,321,31610097,2,3,3,CHECK,0,0,1,2,3,1509342155,1,s,1,1,1,1,1,5,1,,,,,,,,,,F*,2_3,F*
548,2017/10/30,14:42:52,321,31610097,2,4,3,CHECK,0,0,1,2,3,1509342163,1,s,1,1,1,1,1,5,1,,,,,,,,,,F*,2_4,F*
549,2017/10/30,14:42:59,321,31610097,2,5,3,CHECK,0,0,1,2,3,1509342173,1,s,1,1,1,1,1,5,1,,,,,,,,,,F*,2_5,F*
550,2017/10/30,14:43:11,453,31610097,3,1,3,CHECK,0,0,3,5,4,1509342182,1,f,0,0,1,1,1,3,1,,,,,,,,,,F*,3_1,F*
551,2017/10/30,14:46:44,123,31610097,3,2,7,CHECK,0,0,3,2,1,1509342384,1,f,0,1,1,1,1,4,1,,,,,,,,,,,3_2,n
552,2017/10/30,14:47:29,123,31610097,3,3,5,CHECK,0,0,3,2,1,1509342434,1,f,0,1,1,1,1,4,1,,,,,,,,,,,3_3,n
553,2017/10/30,14:47:50,321,31610097,3,4,3,CHECK,0,0,1,2,3,1509342454,1,s,1,1,1,1,1,5,1,,,,,,,,,r,,3_4,r
554,2017/10/30,14:47:59,321,31610097,3,5,3,CHECK,0,0,1,2,3,1509342471,1,s,1,1,1,1,1,5,1,,,,,,,,,r,,3_5,r
555,2017/10/30,14:47:02,321,s31710111,1,1,3,CHECK,0,0,1,2,3,1509342413,1,s,1,1,1,1,1,5,1,,,,,,,,,,F*,1_1,F*
556,2017/10/30,14:47:11,321,s31710111,1,2,3,CHECK,0,0,1,2,3,1509342423,1,s,1,1,1,1,1,5,1,,,,,,,,,,F*,1_2,F*
557,2017/10/30,14:47:20,321,s31710111,1,3,3,CHECK,0,0,1,2,3,1509342432,1,s,1,1,1,1,1,5,1,,,,,,,,,,F*,1_3,F*
558,2017/10/30,14:47:31,321,s31710111,1,4,3,CHECK,0,0,1,2,3,1509342440,1,s,1,1,1,1,1,5,1,,,,,,,,,,F*,1_4,F*
559,2017/10/30,14:47:43,321,s31710111,1,5,3,CHECK,0,0,1,2,3,1509342452,1,s,1,1,1,1,1,5,1,,,,,,,,,,F*,1_5,F*
560,2017/10/30,14:48:00,321,s31710111,2,1,5,CHECK,0,0,1,2,3,1509342465,1,s,1,1,1,1,1,5,1,,,,,,,,,,,2_1,n
561,2017/10/30,14:48:15,321,s31710111,2,2,5,CHECK,0,0,1,2,3,1509342480,1,s,1,1,1,1,1,5,1,,,,,,,,,,,2_2,n
562,2017/10/30,14:48:29,321,s31710111,2,3,5,CHECK,0,0,1,2,3,1509342496,1,s,1,1,1,1,1,5,1,,,,,,,,,,F*,2_3,F*
563,2017/10/30,14:48:46,321,s31710111,2,4,5,CHECK,0,0,1,2,3,1509342509,1,s,1,1,1,1,1,5,1,,,,,,,,,,F*,2_4,F*
564,2017/10/30,14:49:05,321,s31710111,2,5,5,CHECK,0,0,1,2,3,1509342527,1,s,1,1,1,1,1,5,1,,,,,,,,,,,2_5,n
565,2017/10/30,14:49:24,453,s31710111,3,1,5,CHECK,0,0,3,5,4,1509342549,1,f,0,0,1,1,1,3,1,,,,,,,,,,F*,3_1,F*
566,2017/10/30,14:51:44,345,s31710111,3,2,3,CHECK,0,0,5,4,3,1509342655,1,f,0,0,1,1,1,3,1,,,,,,,,,,,3_2,n
567,2017/10/30,14:53:06,321,s31710111,3,3,3,CHECK,0,0,1,2,3,1509342775,1,s,1,1,1,1,1,5,1,,,,,,,,s,,,3_3,s
568,2017/10/30,14:54:00,321,s31710111,3,4,3,CHECK,0,0,1,2,3,1509342824,1,s,1,1,1,1,1,5,1,,,,,,,,,,,3_4,n
569,2017/10/30,14:54:07,321,s31710111,3,5,3,CHECK,0,0,1,2,3,1509342840,1,s,1,1,1,1,1,5,1,,,,,,,,,,,3_5,n
570,2017/10/30,14:48:47,321,s31710137,1,1,3,CHECK,0,0,1,2,3,1509342518,1,s,1,1,1,1,1,5,1,,,,,,,,,,F*,1_1,F*
571,2017/10/30,14:49:28,321,s31710137,1,2,3,CHECK,0,0,1,2,3,1509342552,1,s,1,1,1,1,1,5,1,,,,,,,,,,F*,1_2,F*
572,2017/10/30,14:49:36,321,s31710137,1,3,3,CHECK,0,0,1,2,3,1509342569,1,s,1,1,1,1,1,5,1,,,,,,,,,,F*,1_3,F*
573,2017/10/30,14:49:45,321,s31710137,1,4,3,CHECK,0,0,1,2,3,1509342577,1,s,1,1,1,1,1,5,1,,,,,,,,,,F*,1_4,F*
574,2017/10/30,14:49:53,321,s31710137,1,5,3,CHECK,0,0,1,2,3,1509342586,1,s,1,1,1,1,1,5,1,,,,,,,,,,F*,1_5,F*
575,2017/10/30,14:50:05,321,s31710137,2,1,3,CHECK,0,0,1,2,3,1509342596,1,s,1,1,1,1,1,5,1,,,,,,,,,,F*,2_1,F*
576,2017/10/30,14:50:12,321,s31710137,2,2,3,CHECK,0,0,1,2,3,1509342606,1,s,1,1,1,1,1,5,1,,,,,,,,,,F*,2_2,F*
577,2017/10/30,14:50:27,641,s31710137,2,3,5,CHECK,0,0,1,4,6,1509342613,1,f,0,0,1,0,0,1,1,,,,,,,,,,F*,2_3,F*
578,2017/10/30,14:51:16,321,s31710137,2,4,3,CHECK,0,0,1,2,3,1509342663,1,s,1,1,1,1,1,5,1,,,,,,,,,,,2_4,n
579,2017/10/30,14:51:24,321,s31710137,2,5,3,CHECK,0,0,1,2,3,1509342677,1,s,1,1,1,1,1,5,1,,,,,,,,,,,2_5,n
580,2017/10/30,14:51:42,324,s31710137,3,1,5,CHECK,0,0,4,2,3,1509342687,1,f,0,1,0,1,1,3,1,,,,,,,,,,,3_1,n
581,2017/10/30,14:52:11,321,s31710137,3,2,7,CHECK,0,0,1,2,3,1509342713,1,s,1,1,1,1,1,5,1,,,,,,,,,,,3_2,n
582,2017/10/30,14:52:22,321,s31710137,3,3,3,CHECK,0,0,1,2,3,1509342731,1,s,1,1,1,1,1,5,1,,,,,,,,,,,3_3,n
583,2017/10/30,14:52:32,321,s31710137,3,4,3,CHECK,0,0,1,2,3,1509342743,1,s,1,1,1,1,1,5,1,,,,,,,,s,,,3_4,s
584,2017/10/30,14:52:44,321,s31710137,3,5,7,CHECK,0,0,1,2,3,1509342753,1,s,1,1,1,1,1,5,1,,,,,,,,,,,3_5,n
585,2017/10/30,15:18:22,321,31710129,1,1,3,CHECK,0,0,1,2,3,1509344288,1,s,1,1,1,1,1,5,1,,,,,,,,,,F*,1_1,F*
586,2017/10/30,15:18:34,321,31710129,1,2,3,CHECK,0,0,1,2,3,1509344303,1,s,1,1,1,1,1,5,1,,,,,,,,,,F*,1_2,F*
587,2017/10/30,15:18:44,325,31710129,1,3,3,CHECK,0,0,5,2,3,1509344315,1,f,0,0,1,0,0,1,1,,,,,,,,,,F*,1_3,F*
588,2017/10/30,15:19:05,341,31710129,1,4,3,CHECK,0,0,1,4,3,1509344337,1,f,0,0,1,0,1,2,1,,,,,,,,,,F*,1_4,F*
589,2017/10/30,15:19:23,321,31710129,1,5,3,CHECK,0,0,1,2,3,1509344353,1,s,1,1,1,1,1,5,1,,,,,,,,,,F*,1_5,F*
590,2017/10/30,15:19:36,321,31710129,2,1,3,CHECK,0,0,1,2,3,1509344366,1,s,1,1,1,1,1,5,1,,,,,,,,,,F*,2_1,F*
591,2017/10/30,15:19:46,321,31710129,2,2,3,CHECK,0,0,1,2,3,1509344377,1,s,1,1,1,1,1,5,1,,,,,,,,,,F*,2_2,F*
592,2017/10/30,15:19:58,621,31710129,2,3,3,CHECK,0,0,1,2,6,1509344388,1,f,1,1,1,1,0,4,1,,,,,,,,,,F*,2_3,F*
593,2017/10/30,15:20:31,321,31710129,2,4,3,CHECK,0,0,1,2,3,1509344417,1,s,1,1,1,1,1,5,1,,,,,,,,,,F*,2_4,F*
594,2017/10/30,15:20:44,321,31710129,2,5,3,CHECK,0,0,1,2,3,1509344433,1,s,1,1,1,1,1,5,1,,,,,,,,,,F*,2_5,F*
595,2017/10/30,15:21:48,453,31710129,3,1,15,CHECK,0,0,3,5,4,1509344448,1,f,0,0,1,1,1,3,1,,,,,,,,,,,3_1,n
596,2017/10/30,15:22:34,321,31710129,3,2,3,CHECK,0,0,1,2,3,1509344538,1,s,1,1,1,1,1,5,1,,,,,,,,,r,,3_2,r
597,2017/10/30,15:23:07,321,31710129,3,3,3,CHECK,0,0,1,2,3,1509344555,1,s,1,1,1,1,1,5,1,,,,,,,,s,,,3_3,s
598,2017/10/30,15:23:22,321,31710129,3,4,3,CHECK,0,0,1,2,3,1509344588,1,s,1,1,1,1,1,5,1,,,,,,,,,r,,3_4,r
599,2017/10/30,15:23:34,321,31710129,3,5,3,CHECK,0,0,1,2,3,1509344603,1,s,1,1,1,1,1,5,1,,,,,,,,,,,3_5,n
600,2017/10/30,14:45:10,321,31710143,1,1,3,CHECK,0,0,1,2,3,1509342258,1,s,1,1,1,1,1,5,1,,,,,,,,,,F*,1_1,F*
601,2017/10/30,14:45:47,321,31710143,1,2,3,CHECK,0,0,1,2,3,1509342312,1,s,1,1,1,1,1,5,1,,,,,,,,,,F*,1_2,F*
602,2017/10/30,14:45:59,321,31710143,1,3,3,CHECK,0,0,1,2,3,1509342348,1,s,1,1,1,1,1,5,1,,,,,,,,,,F*,1_3,F*
603,2017/10/30,14:46:08,321,31710143,1,4,3,CHECK,0,0,1,2,3,1509342359,1,s,1,1,1,1,1,5,1,,,,,,,,,,F*,1_4,F*
604,2017/10/30,14:46:15,321,31710143,1,5,3,CHECK,0,0,1,2,3,1509342369,1,s,1,1,1,1,1,5,1,,,,,,,,,,F*,1_5,F*
605,2017/10/30,14:47:00,453,31710143,2,1,5,CHECK,0,0,3,5,4,1509342377,1,f,0,0,1,1,1,3,1,,,,,,,,,,,2_1,n
606,2017/10/30,14:47:28,321,31710143,2,2,3,CHECK,0,0,1,2,3,1509342437,1,s,1,1,1,1,1,5,1,,,,,,,,,,F*,2_2,F*
607,2017/10/30,14:47:38,321,31710143,2,3,3,CHECK,0,0,1,2,3,1509342448,1,s,1,1,1,1,1,5,1,,,,,,,,,,F*,2_3,F*
608,2017/10/30,14:47:51,321,31710143,2,4,3,CHECK,0,0,1,2,3,1509342459,1,s,1,1,1,1,1,5,1,,,,,,,,,,F*,2_4,F*
609,2017/10/30,14:48:01,321,31710143,2,5,3,CHECK,0,0,1,2,3,1509342471,1,s,1,1,1,1,1,5,1,,,,,,,,,,F*,2_5,F*
610,2017/10/30,14:49:39,354,31710143,3,1,9,CHECK,0,0,4,5,3,1509342484,1,f,0,0,1,1,1,3,1,,,,,,,,,,,3_1,n
611,2017/10/30,14:50:56,321,31710143,3,2,3,CHECK,0,0,1,2,3,1509342648,1,s,1,1,1,1,1,5,1,,,,,,,,s,,,3_2,s
612,2017/10/30,14:51:15,321,31710143,3,3,3,CHECK,0,0,1,2,3,1509342657,1,s,1,1,1,1,1,5,1,,,,,,,,s,,,3_3,s
613,2017/10/30,14:51:25,321,31710143,3,4,3,CHECK,0,0,1,2,3,1509342676,1,s,1,1,1,1,1,5,1,,,,,,,,s,,,3_4,s
614,2017/10/30,14:51:37,321,31710143,3,5,3,CHECK,0,0,1,2,3,1509342686,1,s,1,1,1,1,1,5,1,,,,,,,,s,,,3_5,s
615,2017/10/30,14:35:54,321,31510062,1,1,3,CHECK,0,0,1,2,3,1509341711,1,s,1,1,1,1,1,5,1,,,,,,,,,r,,1_1,r
616,2017/10/30,14:36:16,341,31510062,1,2,3,CHECK,0,0,1,4,3,1509341756,1,f,0,0,1,0,1,2,1,,,,,,,,,,F*,1_2,F*
617,2017/10/30,14:38:05,321,31510062,1,3,3,CHECK,0,0,1,2,3,1509341797,1,s,1,1,1,1,1,5,1,,,,,,,,,,F*,1_3,F*
618,2017/10/30,14:38:37,321,31510062,1,4,3,CHECK,0,0,1,2,3,1509341886,1,s,1,1,1,1,1,5,1,,,,,,,,,,F*,1_4,F*
619,2017/10/30,14:38:52,321,31510062,1,5,3,CHECK,0,0,1,2,3,1509341918,1,s,1,1,1,1,1,5,1,,,,,,,,,,F*,1_5,F*
620,2017/10/30,14:39:11,321,31510062,2,1,3,CHECK,0,0,1,2,3,1509341935,1,s,1,1,1,1,1,5,1,,,,,,,,,,F*,2_1,F*
621,2017/10/30,14:39:26,321,31510062,2,2,5,CHECK,0,0,1,2,3,1509341952,1,s,1,1,1,1,1,5,1,,,,,,,,,,F*,2_2,F*
622,2017/10/30,14:40:49,325,31510062,2,3,3,CHECK,0,0,5,2,3,1509341967,1,f,0,0,1,0,0,1,1,,,,,,,,,,F*,2_3,F*
623,2017/10/30,14:41:10,321,31510062,2,4,3,CHECK,0,0,1,2,3,1509342057,1,s,1,1,1,1,1,5,1,,,,,,,,,,F*,2_4,F*
624,2017/10/30,14:41:25,321,31510062,2,5,3,CHECK,0,0,1,2,3,1509342071,1,s,1,1,1,1,1,5,1,,,,,,,,,,F*,2_5,F*
625,2017/10/30,14:41:48,453,31510062,3,1,3,CHECK,0,0,3,5,4,1509342091,1,f,0,0,1,1,1,3,1,,,,,,,,,r,,3_1,r
626,2017/10/30,14:55:38,321,31510062,3,2,5,CHECK,0,0,1,2,3,1509342908,1,s,1,1,1,1,1,5,1,,,,,,,,,,,3_2,n
627,2017/10/30,14:55:56,341,31510062,3,3,3,CHECK,0,0,1,4,3,1509342942,1,f,0,0,1,0,1,2,1,,,,,,,,,,,3_3,n
628,2017/10/30,14:56:32,321,31510062,3,4,3,CHECK,0,0,1,2,3,1509342968,1,s,1,1,1,1,1,5,1,,,,,,,,,,,3_4,n
629,2017/10/30,14:57:13,321,31510062,3,5,3,CHECK,0,0,1,2,3,1509342993,1,s,1,1,1,1,1,5,1,,,,,,,,,,,3_5,n
630,2017/10/30,14:43:39,321,31710165,1,1,3,CHECK,0,0,1,2,3,1509342205,1,s,1,1,1,1,1,5,1,,,,,,,,,,F*,1_1,F*
631,2017/10/30,14:43:51,321,31710165,1,2,3,CHECK,0,0,1,2,3,1509342220,1,s,1,1,1,1,1,5,1,,,,,,,,,,F*,1_2,F*
632,2017/10/30,14:44:03,321,31710165,1,3,3,CHECK,0,0,1,2,3,1509342232,1,s,1,1,1,1,1,5,1,,,,,,,,,,F*,1_3,F*
633,2017/10/30,14:44:12,321,31710165,1,4,3,CHECK,0,0,1,2,3,1509342244,1,s,1,1,1,1,1,5,1,,,,,,,,,,F*,1_4,F*
634,2017/10/30,14:44:19,321,31710165,1,5,3,CHECK,0,0,1,2,3,1509342253,1,s,1,1,1,1,1,5,1,,,,,,,,,,F*,1_5,F*
635,2017/10/30,14:44:31,321,31710165,2,1,3,CHECK,0,0,1,2,3,1509342261,1,s,1,1,1,1,1,5,1,,,,,,,,,,F*,2_1,F*
636,2017/10/30,14:44:37,321,31710165,2,2,3,CHECK,0,0,1,2,3,1509342272,1,s,1,1,1,1,1,5,1,,,,,,,,,,F*,2_2,F*
637,2017/10/30,14:44:45,321,31710165,2,3,3,CHECK,0,0,1,2,3,1509342278,1,s,1,1,1,1,1,5,1,,,,,,,,,,F*,2_3,F*
638,2017/10/30,14:45:05,321,31710165,2,4,3,CHECK,0,0,1,2,3,1509342285,1,s,1,1,1,1,1,5,1,,,,,,,,,,F*,2_4,F*
639,2017/10/30,14:45:12,321,31710165,2,5,3,CHECK,0,0,1,2,3,1509342305,1,s,1,1,1,1,1,5,1,,,,,,,,,,,2_5,n
640,2017/10/30,14:45:35,354,31710165,3,1,5,CHECK,0,0,4,5,3,1509342314,1,f,0,0,1,1,1,3,1,,,,,,,,,,,3_1,n
641,2017/10/30,14:46:09,321,31710165,3,2,3,CHECK,0,0,1,2,3,1509342360,1,s,1,1,1,1,1,5,1,,,,,,,,,,,3_2,n
642,2017/10/30,14:46:31,321,31710165,3,3,9,CHECK,0,0,1,2,3,1509342370,1,s,1,1,1,1,1,5,1,,,,,,,,,r,,3_3,r
643,2017/10/30,14:46:41,321,31710165,3,4,5,CHECK,0,0,1,2,3,1509342392,1,s,1,1,1,1,1,5,1,,,,,,,,,,,3_4,n
644,2017/10/30,14:46:50,321,31710165,3,5,3,CHECK,0,0,1,2,3,1509342402,1,s,1,1,1,1,1,5,1,,,,,,,,,r,,3_5,r
645,2017/10/30,14:43:45,321,31710112,1,1,3,CHECK,0,0,1,2,3,1509342207,1,s,1,1,1,1,1,5,1,,,,,,,,,,F*,1_1,F*
646,2017/10/30,14:44:04,321,31710112,1,2,3,CHECK,0,0,1,2,3,1509342226,1,s,1,1,1,1,1,5,1,,,,,,,,,,F*,1_2,F*
647,2017/10/30,14:44:37,321,31710112,1,3,3,CHECK,0,0,1,2,3,1509342249,1,s,1,1,1,1,1,5,1,,,,,,,,,,F*,1_3,F*
648,2017/10/30,14:44:59,321,31710112,1,4,3,CHECK,0,0,1,2,3,1509342278,1,s,1,1,1,1,1,5,1,,,,,,,,,,F*,1_4,F*
649,2017/10/30,14:45:26,321,31710112,1,5,3,CHECK,0,0,1,2,3,1509342300,1,s,1,1,1,1,1,5,1,,,,,,,,,,F*,1_5,F*
650,2017/10/30,14:46:11,321,31710112,2,1,5,CHECK,0,0,1,2,3,1509342345,1,s,1,1,1,1,1,5,1,,,,,,,,,,,2_1,n
651,2017/10/30,14:46:26,321,31710112,2,2,3,CHECK,0,0,1,2,3,1509342372,1,s,1,1,1,1,1,5,1,,,,,,,,,,F*,2_2,F*
652,2017/10/30,14:46:44,321,31710112,2,3,3,CHECK,0,0,1,2,3,1509342387,1,s,1,1,1,1,1,5,1,,,,,,,,,,F*,2_3,F*
653,2017/10/30,14:47:07,321,31710112,2,4,3,CHECK,0,0,1,2,3,1509342405,1,s,1,1,1,1,1,5,1,,,,,,,,,,F*,2_4,F*
654,2017/10/30,14:47:22,321,31710112,2,5,3,CHECK,0,0,1,2,3,1509342428,1,s,1,1,1,1,1,5,1,,,,,,,,,,F*,2_5,F*
655,2017/10/30,14:48:49,354,31710112,3,1,3,CHECK,0,0,4,5,3,1509342444,1,f,0,0,1,1,1,3,1,,,,,,,,,,,3_1,n
656,2017/10/30,14:59:00,321,31710112,3,2,3,CHECK,0,0,1,2,3,1509343127,1,s,1,1,1,1,1,5,1,,,,,,,,,r,,3_2,r
657,2017/10/30,14:59:17,321,31710112,3,3,3,CHECK,0,0,1,2,3,1509343141,1,s,1,1,1,1,1,5,1,,,,,,,,,r,,3_3,r
658,2017/10/30,14:59:32,321,31710112,3,4,3,CHECK,0,0,1,2,3,1509343157,1,s,1,1,1,1,1,5,1,,,,,,,,,r,,3_4,r
659,2017/10/30,14:59:44,321,31710112,3,5,3,CHECK,0,0,1,2,3,1509343173,1,s,1,1,1,1,1,5,1,,,,,,,,,r,,3_5,r
660,2017/10/30,14:38:50,321,31710156,1,1,3,CHECK,0,0,1,2,3,1509341920,1,s,1,1,1,1,1,5,1,,,,,,,,,,F*,1_1,F*
661,2017/10/30,14:39:01,321,31710156,1,2,3,CHECK,0,0,1,2,3,1509341931,1,s,1,1,1,1,1,5,1,,,,,,,,,,F*,1_2,F*
662,2017/10/30,14:39:10,321,31710156,1,3,3,CHECK,0,0,1,2,3,1509341942,1,s,1,1,1,1,1,5,1,,,,,,,,,,F*,1_3,F*
663,2017/10/30,14:39:42,321,31710156,1,4,5,CHECK,0,0,1,2,3,1509341950,1,s,1,1,1,1,1,5,1,,,,,,,,,,,1_4,n
664,2017/10/30,14:39:54,321,31710156,1,5,3,CHECK,0,0,1,2,3,1509341983,1,s,1,1,1,1,1,5,1,,,,,,,,,,F*,1_5,F*
665,2017/10/30,14:40:10,321,31710156,2,1,3,CHECK,0,0,1,2,3,1509341996,1,s,1,1,1,1,1,5,1,,,,,,,,,r,,2_1,r
666,2017/10/30,14:40:17,321,31710156,2,2,3,CHECK,0,0,1,2,3,1509342011,1,s,1,1,1,1,1,5,1,,,,,,,,,,F*,2_2,F*
667,2017/10/30,14:40:26,321,31710156,2,3,3,CHECK,0,0,1,2,3,1509342018,1,s,1,1,1,1,1,5,1,,,,,,,,,,F*,2_3,F*
668,2017/10/30,14:40:33,425,31710156,2,4,3,CHECK,0,0,5,2,4,1509342027,1,f,0,0,0,0,0,0,1,,,,,,,,,r,,2_4,r
669,2017/10/30,14:40:49,321,31710156,2,5,3,CHECK,0,0,1,2,3,1509342041,1,s,1,1,1,1,1,5,1,,,,,,,,,,F*,2_5,F*
670,2017/10/30,14:46:53,453,31710156,3,1,3,CHECK,0,0,3,5,4,1509342392,1,f,0,0,1,1,1,3,1,,,,,,,,,,F*,3_1,F*
671,2017/10/30,14:53:44,321,31710156,3,2,3,CHECK,0,0,1,2,3,1509342815,1,s,1,1,1,1,1,5,1,,,,,,,,s,,,3_2,s
672,2017/10/30,14:53:56,321,31710156,3,3,3,CHECK,0,0,1,2,3,1509342824,1,s,1,1,1,1,1,5,1,,,,,,,,s,,,3_3,s
673,2017/10/30,14:54:11,321,31710156,3,4,3,CHECK,0,0,1,2,3,1509342837,1,s,1,1,1,1,1,5,1,,,,,,,,s,,,3_4,s
674,2017/10/30,14:54:20,321,31710156,3,5,3,CHECK,0,0,1,2,3,1509342852,1,s,1,1,1,1,1,5,1,,,,,,,,s,,,3_5,s
675,2017/10/30,14:45:54,321,31710086,1,1,3,CHECK,0,0,1,2,3,1509342337,1,s,1,1,1,1,1,5,1,,,,,,,,,r,,1_1,r
676,2017/10/30,14:46:04,321,31710086,1,2,3,CHECK,0,0,1,2,3,1509342355,1,s,1,1,1,1,1,5,1,,,,,,,,,,F*,1_2,F*
677,2017/10/30,14:46:17,321,31710086,1,3,3,CHECK,0,0,1,2,3,1509342365,1,s,1,1,1,1,1,5,1,,,,,,,,,,F*,1_3,F*
678,2017/10/30,14:46:33,321,31710086,1,4,3,CHECK,0,0,1,2,3,1509342378,1,s,1,1,1,1,1,5,1,,,,,,,,,,F*,1_4,F*
679,2017/10/30,14:46:48,321,31710086,1,5,3,CHECK,0,0,1,2,3,1509342394,1,s,1,1,1,1,1,5,1,,,,,,,,,,F*,1_5,F*
680,2017/10/30,14:47:05,321,31710086,2,1,3,CHECK,0,0,1,2,3,1509342410,1,s,1,1,1,1,1,5,1,,,,,,,,,,F*,2_1,F*
681,2017/10/30,14:47:18,321,31710086,2,2,3,CHECK,0,0,1,2,3,1509342426,1,s,1,1,1,1,1,5,1,,,,,,,,,,F*,2_2,F*
682,2017/10/30,14:47:42,321,31710086,2,3,3,CHECK,0,0,1,2,3,1509342439,1,s,1,1,1,1,1,5,1,,,,,,,,,,F*,2_3,F*
683,2017/10/30,14:48:02,321,31710086,2,4,3,CHECK,0,0,1,2,3,1509342463,1,s,1,1,1,1,1,5,1,,,,,,,,,,F*,2_4,F*
684,2017/10/30,14:48:16,321,31710086,2,5,3,CHECK,0,0,1,2,3,1509342482,1,s,1,1,1,1,1,5,1,,,,,,,,,,F*,2_5,F*
685,2017/10/30,14:49:38,345,31710086,3,1,5,CHECK,0,0,5,4,3,1509342499,1,f,0,0,1,1,1,3,1,,,,,,,,,,,3_1,n
686,2017/10/30,14:57:51,321,31710086,3,2,3,CHECK,0,0,1,2,3,1509343054,1,s,1,1,1,1,1,5,1,,,,,,,,s,,,3_2,s
687,2017/10/30,14:58:09,321,31710086,3,3,3,CHECK,0,0,1,2,3,1509343072,1,s,1,1,1,1,1,5,1,,,,,,,,s,,,3_3,s
688,2017/10/30,14:58:24,321,31710086,3,4,3,CHECK,0,0,1,2,3,1509343090,1,s,1,1,1,1,1,5,1,,,,,,,,s,,,3_4,s
689,2017/10/30,14:58:33,321,31710086,3,5,3,CHECK,0,0,1,2,3,1509343104,1,s,1,1,1,1,1,5,1,,,,,,,,s,,,3_5,s
690,2017/10/30,14:56:48,321,31610121,1,1,7,CHECK,0,0,1,2,3,1509342992,1,s,1,1,1,1,1,5,1,,,,,,,,,,,1_1,n
691,2017/10/30,14:56:57,321,31610121,1,2,3,CHECK,0,0,1,2,3,1509343009,1,s,1,1,1,1,1,5,1,,,,,,,,,,F*,1_2,F*
692,2017/10/30,14:57:15,321,31610121,1,3,3,CHECK,0,0,1,2,3,1509343018,1,s,1,1,1,1,1,5,1,,,,,,,,,,F*,1_3,F*
693,2017/10/30,14:57:28,321,31610121,1,4,3,CHECK,0,0,1,2,3,1509343036,1,s,1,1,1,1,1,5,1,,,,,,,,,,F*,1_4,F*
694,2017/10/30,14:57:37,321,31610121,1,5,3,CHECK,0,0,1,2,3,1509343049,1,s,1,1,1,1,1,5,1,,,,,,,,,,F*,1_5,F*
695,2017/10/30,14:57:47,321,31610121,2,1,3,CHECK,0,0,1,2,3,1509343060,1,s,1,1,1,1,1,5,1,,,,,,,,,,F*,2_1,F*
696,2017/10/30,14:57:58,321,31610121,2,2,3,CHECK,0,0,1,2,3,1509343068,1,s,1,1,1,1,1,5,1,,,,,,,,,,F*,2_2,F*
697,2017/10/30,14:58:14,325,31610121,2,3,5,CHECK,0,0,5,2,3,1509343078,1,f,0,0,1,0,0,1,1,,,,,,,,,r,,2_3,r
698,2017/10/30,14:58:35,321,31610121,2,4,3,CHECK,0,0,1,2,3,1509343103,1,s,1,1,1,1,1,5,1,,,,,,,,,,F*,2_4,F*
699,2017/10/30,14:58:49,321,31610121,2,5,3,CHECK,0,0,1,2,3,1509343116,1,s,1,1,1,1,1,5,1,,,,,,,,,,F*,2_5,F*
700,2017/10/30,14:59:08,534,31610121,3,1,5,CHECK,0,0,4,3,5,1509343132,1,f,0,0,1,1,1,3,1,,,,,,,,,,,3_1,n
701,2017/10/30,15:04:27,321,31610121,3,2,3,CHECK,0,0,1,2,3,1509343452,1,s,1,1,1,1,1,5,1,,,,,,,,s,,,3_2,s
702,2017/10/30,15:04:45,123,31610121,3,3,3,CHECK,0,0,3,2,1,1509343470,1,f,0,1,1,1,1,4,1,,,,,,,,,r,,3_3,r
703,2017/10/30,15:05:05,341,31610121,3,4,3,CHECK,0,0,1,4,3,1509343492,1,f,0,0,1,0,1,2,1,,,,,,,,,,,3_4,n
704,2017/10/30,15:05:36,123,31610121,3,5,3,CHECK,0,0,3,2,1,1509343526,1,f,0,1,1,1,1,4,1,,,,,,,,s,,,3_5,s
705,2017/10/30,14:31:16,341,31710074,1,1,3,CHECK,0,0,1,4,3,1509341440,1,f,0,0,1,0,1,2,1,,,,,,,,,,F*,1_1,F*
706,2017/10/30,14:32:53,321,31710074,1,2,3,CHECK,0,0,1,2,3,1509341557,1,s,1,1,1,1,1,5,1,,,,,,,,,,F*,1_2,F*
707,2017/10/30,14:33:06,321,31710074,1,3,3,CHECK,0,0,1,2,3,1509341574,1,s,1,1,1,1,1,5,1,,,,,,,,,,F*,1_3,F*
708,2017/10/30,14:33:28,321,31710074,1,4,3,CHECK,0,0,1,2,3,1509341587,1,s,1,1,1,1,1,5,1,,,,,,,,,,F*,1_4,F*
709,2017/10/30,14:33:47,321,31710074,1,5,3,CHECK,0,0,1,2,3,1509341609,1,s,1,1,1,1,1,5,1,,,,,,,,,,F*,1_5,F*
710,2017/10/30,14:34:24,321,31710074,2,1,7,CHECK,0,0,1,2,3,1509341629,1,s,1,1,1,1,1,5,1,,,,,,,,,,,2_1,n
711,2017/10/30,14:34:41,321,31710074,2,2,3,CHECK,0,0,1,2,3,1509341664,1,s,1,1,1,1,1,5,1,,,,,,,,,,F*,2_2,F*
712,2017/10/30,14:35:07,321,31710074,2,3,3,CHECK,0,0,1,2,3,1509341682,1,s,1,1,1,1,1,5,1,,,,,,,,,,F*,2_3,F*
713,2017/10/30,14:35:31,321,31710074,2,4,3,CHECK,0,0,1,2,3,1509341708,1,s,1,1,1,1,1,5,1,,,,,,,,,,F*,2_4,F*
714,2017/10/30,14:35:46,341,31710074,2,5,3,CHECK,0,0,1,4,3,1509341731,1,f,0,0,1,0,1,2,1,,,,,,,,,,F*,2_5,F*
715,2017/10/30,14:36:22,453,31710074,3,1,3,CHECK,0,0,3,5,4,1509341759,1,f,0,0,1,1,1,3,1,,,,,,,,,,F*,3_1,F*
716,2017/10/30,14:56:52,523,31710074,3,2,5,CHECK,0,0,3,2,5,1509343000,1,f,0,0,1,0,0,1,1,,,,,,,,,r,,3_2,r
717,2017/10/30,14:59:04,123,31710074,3,3,5,CHECK,0,0,3,2,1,1509343128,1,f,0,1,1,1,1,4,1,,,,,,,,,r,,3_3,r
718,2017/10/30,14:59:30,645,31710074,3,4,3,CHECK,0,0,5,4,6,1509343153,1,f,0,0,1,1,0,2,1,,,,,,,,,,,3_4,n
719,2017/10/30,15:00:07,341,31710074,3,5,3,CHECK,0,0,1,4,3,1509343195,1,f,0,0,1,0,1,2,1,,,,,,,,,,,3_5,n
720,2017/10/30,17:26:40,321,31710042,1,1,3,CHECK,0,0,1,2,3,1509351993,1,s,1,1,1,1,1,5,1,,,,,,,,,,F*,1_1,F*
721,2017/10/30,17:26:49,321,31710042,1,2,3,CHECK,0,0,1,2,3,1509352001,1,s,1,1,1,1,1,5,1,,,,,,,,,,F*,1_2,F*
722,2017/10/30,17:26:56,321,31710042,1,3,3,CHECK,0,0,1,2,3,1509352010,1,s,1,1,1,1,1,5,1,,,,,,,,,,F*,1_3,F*
723,2017/10/30,17:27:04,321,31710042,1,4,3,CHECK,0,0,1,2,3,1509352017,1,s,1,1,1,1,1,5,1,,,,,,,,,,F*,1_4,F*
724,2017/10/30,17:27:10,341,31710042,1,5,3,CHECK,0,0,1,4,3,1509352024,1,f,0,0,1,0,1,2,1,,,,,,,,,,,1_5,n
725,2017/10/30,17:27:30,321,31710042,2,1,5,CHECK,0,0,1,2,3,1509352042,1,s,1,1,1,1,1,5,1,,,,,,,,s,,,2_1,s
726,2017/10/30,17:27:36,321,31710042,2,2,3,CHECK,0,0,1,2,3,1509352050,1,s,1,1,1,1,1,5,1,,,,,,,,,,F*,2_2,F*
727,2017/10/30,17:27:44,321,31710042,2,3,3,CHECK,0,0,1,2,3,1509352057,1,s,1,1,1,1,1,5,1,,,,,,,,,,F*,2_3,F*
728,2017/10/30,17:27:51,321,31710042,2,4,3,CHECK,0,0,1,2,3,1509352064,1,s,1,1,1,1,1,5,1,,,,,,,,,,F*,2_4,F*
729,2017/10/30,17:27:58,321,31710042,2,5,3,CHECK,0,0,1,2,3,1509352072,1,s,1,1,1,1,1,5,1,,,,,,,,,,F*,2_5,F*
730,2017/10/30,17:28:12,321,31710042,3,1,5,CHECK,0,0,1,2,3,1509352080,1,s,1,1,1,1,1,5,1,,,,,,,,,,,3_1,n
731,2017/10/30,17:28:20,321,31710042,3,2,3,CHECK,0,0,1,2,3,1509352093,1,s,1,1,1,1,1,5,1,,,,,,,,s,,,3_2,s
732,2017/10/30,17:28:27,321,31710042,3,3,3,CHECK,0,0,1,2,3,1509352101,1,s,1,1,1,1,1,5,1,,,,,,,,,,,3_3,n
733,2017/10/30,17:28:36,321,31710042,3,4,3,CHECK,0,0,1,2,3,1509352108,1,s,1,1,1,1,1,5,1,,,,,,,,,,,3_4,n
734,2017/10/30,17:28:45,321,31710042,3,5,3,CHECK,0,0,1,2,3,1509352117,1,s,1,1,1,1,1,5,1,,,,,,,,s,,,3_5,s
